iata,name_en,name_ar,city_en,city_ar,country_en,country_ar,cc
AAA,Anaa Airport,Anaa Airport,Anaa,أنا,French Polynesia,بولينيزيا الفرنسية,PF
AAC,El Arish International Airport,مطار العريش الدولي,El Arish,العريش,Egypt,مصر,EG
AAE,Annaba Rabah Bitat Airport,مطار عنابة - رابح بيطاط,Annaba,عنابة,Algeria,الجزائر,DZ
AAK,Aranuka Airport,Aranuka Airport,Buariki,Buariki,Kiribati,كيريباتي,KI
AAL,Aalborg Airport,Aalborg Airport,Aalborg,آلبورغ,Denmark,الدنمارك,DK
AAN,Al Ain International Airport,مطار العين الدولي,Al Ain,العين,United Arab Emirates,الإمارات,AE
AAP,Aji Pangeran Tumenggung Pranoto International Airport,مطار ساماريندا الدولي,Samarinda,ساماريندا,Indonesia,إندونيسيا,ID
AAR,Aarhus Airport,Aarhus Airport,Aarhus,آرهوس,Denmark,الدنمارك,DK
AAT,Altay Xuedu Airport,مطار آلتاي شويدو,Altay,مدينة آلتاي,China,الصين,CN
AAX,Romeu Zema Airport,Romeu Zema Airport,Araxá,آراكسا,Brazil,البرازيل,BR
AAY,Al Ghaydah International Airport,مطار الغيضة,Al Ghaydah,الغيضة,Yemen,اليمن,YE
AAZ,Quezaltenango Airport,Quezaltenango Airport,Quezaltenango,كويتزالتنانغو,Guatemala,غواتيمالا,GT
ABA,Abakan International Airport,مطار أباكان,Abakan,أباكان,Russia,روسيا,RU
ABB,Asaba International Airport,مطار أسابا الدولي,Asaba,أسابا,Nigeria,نيجيريا,NG
ABD,Abadan Ayatollah Jami International Airport,مطار عبادان الدولي,Abadan,عبادان,Iran,إيران,IR
ABE,Lehigh Valley International Airport,Lehigh Valley International Airport,Allentown/Bethlehem,وادي ليهاي,United States,الولايات المتحدة,US
ABI,Abilene Regional Airport,Abilene Regional Airport,Abilene,أبيلين,United States,الولايات المتحدة,US
ABJ,Félix-Houphouët-Boigny International Airport,مطار فيليكس أوفوي بوانيي الدولي,Abidjan,أبيدجان,Côte d’Ivoire,ساحل العاج,CI
ABK,Kebri Dahar Airport,Kebri Dahar Airport,Kebri Dahar,قبردهر,Ethiopia,إثيوبيا,ET
ABL,Ambler Airport,Ambler Airport,Ambler,أمبلير,United States,الولايات المتحدة,US
ABM,Northern Peninsula Airport,Northern Peninsula Airport,Bamaga,باماغا,Australia,أستراليا,AU
ABQ,Albuquerque International Sunport,Albuquerque International Sunport,Albuquerque,ألباكركي,United States,الولايات المتحدة,US
ABR,Aberdeen Regional Airport,Aberdeen Regional Airport,Aberdeen,أبردين,United States,الولايات المتحدة,US
ABS,Abu Simbel Airport,مطار أبو سمبل,Abu Simbel,أبو سمبل,Egypt,مصر,EG
ABT,Al-Baha Airport,مطار الباحة,Al Baha,الباحة,Saudi Arabia,السعودية,SA
ABU,AA Bere Tallo (Haliwen) Airport,AA Bere Tallo (Haliwen) Airport,Atambua,أتامبوا,Indonesia,إندونيسيا,ID
ABV,Nnamdi Azikiwe International Airport,مطار نامدي أزيكيوي الدولي,Abuja,أبوجا,Nigeria,نيجيريا,NG
ABX,Albury Airport,مطار ألبوري,East Albury,ألبوري,Australia,أستراليا,AU
ABY,Southwest Georgia Regional Airport,Southwest Georgia Regional Airport,Albany,ألباني,United States,الولايات المتحدة,US
ABZ,Aberdeen International Airport,مطار أبردين,Aberdeen,أبردين,United Kingdom,المملكة المتحدة,GB
ACA,General Juan N. Álvarez International Airport,General Juan N. Álvarez International Airport,Acapulco,أكابولكو,Mexico,المكسيك,MX
ACC,Kotoka International Airport,مطار كوتوكا الدولي,Accra,أكرا,Ghana,غانا,GH
ACE,César Manrique-Lanzarote Airport,مطار لانزاروت,San Bartolomé,أريثيفي,Spain,إسبانيا,ES
ACF,Aral Tarim Airport,Aral Tarim Airport,Aral,بريزبان,China,الصين,CN
ACH,Sankt Gallen Altenrhein Airport,Sankt Gallen Altenrhein Airport,St. Gallen,سانت غالن,Switzerland,سويسرا,CH
ACI,Alderney Airport,Alderney Airport,Saint Anne,آلدرني,Guernsey,غيرنزي,GG
ACK,Nantucket Memorial Airport,Nantucket Memorial Airport,Nantucket,Nantucket,United States,الولايات المتحدة,US
ACT,Waco Regional Airport,Waco Regional Airport,Waco,واكو,United States,الولايات المتحدة,US
ACV,California Redwood Coast-Humboldt County Airport,California Redwood Coast-Humboldt County Airport,Arcata/Eureka,مقاطعة هومبولت,United States,الولايات المتحدة,US
ACX,Xingyi Wanfenglin Airport,مطار شينغي,Xingyi,شينغيي,China,الصين,CN
ACY,Atlantic City International Airport,Atlantic City International Airport,Atlantic City,أتلانتيك سيتي,United States,الولايات المتحدة,US
ADB,İzmir Adnan Menderes Airport,مطار إزمير عدنان مندريس,İzmir,إزمير,Türkiye,تركيا,TR
ADD,Addis Ababa Bole International Airport,مطار أديس أبابا بولي الدولي,Addis Ababa,أديس أبابا,Ethiopia,إثيوبيا,ET
ADE,Aden International Airport,مطار عدن الدولي,Aden,عدن,Yemen,اليمن,YE
ADF,Adıyaman Airport,مطار أديامان,Adıyaman,حصن منصور,Türkiye,تركيا,TR
ADJ,Marka International (Amman Civil) Airport,مطار مدينة عمان,Amman,عَمَّان,Jordan,الأردن,JO
ADK,Adak Airport,Adak Airport,Adak,جزيرة أداك,United States,الولايات المتحدة,US
ADL,Adelaide International Airport,مطار أديلايد,Adelaide,أديلايد,Australia,أستراليا,AU
ADQ,Kodiak Airport,Kodiak Airport,Kodiak,كودياك,United States,الولايات المتحدة,US
ADU,Ardabil Airport,Ardabil Airport,Ardabil,أردبيل,Iran,إيران,IR
ADZ,Gustavo Rojas Pinilla International Airport,مطار غوستافو روجاس بينيلا الدولي,San Andrés,سان أندريس,Colombia,كولومبيا,CO
AEB,Baise (Bose) Bama Airport,مطار يايسي باما,Baise (Tianyang),بايس,China,الصين,CN
AEP,Aeroparque Jorge Newbery,Aeroparque Jorge Newbery,Buenos Aires,بوينس آيرس,Argentina,الأرجنتين,AR
AER,Sochi International Airport,مطار سوتشي الدولي,Sochi,سوتشي,Russia,روسيا,RU
AES,Ålesund Airport,Ålesund Airport,Ålesund,أوليسوند,Norway,النرويج,NO
AET,Allakaket Airport,Allakaket Airport,Allakaket,ألاكاكيت,United States,الولايات المتحدة,US
AEU,Abu Musa Island Airport,مطار أبو موسى,Abu Musa,Abu Musa,Iran,إيران,IR
AEX,Alexandria International Airport,Alexandria International Airport,Alexandria,الإسكندرية,United States,الولايات المتحدة,US
AEY,Akureyri International Airport,Akureyri International Airport,Akureyri,أكوريري,Iceland,آيسلندا,IS
AFA,Suboficial Ay Santiago Germano Airport,Suboficial Ay Santiago Germano Airport,San Rafael,سان رافائيل,Argentina,الأرجنتين,AR
AFL,Piloto Osvaldo Marques Dias Airport,Piloto Osvaldo Marques Dias Airport,Alta Floresta,بلدية ألتا فلوريستا,Brazil,البرازيل,BR
AFZ,Sabzevar National Airport,Sabzevar National Airport,Sabzevar,سبزوار,Iran,إيران,IR
AGA,Agadir–Al Massira Airport,مطار أكادير المسيرة,Agadir,أكادير,Morocco,المغرب,MA
AGE,Wangerooge Airport,Wangerooge Airport,Wangerooge,Wangerooge,Germany,ألمانيا,DE
AGH,Ängelholm-Helsingborg Airport,Ängelholm-Helsingborg Airport,Ängelholm,أنجلهولم,Sweden,السويد,SE
AGI,Wageningen Airstrip,Wageningen Airstrip,Wageningen,Wageningen,Suriname,سورينام,SR
AGJ,Aguni Airport,Aguni Airport,Aguni,أغوني,Japan,اليابان,JP
AGP,Málaga–Costa del Sol Airport,مطار مالقة,Málaga,مالقة,Spain,إسبانيا,ES
AGR,Agra Airport / Agra Air Force Station,مطار أغرة,Agra,Agra,India,الهند,IN
AGS,Augusta Regional At Bush Field,Augusta Regional At Bush Field,Augusta,أوغستا,United States,الولايات المتحدة,US
AGT,Guaraní International Airport,Guaraní International Airport,Ciudad del Este,سيوداد ديل استي,Paraguay,باراغواي,PY
AGU,Aguascalientes International Airport,Aguascalientes International Airport,Aguascalientes,أغوسكلينتس,Mexico,المكسيك,MX
AGX,Agatti Airport,مطار أغاتي,Agatti,لكشديب,India,الهند,IN
AHA,Maa Mahamaya Airport,Maa Mahamaya Airport,Ambikapur,Ambikapur,India,الهند,IN
AHB,Abha International Airport,مطار أبها الدولي,Abha,أبها,Saudi Arabia,السعودية,SA
AHE,Ahe Airport,Ahe Airport,Ahe Atoll,Ahe Atoll,French Polynesia,بولينيزيا الفرنسية,PF
AHO,Alghero-Fertilia Airport,Alghero-Fertilia Airport,Alghero,ألغيرو,Italy,إيطاليا,IT
AHU,Cherif Al Idrissi Airport,مطار الحسيمة الشريف الإدريسي,Al Hoceima,الحسيمة,Morocco,المغرب,MA
AIA,Alliance Municipal Airport,Alliance Municipal Airport,Alliance,أليانس,United States,الولايات المتحدة,US
AIN,Wainwright Airport,Wainwright Airport,Wainwright,وينرايت,United States,الولايات المتحدة,US
AIP,Adampur Airport,Adampur Airport,Adampur,Adampur,India,الهند,IN
AIT,Aitutaki Airport,Aitutaki Airport,Aitutaki,أيتوتاكي,Cook Islands,جزر كوك,CK
AIU,Enua Airport,Enua Airport,Atiu Island,Atiu Island,Cook Islands,جزر كوك,CK
AJA,Ajaccio Napoléon Bonaparte airport,مطار أجاكسيو,Ajaccio,أجاكسيو,France,فرنسا,FR
AJF,Al-Jouf Airport,مطار الجوف,Sakaka,سكاكا,Saudi Arabia,السعودية,SA
AJI,Ağrı Airport,مطار أغري,Ağrı,أغرة,Türkiye,تركيا,TR
AJL,Lengpui Airport,Lengpui Airport,Aizawl (Lengpui),آيزاول,India,الهند,IN
AJN,Ouani Airport,مطار أواني,Ouani,أواني,Comoros,جزر القمر,KM
AJR,Arvidsjaur Airport,Arvidsjaur Airport,Arvidsjaur,بلدية آرفيدسياور,Sweden,السويد,SE
AJU,Aracaju - Santa Maria Airport,Aracaju - Santa Maria Airport,Aracaju,أراكاجو,Brazil,البرازيل,BR
AKA,Ankang Fuqiang Airport,Ankang Fuqiang Airport,Ankang (Hanbin),آنكانغ,China,الصين,CN
AKB,Atka Airport,Atka Airport,Atka,Atka,United States,الولايات المتحدة,US
AKF,Kufra Airport,مطار الكفرة,Kufra,الكفرة,Libya,ليبيا,LY
AKI,Akiak Airport,مطار أكياك,Akiak,أكياك,United States,الولايات المتحدة,US
AKJ,Asahikawa Airport,Asahikawa Airport,Higashikagura,أساهيكاوا,Japan,اليابان,JP
AKK,Akhiok Airport,Akhiok Airport,Akhiok,أكهيوك,United States,الولايات المتحدة,US
AKL,Auckland Airport,مطار أوكلاند,Auckland,أوكلاند,New Zealand,نيوزيلندا,NZ
AKN,King Salmon Airport,مطار الملك سالمون,King Salmon,King Salmon,United States,الولايات المتحدة,US
AKP,Anaktuvuk Pass Airport,Anaktuvuk Pass Airport,Anaktuvuk Pass,أناكتوفوك باس,United States,الولايات المتحدة,US
AKR,Akure Airport,Akure Airport,Akure,اكوري,Nigeria,نيجيريا,NG
AKS,Gwaunaru'u Airport,Gwaunaru'u Airport,Auki,Auki,Solomon Islands,جزر سليمان,SB
AKU,Aksu Hongqipo Airport,مطار أقسو هونغكيبو,Aksu (Onsu),أقسو,China,الصين,CN
AKV,Akulivik Airport,مطار أكوليفيك,Akulivik,أكوليفيك,Canada,كندا,CA
AKX,Aktobe International Airport,Aktobe International Airport,Aktobe,أكتوبي,Kazakhstan,كازاخستان,KZ
AKY,Sittwe Airport,Sittwe Airport,Sittwe,Sittwe,Myanmar (Burma),ميانمار (بورما),MM
ALA,Almaty International Airport,مطار ألماتي الدولي,Almaty,ألماتي,Kazakhstan,كازاخستان,KZ
ALB,Albany International Airport,Albany International Airport,Albany,ألباني,United States,الولايات المتحدة,US
ALC,Alicante-Elche Miguel Hernández Airport,مطار أليكانتي,Alicante,لقنت,Spain,إسبانيا,ES
ALF,Alta Airport,Alta Airport,Alta,ألتا,Norway,النرويج,NO
ALG,Houari Boumediene Airport,مطار هواري بومدين,Algiers,الجزائر,Algeria,الجزائر,DZ
ALH,Albany Airport,Albany Airport,Albany,ألباني,Australia,أستراليا,AU
ALO,Waterloo Regional Airport,Waterloo Regional Airport,Waterloo,واترلو,United States,الولايات المتحدة,US
ALP,Aleppo International Airport,مطار حلب الدولي,Aleppo,حلب,Syria,سوريا,SY
ALS,San Luis Valley Regional Airport/Bergman Field,San Luis Valley Regional Airport/Bergman Field,Alamosa,ألاموسا,United States,الولايات المتحدة,US
ALW,Walla Walla Regional Airport,Walla Walla Regional Airport,Walla Walla,والا والا,United States,الولايات المتحدة,US
AMA,Rick Husband Amarillo International Airport,Rick Husband Amarillo International Airport,Amarillo,أماريلو,United States,الولايات المتحدة,US
AMD,Ahmedabad International Airport,مطار أحمد آباد الدولي,Ahmedabad,أحمد آباد,India,الهند,IN
AMH,Arba Minch Airport,Arba Minch Airport,Arba Minch,آربا مينش,Ethiopia,إثيوبيا,ET
AMM,Queen Alia International Airport,مطار الملكة علياء الدولي,Amman,عمّان,Jordan,الأردن,JO
AMQ,Pattimura International Airport,مطار باتيمورا,Ambon,أمبون,Indonesia,إندونيسيا,ID
AMS,Amsterdam Airport Schiphol,مطار أمستردام سخيبول,Amsterdam,أمستردام,Netherlands,هولندا,NL
AMV,Amderma Airport,Amderma Airport,Amderma,أمديرما,Russia,روسيا,RU
ANC,Ted Stevens Anchorage International Airport,مطار تيد ستيفنز أنكوراج الدولي,Anchorage,أنكوريج,United States,الولايات المتحدة,US
ANF,Andrés Sabella Gálvez International Airport,Andrés Sabella Gálvez International Airport,Antofagasta,أنتوفاغاستا,Chile,تشيلي,CL
ANI,Aniak Airport,Aniak Airport,Aniak,أنياك,United States,الولايات المتحدة,US
ANR,Antwerp International Airport (Deurne),مطار أنتويرب,Antwerp,أنتويرب,Belgium,بلجيكا,BE
ANS,Andahuaylas Airport,Andahuaylas Airport,Andahuaylas,Andahuaylas,Peru,بيرو,PE
ANU,V. C. Bird International Airport,V. C. Bird International Airport,Osbourn,سانت جونز,Antigua & Barbuda,أنتيغوا وبربودا,AG
ANV,Anvik Airport,Anvik Airport,Anvik,Anvik,United States,الولايات المتحدة,US
ANX,"Andøya Airport, Andenes","Andøya Airport, Andenes",Andenes,Andenes,Norway,النرويج,NO
AOE,Hasan Polatkan Airport,مطار حسن بولاتكان,Eskişehir,إسكي شهر,Türkiye,تركيا,TR
AOG,Anshan Teng'ao Airport / Anshan Air Base,مطار آنشان تينغاو,Anshan,آنشان,China,الصين,CN
AOI,Marche Airport,Marche Airport,Falconara Marittima (AN),أنقونة,Italy,إيطاليا,IT
AOJ,Aomori Airport,Aomori Airport,Aomori,آوموري، آوموري,Japan,اليابان,JP
AOK,Karpathos Airport,Karpathos Airport,Karpathos Island,Karpathos Island,Greece,اليونان,GR
AOO,Altoona Blair County Airport,Altoona Blair County Airport,Altoona,ألتونا,United States,الولايات المتحدة,US
AOR,Sultan Abdul Halim Airport,Sultan Abdul Halim Airport,Alor Satar,قدح,Malaysia,ماليزيا,MY
APK,Apataki Airport,Apataki Airport,Apataki,Apataki,French Polynesia,بولينيزيا الفرنسية,PF
APL,Nampula Airport,مطار نامبولا,Nampula,نامبولا,Mozambique,موزمبيق,MZ
APN,Alpena County Regional Airport,Alpena County Regional Airport,Alpena,ألبينا,United States,الولايات المتحدة,US
APO,Antonio Roldán Betancur Airport,Antonio Roldán Betancur Airport,Carepa,أبارتادو,Colombia,كولومبيا,CO
APW,Faleolo International Airport,مطار فاليولو الدولي,Apia,أبيا,Samoa,ساموا,WS
AQA,Araraquara Airport,Araraquara Airport,Araraquara,أراراكوارا,Brazil,البرازيل,BR
AQG,Anqing Tianzhushan Airport / Anqing North Air Base,مطار أنقينج تيانزهوشان,Anqing,أنكينغ,China,الصين,CN
AQI,Al Qaisumah/Hafar Al-Batin Airport,مطار القيصومة/حفر الباطن,Hafar Al-Batin,حفر الباطن,Saudi Arabia,السعودية,SA
AQJ,King Hussein International Airport,مطار الملك الحسين الدولي,Aqaba,العقبة,Jordan,الأردن,JO
AQP,Rodríguez Ballón International Airport,Rodríguez Ballón International Airport,Arequipa,أريكيبا,Peru,بيرو,PE
ARC,Arctic Village Airport,Arctic Village Airport,Arctic Village,Arctic Village,United States,الولايات المتحدة,US
ARD,Alor Island - Mali Airport,Alor Island - Mali Airport,Kabola,Kabola,Indonesia,إندونيسيا,ID
ARH,Talagi Airport,مطار أرخانجيلسك,Archangelsk,أرخانغلسك,Russia,روسيا,RU
ARI,Chacalluta International Airport,Chacalluta International Airport,Arica,أريكا,Chile,تشيلي,CL
ARK,Arusha Airport,مطار أروشا,Arusha,أروشا,Tanzania,تنزانيا,TZ
ARM,Armidale Airport,مطار آرمدال,Armidale,آرمدال,Australia,أستراليا,AU
ARN,Stockholm Arlanda Airport,مطار ستوكهولم أرلاندا,Stockholm,ستوكهولم,Sweden,السويد,SE
ART,Watertown International Airport,Watertown International Airport,Watertown,واتيرتاون,United States,الولايات المتحدة,US
ARU,Araçatuba Airport,Araçatuba Airport,Araçatuba,أراساتوبا,Brazil,البرازيل,BR
ARW,Arad International Airport,مطار اراد الدولي,Arad,أراد,Romania,رومانيا,RO
ASB,Ashgabat International Airport,مطار عشق آباد الدولي,Ashgabat,عشق آباد,Turkmenistan,تركمانستان,TM
ASD,Andros Town Airport,Andros Town Airport,Andros Town,Andros Town,Bahamas,جزر البهاما,BS
ASE,Aspen-Pitkin County Airport (Sardy Field),Aspen-Pitkin County Airport (Sardy Field),Aspen,أسبن,United States,الولايات المتحدة,US
ASF,Astrakhan Narimanovo Boris M. Kustodiev International Airport,Astrakhan Narimanovo Boris M. Kustodiev International Airport,Astrakhan,أستراخان,Russia,روسيا,RU
ASI,RAF Ascension Island,RAF Ascension Island,Cat Hill,جورج تاون، جزيرة أسينشين,St. Helena,سانت هيلينا,SH
ASJ,Amami Airport,Amami Airport,Amami,أمامي,Japan,اليابان,JP
ASM,Asmara International Airport,مطار أسمرة الدولي,Asmara,أسمرة,Eritrea,إريتريا,ER
ASO,Asosa Airport,Asosa Airport,Asosa,أصوصة,Ethiopia,إثيوبيا,ET
ASP,Alice Springs Airport,Alice Springs Airport,Alice Springs,أليس سبرينغز,Australia,أستراليا,AU
ASR,Kayseri Erkilet International Airport,Kayseri Erkilet International Airport,Kayseri,قيصرية,Türkiye,تركيا,TR
ASU,Silvio Pettirossi International Airport,مطار سيلفيو بيتيروسي الدولي,Asunción,باراغواي,Paraguay,باراغواي,PY
ASV,Amboseli Airport,Amboseli Airport,Ol Tukai,Ol Tukai,Kenya,كينيا,KE
ASW,Aswan International Airport,مطار أسوان الدولي,Aswan,أسوان,Egypt,مصر,EG
ATC,Arthur's Town Airport,Arthur's Town Airport,Arthur's Town,Arthur's Town,Bahamas,جزر البهاما,BS
ATH,Athens International Airport,مطار أثينا الدولي,Athens,أثينا,Greece,اليونان,GR
ATK,Atqasuk Edward Burnell Sr Memorial Airport,Atqasuk Edward Burnell Sr Memorial Airport,Atqasuk,أتكيوسوك,United States,الولايات المتحدة,US
ATL,Hartsfield–Jackson Atlanta International Airport,مطار أتلانتا الدولي,Atlanta,أتلانتا,United States,الولايات المتحدة,US
ATM,Altamira Interstate Airport,Altamira Interstate Airport,Altamira,التاميرا,Brazil,البرازيل,BR
ATQ,Sri Guru Ram Das Ji International Airport,Sri Guru Ram Das Ji International Airport,Amritsar,أمرتسر,India,الهند,IN
ATT,Atmautluak Airport,Atmautluak Airport,Atmautluak,أتماوتلوك,United States,الولايات المتحدة,US
ATW,Appleton International Airport,Appleton International Airport,Appleton,أبلتون,United States,الولايات المتحدة,US
ATY,Watertown Regional Airport,Watertown Regional Airport,Watertown,ووترتاون,United States,الولايات المتحدة,US
ATZ,Asyut International Airport,مطار أسيوط الدولي,Asyut,أسيوط,Egypt,مصر,EG
AUA,Queen Beatrix International Airport,مطار الملكة بياتريس الدولي,Oranjestad,أورنجستاد,Aruba,أروبا,AW
AUC,Santiago Perez Airport,Santiago Perez Airport,Arauca,أروكا,Colombia,كولومبيا,CO
AUG,Augusta State Airport,Augusta State Airport,Augusta,أوغوستا,United States,الولايات المتحدة,US
AUH,Zayed International Airport,مطار زايد الدولي,Abu Dhabi,أبوظبي,United Arab Emirates,الإمارات,AE
AUK,Alakanuk Airport,Alakanuk Airport,Alakanuk,ألاكانوك,United States,الولايات المتحدة,US
AUL,Aur Island Airport,Aur Island Airport,Aur Atoll,Aur Atoll,Marshall Islands,جزر مارشال,MH
AUQ,Hiva Oa-Atuona Airport,Hiva Oa-Atuona Airport,Hiva Oa Island,Hiva Oa Island,French Polynesia,بولينيزيا الفرنسية,PF
AUR,Aurillac airport,Aurillac airport,Aurillac,أورياك,France,فرنسا,FR
AUS,Austin Bergstrom International Airport,مطار أوستن برغستروم الدولي,Austin,أوستن,United States,الولايات المتحدة,US
AUU,Aurukun Airport,Aurukun Airport,Aurukun,Aurukun,Australia,أستراليا,AU
AUX,Araguaína Airport,Araguaína Airport,Araguaína,أراغوينا,Brazil,البرازيل,BR
AVA,Anshun Huangguoshu Airport,مطار أنشهون هوانغشو,Anshun (Xixiu),أنشون,China,الصين,CN
AVK,Arvaikheer Airport,Arvaikheer Airport,Arvaikheer,Arvaikheer,Mongolia,منغوليا,MN
AVL,Asheville Regional Airport,Asheville Regional Airport,Asheville,آشفيل,United States,الولايات المتحدة,US
AVN,Avignon Caumont airport,Avignon Caumont airport,Avignon,أفنيون,France,فرنسا,FR
AVP,Wilkes-Barre/Scranton International Airport,Wilkes-Barre/Scranton International Airport,Wilkes-Barre/Scranton,ويلكس بار,United States,الولايات المتحدة,US
AVR,Amravati  Airport,Amravati  Airport,Amravati,أمرافاتي,India,الهند,IN
AVV,Melbourne Avalon International Airport,Melbourne Avalon International Airport,Geelong/Melbourne,ملبورن,Australia,أستراليا,AU
AWA,Hawassa International Airport,Hawassa International Airport,Hawassa,أواسا,Ethiopia,إثيوبيا,ET
AWK,Wake Island Airfield,Wake Island Airfield,Wake Island,Wake Island,U.S. Outlying Islands,جزر الولايات المتحدة النائية,UM
AWZ,Qasem Soleimani International Airport,مطار الأهواز الدولي,Ahvaz,الأهواز,Iran,إيران,IR
AXA,Clayton J. Lloyd International Airport,Clayton J. Lloyd International Airport,The Valley,ذا فالي,Anguilla,أنغويلا,AI
AXD,Alexandroupoli Democritus Airport,مطار الكسندروبوليس الدولي,Alexandroupolis,ألكسندروبولي,Greece,اليونان,GR
AXF,Alxa Left Banner Bayanhot Airport,مطار ألكسا لفت بانير بايانهوت,Bayanhot,آلشا ليغوي,China,الصين,CN
AXJ,Amakusa Airport,Amakusa Airport,Amakusa,أماكوسا,Japan,اليابان,JP
AXM,El Eden Airport,El Eden Airport,Armenia,أرمينيا,Colombia,كولومبيا,CO
AXP,Spring Point Airport,Spring Point Airport,Spring Point,Spring Point,Bahamas,جزر البهاما,BS
AXR,Arutua Airport,Arutua Airport,Arutua Airport,Arutua Airport,French Polynesia,بولينيزيا الفرنسية,PF
AXT,Akita Airport,Akita Airport,Akita,أكيتا,Japan,اليابان,JP
AXU,Axum Airport,Axum Airport,Axum,أكسوم,Ethiopia,إثيوبيا,ET
AYJ,Maharshi Valmiki International Airport,مطار فايز آباد,Faizabad,أيوديا,India,الهند,IN
AYP,Air Force Colonel Alfredo Mendivil Duarte Airport,Air Force Colonel Alfredo Mendivil Duarte Airport,Ayacucho,أياكوتشو,Peru,بيرو,PE
AYQ,Ayers Rock Connellan Airport,Ayers Rock Connellan Airport,Yulara,بولارا,Australia,أستراليا,AU
AYT,Antalya Airport,مطار أنطاليا,Antalya,أنطاليا,Türkiye,تركيا,TR
AZA,Mesa Gateway Airport,Mesa Gateway Airport,Mesa,فينيكس,United States,الولايات المتحدة,US
AZD,Shahid Sadooghi Airport,مطار يازد الدولي,Yazd,يزد,Iran,إيران,IR
AZN,Andijan International Airport,Andijan International Airport,Andijan,أنديجان,Uzbekistan,أوزبكستان,UZ
AZO,Kalamazoo/Battle Creek International Airport,Kalamazoo/Battle Creek International Airport,Kalamazoo,كالامازو,United States,الولايات المتحدة,US
AZR,Touat-Cheikh Sidi Mohamed Belkebir Airport,مطار أدرار - توات الشيخ سيدي محمد بن لكبير,Adrar,أدرار,Algeria,الجزائر,DZ
AZS,Samaná El Catey International Airport,Samaná El Catey International Airport,Samana,سمانا,Dominican Republic,جمهورية الدومينيكان,DO
BAH,Bahrain International Airport,مطار البحرين الدولي,Manama,المنامة,Bahrain,البحرين,BH
BAL,Batman Airport,مطار بطمان,Batman,بطمان,Türkiye,تركيا,TR
BAQ,Ernesto Cortissoz International Airport,Ernesto Cortissoz International Airport,Barranquilla,بارانكيا,Colombia,كولومبيا,CO
BAR,Qionghai Bo'ao Airport,مطار غيونغهاي بواو,Qionghai (Basuo),كيونغهاي,China,الصين,CN
BAS,Ballalae Airport,Ballalae Airport,Ballalae,Ballalae,Solomon Islands,جزر سليمان,SB
BAV,Baotou Donghe International Airport,مطار باوتو دونغي,Baotou,باوتو,China,الصين,CN
BAX,Barnaul Gherman Titov International Airport,Barnaul Gherman Titov International Airport,Barnaul,بارناول,Russia,روسيا,RU
BAY,Maramureș International Airport,مطار بايا ماري,Tăuții-Măgherăuș,بايا ماري,Romania,رومانيا,RO
BAZ,Barcelos Airport,مطار بارسيلوس,Barcelos,بارسيلوس (البرازيل),Brazil,البرازيل,BR
BBA,Balmaceda Airport,Balmaceda Airport,Balmaceda,كويهايكيو,Chile,تشيلي,CL
BBG,Butaritari Airport,Butaritari Airport,Butaritari,Butaritari,Kiribati,كيريباتي,KI
BBI,Biju Patnaik International Airport,Biju Patnaik International Airport,Bhubaneswar,بوبانسوار,India,الهند,IN
BBK,Kasane International Airport,Kasane International Airport,Kasane,كاساني,Botswana,بوتسوانا,BW
BBM,Battambang Airport,Battambang Airport,Battambang,باتامبانج,Cambodia,كمبوديا,KH
BBN,Bario Airport,Bario Airport,Bario,Bario,Malaysia,ماليزيا,MY
BBO,Berbera Airport,مطار بربرة,Berbera,بربرة,Somalia,الصومال,SO
BBQ,Burton-Nibbs International Airport,مطار باربودا كدرينغتون,Codrington,كودرينغتون,Antigua & Barbuda,أنتيغوا وبربودا,AG
BBR,Basse-Terre Baillif Airport,Basse-Terre Baillif Airport,Basse-Terre,باس-تير,Guadeloupe,غوادلوب,GP
BBU,Bucharest Băneasa Aurel Vlaicu International Airport,مطار أوريل فلايكو الدولي,Bucharest,بوخارست,Romania,رومانيا,RO
BCA,Gustavo Rizo Airport,Gustavo Rizo Airport,Baracoa,Baracoa,Cuba,كوبا,CU
BCD,Bacolod-Silay International Airport,مطار باكولود سلاي الدولي,Bacolod City,باكولود,Philippines,الفلبين,PH
BCH,Baucau Airport,Baucau Airport,Baucau,باكاو,Timor-Leste,تيمور - ليشتي,TL
BCI,Barcaldine Airport,Barcaldine Airport,Barcaldine,Barcaldine,Australia,أستراليا,AU
BCM,Bacău George Enescu International  Airport,Bacău George Enescu International  Airport,Bacău,باكاو,Romania,رومانيا,RO
BCN,Josep Tarradellas Barcelona–El Prat Airport,مطار برشلونة البرات,Barcelona,برشلونة,Spain,إسبانيا,ES
BCO,Jinka Airport,مطار باكو,Jinka,Jinka,Ethiopia,إثيوبيا,ET
BCU,Sir Abubakar Tafawa Balewa Bauchi State International Airport,مطار ولاية بوشي,Bauchi,باوتشي,Nigeria,نيجيريا,NG
BDA,L.F. Wade International Airport,مطار ل. ف. ويد الدولى,Hamilton,برمودا,Bermuda,برمودا,BM
BDB,Bundaberg Airport,Bundaberg Airport,Bundaberg,بوندابيرج,Australia,أستراليا,AU
BDD,Badu Island Airport,Badu Island Airport,Badu Island,Badu Island,Australia,أستراليا,AU
BDH,Bandar Lengeh International Airport,مطار بندر لنجة,Bandar Lengeh,بندر لنجة,Iran,إيران,IR
BDJ,Syamsudin Noor International Airport,مطار سيامس الدين نور الدولي,Banjarbaru,بنجاربارو,Indonesia,إندونيسيا,ID
BDL,Bradley International Airport,Bradley International Airport,Hartford,مقاطعة هامبدن,United States,الولايات المتحدة,US
BDO,Husein Sastranegara International Airport,مطار حسين سسترانيغارا,Bandung,باندونغ,Indonesia,إندونيسيا,ID
BDP,Bhadrapur Airport,Bhadrapur Airport,Bhadrapur,Bhadrapur,Nepal,نيبال,NP
BDQ,Vadodara International Airport,مطار فادودارا,Vadodara,فادودارا,India,الهند,IN
BDS,Brindisi Airport,Brindisi Airport,Brindisi,إبرندس,Italy,إيطاليا,IT
BDT,Gbadolite Airport,Gbadolite Airport,Gbadolite,Gbadolite,Congo - Kinshasa,الكونغو - كينشاسا,CD
BDU,Bardufoss Airport,Bardufoss Airport,Målselv,لينفيك,Norway,النرويج,NO
BEB,Benbecula Airport,Benbecula Airport,Balivanich,بنبكيولا,United Kingdom,المملكة المتحدة,GB
BED,Laurence G Hanscom Field,Laurence G Hanscom Field,Bedford,Bedford,United States,الولايات المتحدة,US
BEF,Bluefields Airport,Bluefields Airport,Bluefields,Bluefields,Nicaragua,نيكاراغوا,NI
BEG,Belgrade Nikola Tesla Airport,مطار بلغراد نيكولا تسلا,Belgrade,بلغراد,Serbia,صربيا,RS
BEJ,Kalimarau Airport,Kalimarau Airport,Tanjung Redeb - Borneo Island,Tanjung Redeb - Borneo Island,Indonesia,إندونيسيا,ID
BEK,Bareilly Air Force Station,مطار بريلي,Bareilly,Bareilly,India,الهند,IN
BEL,Val de Cans/Júlio Cezar Ribeiro International Airport,Val de Cans/Júlio Cezar Ribeiro International Airport,Belém,باستيل دي ناتا,Brazil,البرازيل,BR
BEM,Beni Mellal Airport,مطار بني ملال,Oulad Yaich,بني ملال,Morocco,المغرب,MA
BEN,Benina International Airport,مطار بنينا الدولي,Benina,بنينا,Libya,ليبيا,LY
BER,Berlin Brandenburg Airport,مطار برلين براندنبورغ,Berlin,برلين,Germany,ألمانيا,DE
BES,Brest Bretagne airport,مطار بريست,Brest,بريست,France,فرنسا,FR
BET,Bethel Airport,مطار بيثل,Bethel,بيثل,United States,الولايات المتحدة,US
BEU,Bedourie Airport,Bedourie Airport,Bedourie,Bedourie,Australia,أستراليا,AU
BEW,Beira International Airport,مطار بيرا,Beira,بيرا,Mozambique,موزمبيق,MZ
BEY,Beirut–Rafic Hariri International Airport,مطار بيروت رفيق الحريري الدولي,Beirut,بيروت,Lebanon,لبنان,LB
BFD,Bradford Regional Airport,Bradford Regional Airport,Bradford,برادفورد,United States,الولايات المتحدة,US
BFF,Western Neb. Rgnl/William B. Heilig Airport,Western Neb. Rgnl/William B. Heilig Airport,Scottsbluff,سكوتسبلوف,United States,الولايات المتحدة,US
BFI,King County International Airport - Boeing Field,بوينغ فيلد,Seattle,سياتل,United States,الولايات المتحدة,US
BFJ,Bijie Feixiong Airport,مطار بيجي فيشونغ,Bijie,بيجاي,China,الصين,CN
BFL,Meadows Field,Meadows Field,Bakersfield,بيكرسفيلد,United States,الولايات المتحدة,US
BFN,Bram Fischer International Airport,Bram Fischer International Airport,Bloemfontein,بلومفونتين,South Africa,جنوب أفريقيا,ZA
BFQ,Bahia Piña Airport,Bahia Piña Airport,Puerto Piña,Puerto Piña,Panama,بنما,PA
BFS,Belfast International Airport,مطار بلفاست الدولي,Belfast,بلفاست,United Kingdom,المملكة المتحدة,GB
BFV,Buri Ram Airport,Buri Ram Airport,Buriram,بوريرام,Thailand,تايلاند,TH
BFY,Bengbu Tenghu Airport,Bengbu Tenghu Airport,Bengbu,Bengbu,China,الصين,CN
BGA,Palonegro Airport,Palonegro Airport,Bucaramanga,بوكارامانغا,Colombia,كولومبيا,CO
BGC,Bragança Airport,Bragança Airport,Bragança,بَرغَنسة,Portugal,البرتغال,PT
BGF,Bangui M'Poko International Airport,مطار بانغي مبوكو الدولي,Bangui,بنغي,Central African Republic,جمهورية أفريقيا الوسطى,CF
BGG,Bingöl Airport,مطار بينكل,Bingöl,بنكل,Türkiye,تركيا,TR
BGI,Grantley Adams International Airport,Grantley Adams International Airport,Bridgetown,باربادوس,Barbados,بربادوس,BB
BGK,Big Creek Airport,Big Creek Airport,Big Creek,Big Creek,Belize,بليز,BZ
BGM,Greater Binghamton/Edwin A Link field,Greater Binghamton/Edwin A Link field,Binghamton,بينغامتون,United States,الولايات المتحدة,US
BGO,"Bergen Airport, Flesland","Bergen Airport, Flesland",Bergen,برغن,Norway,النرويج,NO
BGR,Bangor International Airport,Bangor International Airport,Bangor,بانجور,United States,الولايات المتحدة,US
BGW,Baghdad International Airport,مطار بغداد الدولي,Baghdad,بغداد,Iraq,العراق,IQ
BGY,Il Caravaggio International Airport,مطار أوريو أل سيريو,Orio al Serio (BG),برغامو,Italy,إيطاليا,IT
BHB,Hancock County-Bar Harbor Airport,Hancock County-Bar Harbor Airport,Bar Harbor,مقاطعة هانكوك,United States,الولايات المتحدة,US
BHD,George Best Belfast City Airport,مطار مدينة جورج بست بلفاست,Belfast,بلفاست,United Kingdom,المملكة المتحدة,GB
BHE,Woodbourne Airport,Woodbourne Airport,Blenheim,بلنهيم,New Zealand,نيوزيلندا,NZ
BHH,Bisha Airport,مطار بيشة,Bisha,بيشة,Saudi Arabia,السعودية,SA
BHI,Comandante Espora Airport,Comandante Espora Airport,Bahía Blanca,باهيا بلانكا,Argentina,الأرجنتين,AR
BHJ,Bhuj Airport,Bhuj Airport,Bhuj,بهوي,India,الهند,IN
BHK,Bukhara International Airport,مطار بخارى الدولي,Bukhara,بخارى,Uzbekistan,أوزبكستان,UZ
BHM,Birmingham-Shuttlesworth International Airport,Birmingham-Shuttlesworth International Airport,Birmingham,برمنغهام,United States,الولايات المتحدة,US
BHO,Raja Bhoj International Airport,Raja Bhoj International Airport,Bhopal,بوبال,India,الهند,IN
BHQ,Broken Hill Airport,Broken Hill Airport,Broken Hill,بروكن هيل,Australia,أستراليا,AU
BHR,Bharatpur Airport,Bharatpur Airport,Bharatpur,Bharatpur,Nepal,نيبال,NP
BHS,Bathurst Airport,Bathurst Airport,Bathurst,باثرست,Australia,أستراليا,AU
BHU,Bhavnagar Airport,مطار بهافا نجر,Bhavnagar,بهافا نجر,India,الهند,IN
BHV,Bahawalpur Airport,Bahawalpur Airport,Bahawalpur,بهاولبور,Pakistan,باكستان,PK
BHX,Birmingham Airport,مطار برمنغهام,Birmingham,برمنغهام,United Kingdom,المملكة المتحدة,GB
BHY,Beihai Fucheng Airport,مطار فوتشنغ بيهاي,Beihai,بيهاي,China,الصين,CN
BIA,Bastia-Poretta International airport,مطار بوريتا,Bastia,باستيا,France,فرنسا,FR
BID,Block Island State Airport,Block Island State Airport,Block Island,بلوك آيلاند,United States,الولايات المتحدة,US
BIH,Eastern Sierra Regional Airport,Eastern Sierra Regional Airport,Bishop,بيشوب,United States,الولايات المتحدة,US
BIK,Frans Kaisiepo Airport,مطار فرانس كايسيبو,Biak,جزيرة بياك,Indonesia,إندونيسيا,ID
BIL,Billings Logan International Airport,Billings Logan International Airport,Billings,بيلينغز,United States,الولايات المتحدة,US
BIM,South Bimini Airport,South Bimini Airport,South Bimini,بيميني,Bahamas,جزر البهاما,BS
BIO,Bilbao Airport,مطار بلباو,Bilbao,بلباو,Spain,إسبانيا,ES
BIQ,Biarritz Pays Basque airport,مطار بيارتس بلاد البشكنش,Biarritz,بياريتز,France,فرنسا,FR
BIR,Biratnagar Airport,Biratnagar Airport,Biratnagar,بيراتناغار,Nepal,نيبال,NP
BIS,Bismarck Municipal Airport,Bismarck Municipal Airport,Bismarck,بيسمارك,United States,الولايات المتحدة,US
BJA,Soummam–Abane Ramdane Airport,مطار بجاية - صومام - عبان رمضان,Béjaïa,بجاية,Algeria,الجزائر,DZ
BJB,Bojnord Airport,Bojnord Airport,Bojnord,Bojnord,Iran,إيران,IR
BJC,Rocky Mountain Metropolitan Airport,Rocky Mountain Metropolitan Airport,Denver,دنفر,United States,الولايات المتحدة,US
BJF,Båtsfjord Airport,Båtsfjord Airport,Båtsfjord,بوتسفيورد,Norway,النرويج,NO
BJL,Banjul International Airport,مطار بانجول الدولي,Banjul (Yundum),بانجول,Gambia,غامبيا,GM
BJM,Bujumbura Melchior Ndadaye International Airport,مطار بوجومبورا الدولي,Bujumbura,بوجومبورا,Burundi,بوروندي,BI
BJR,Bahir Dar Airport,Bahir Dar Airport,Bahir Dar,بحر دار,Ethiopia,إثيوبيا,ET
BJV,Milas–Bodrum Airport,مطار ميلاس بودروم,Bodrum,بودروم,Türkiye,تركيا,TR
BJX,Guanajuato International Airport,Guanajuato International Airport,Silao,ولاية غواناخواتو,Mexico,المكسيك,MX
BJZ,Badajoz Airport,Badajoz Airport,Badajoz,بطليوس,Spain,إسبانيا,ES
BKC,Buckland Airport,Buckland Airport,Buckland,باكلاند,United States,الولايات المتحدة,US
BKG,Branson Airport,Branson Airport,Branson,برانسون,United States,الولايات المتحدة,US
BKI,Kota Kinabalu International Airport,مطار كوتا كينابالو الدولي,Kota Kinabalu,كوتا كينابالو,Malaysia,ماليزيا,MY
BKK,Suvarnabhumi Airport,مطار سوفارنابومي,Bangkok,بانكوك,Thailand,تايلاند,TH
BKM,Bakalalan Airport,Bakalalan Airport,Bakalalan,Bakalalan,Malaysia,ماليزيا,MY
BKN,Balkanabat International Airport,Balkanabat International Airport,Balkanabat,Balkanabat,Turkmenistan,تركمانستان,TM
BKO,Modibo Keita International Airport,مطار باماكو موديبو كيتا الدولي,Bamako,باماكو,Mali,مالي,ML
BKQ,Blackall Airport,Blackall Airport,Blackall,Blackall,Australia,أستراليا,AU
BKS,Fatmawati Soekarno Airport,Fatmawati Soekarno Airport,Bengkulu,بنغكولو,Indonesia,إندونيسيا,ID
BKW,Raleigh County Memorial Airport,Raleigh County Memorial Airport,Beaver,بيكلي,United States,الولايات المتحدة,US
BKZ,Bukoba Airport,مطار بوكوبا,Bukoba,بوكوبا,Tanzania,تنزانيا,TZ
BLA,General José Antonio Anzoategui International Airport,General José Antonio Anzoategui International Airport,Barcelona,برشلونة، فنزويلا,Venezuela,فنزويلا,VE
BLB,Panamá Pacífico International Airport,Panamá Pacífico International Airport,Panamá City,Panamá City,Panama,بنما,PA
BLD,Boulder City Municipal Airport,Boulder City Municipal Airport,Boulder City,بولدر سيتي,United States,الولايات المتحدة,US
BLE,Dala Airport,Dala Airport,Borlange,Borlange,Sweden,السويد,SE
BLI,Bellingham International Airport,Bellingham International Airport,Bellingham,بيلينغام,United States,الولايات المتحدة,US
BLJ,Batna Mostefa Ben Boulaid Airport,مطار باتنة - مصطفى بن بولعيد,Batna,باتنة,Algeria,الجزائر,DZ
BLL,Billund Airport,Billund Airport,Billund,بيلوند,Denmark,الدنمارك,DK
BLQ,Bologna Guglielmo Marconi Airport,مطار بولونيا,Bologna,بولونيا,Italy,إيطاليا,IT
BLR,Kempegowda International Airport,مطار كيمبيغودا الدولي,Bengaluru,بنغالورو,India,الهند,IN
BLV,Scott AFB/Midamerica Airport,Scott AFB/Midamerica Airport,Belleville,بلفيل,United States,الولايات المتحدة,US
BLW,Beledweyne Airport,مطار بلد وين,Beledweyne,بلد وين,Somalia,الصومال,SO
BLZ,Chileka International Airport,Chileka International Airport,Blantyre,بلانتاير,Malawi,ملاوي,MW
BMA,Stockholm-Bromma Airport,مطار ستوكهولم بروما,Stockholm,ستوكهولم,Sweden,السويد,SE
BME,Broome International Airport,Broome International Airport,Broome,بروم,Australia,أستراليا,AU
BMI,Central Illinois Regional Airport at Bloomington-Normal,Central Illinois Regional Airport at Bloomington-Normal,Bloomington/Normal,بلومنغتون,United States,الولايات المتحدة,US
BMK,Borkum Airport,Borkum Airport,Borkum,بوركوم,Germany,ألمانيا,DE
BMO,Banmaw Airport,Banmaw Airport,Banmaw,بهامو,Myanmar (Burma),ميانمار (بورما),MM
BMR,Baltrum Airport,Baltrum Airport,Baltrum,Baltrum,Germany,ألمانيا,DE
BMU,Sultan Muhammad Salahuddin Airport,Sultan Muhammad Salahuddin Airport,Bima,بيما,Indonesia,إندونيسيا,ID
BMV,Buon Ma Thuot Airport,Buon Ma Thuot Airport,Buon Ma Thuot,بون ما توت,Vietnam,فيتنام,VN
BMW,Bordj Badji Mokhtar Airport,مطار برج باجي مختار,Bordj Badji Mokhtar,برج باجي مختار,Algeria,الجزائر,DZ
BMY,Île Art - Waala Airport,Île Art - Waala Airport,Waala,Waala,New Caledonia,كاليدونيا الجديدة,NC
BNA,Nashville International Airport,مطار ناشفيل الدولي,Nashville,ناشفيل,United States,الولايات المتحدة,US
BNB,Boende Airport,Boende Airport,Boende,بويندي,Congo - Kinshasa,الكونغو - كينشاسا,CD
BND,Bandar Abbas International Airport,مطار بندر عباس الدولي,Bandar Abbas,بندر عباس,Iran,إيران,IR
BNE,Brisbane Airport,مطار بريزبن,Brisbane,بريزبن,Australia,أستراليا,AU
BNI,Benin Airport,Benin Airport,Benin,بنين,Nigeria,نيجيريا,NG
BNK,Ballina Byron Gateway Airport,Ballina Byron Gateway Airport,Ballina,Ballina,Australia,أستراليا,AU
BNN,"Brønnøysund Airport, Brønnøy","Brønnøysund Airport, Brønnøy",Brønnøy,Brønnøy,Norway,النرويج,NO
BNS,Barinas Airport,Barinas Airport,Barinas,باريناس,Venezuela,فنزويلا,VE
BNX,Banja Luka International Airport,Banja Luka International Airport,Mahovljani,بانيا لوكا,Bosnia and Herzegovina,البوسنة والهرسك,BA
BNY,Bellona/Anua Airport,Bellona/Anua Airport,Anua,Anua,Solomon Islands,جزر سليمان,SB
BOB,Bora Bora Airport,مطار بورا بورا,Motu Mute,بورا بورا,French Polynesia,بولينيزيا الفرنسية,PF
BOC,"Bocas del Toro ""Isla Colón"" International Airport","Bocas del Toro ""Isla Colón"" International Airport",Isla Colón,بلدة بوكاس، بوكاس ديل تورو,Panama,بنما,PA
BOD,Bordeaux–Mérignac Airport,مطار بوردو ميرينياك,Bordeaux,بوردو,France,فرنسا,FR
BOG,El Dorado International Airport,مطار إلدورادو الدولي,Bogotá,بوغوتا,Colombia,كولومبيا,CO
BOH,Bournemouth Airport,مطار بورنموث,Bournemouth,بورنموث,United Kingdom,المملكة المتحدة,GB
BOI,Boise Air Terminal/Gowen Field,Boise Air Terminal/Gowen Field,Boise,بويسي,United States,الولايات المتحدة,US
BOJ,Burgas Airport,Burgas Airport,Burgas,برغاس,Bulgaria,بلغاريا,BG
BOM,Chhatrapati Shivaji Maharaj International Airport,مطار تشاتراباتي شيفاجي الدولي,Mumbai,مومباي,India,الهند,IN
BON,Flamingo International Airport,Flamingo International Airport,Kralendijk,بونير,Caribbean Netherlands,هولندا الكاريبية,BQ
BOO,Bodø Airport,Bodø Airport,Bodø,بودو,Norway,النرويج,NO
BOR,Bokeo International Airport,Bokeo International Airport,Ton Phueng,Ton Phueng,Laos,لاوس,LA
BOS,Boston Logan International Airport,مطار بوسطن لوغان الدولي,Boston,بوسطن,United States,الولايات المتحدة,US
BOT,Bosset Airport,Bosset Airport,Bosset,Bosset,Papua New Guinea,بابوا غينيا الجديدة,PG
BOY,Bobo Dioulasso Airport,Bobo Dioulasso Airport,Bobo Dioulasso,بوبوديولاسو,Burkina Faso,بوركينا فاسو,BF
BPE,Qinhuangdao Beidaihe Airport,مطار غينهوانغادو بيداهي,Qinhuangdao (Changli),تشنهوانغداو,China,الصين,CN
BPL,Bole Alashankou Airport,مطار بولي ألاشهانكو,Bole,بولي,China,الصين,CN
BPN,Sultan Aji Muhammad Sulaiman Sepinggan International Airport,Sultan Aji Muhammad Sulaiman Sepinggan International Airport,Balikpapan,باليكبابان,Indonesia,إندونيسيا,ID
BPS,Porto Seguro International Airport,Porto Seguro International Airport,Porto Seguro,بورتو سيجورو,Brazil,البرازيل,BR
BPT,Jack Brooks Regional Airport,Jack Brooks Regional Airport,Beaumont/Port Arthur,بومونت,United States,الولايات المتحدة,US
BPX,Qamdo Bangda Airport,مطار كامدو بامدا,Bangda,قامدو,China,الصين,CN
BPY,Besalampy Airport,Besalampy Airport,Besalampy,بيسالامبي,Madagascar,مدغشقر,MG
BQB,Busselton Margaret River Regional Airport,Busselton Margaret River Regional Airport,Busselton,بوسلتون,Australia,أستراليا,AU
BQG,Bogorodskoye Airport,Bogorodskoye Airport,Bogorodskoye,Bogorodskoye,Russia,روسيا,RU
BQJ,Batagay Airport,Batagay Airport,Batagay,باتاغاي,Russia,روسيا,RU
BQK,Brunswick Golden Isles Airport,Brunswick Golden Isles Airport,Brunswick,برونزويك,United States,الولايات المتحدة,US
BQL,Boulia Airport,Boulia Airport,Boulia Airport,Boulia Airport,Australia,أستراليا,AU
BQN,Rafael Hernández International Airport,Rafael Hernández International Airport,Aguadilla,Aguadilla,Puerto Rico,بورتوريكو,PR
BQS,Ignatyevo Airport,Ignatyevo Airport,Blagoveschensk,بلاغوفيشتشينسك,Russia,روسيا,RU
BQT,Brest International Airport,مطار برست,Brest,Brest,Belarus,بيلاروس,BY
BQU,J F Mitchell Airport,J F Mitchell Airport,Bequia,Bequia,St. Vincent & Grenadines,سانت فنسنت وجزر غرينادين,VC
BRA,Dom Ricardo Weberberger Airport,Dom Ricardo Weberberger Airport,Barreiras,باريراس,Brazil,البرازيل,BR
BRC,Teniente Luis Candelaria International Airport,Teniente Luis Candelaria International Airport,San Carlos de Bariloche,باريلوتشي,Argentina,الأرجنتين,AR
BRD,Brainerd Lakes Regional Airport,Brainerd Lakes Regional Airport,Brainerd,برينرد,United States,الولايات المتحدة,US
BRE,Bremen Airport,مطار بريمن,Bremen,بريمن,Germany,ألمانيا,DE
BRI,Bari Karol Wojtyła International Airport,مطار باري كارل فويتيالا,Bari,باري,Italy,إيطاليا,IT
BRK,Bourke Airport,Bourke Airport,Bourke Airport,بورك,Australia,أستراليا,AU
BRL,Southeast Iowa Regional Airport,Southeast Iowa Regional Airport,Burlington,برلنغتون,United States,الولايات المتحدة,US
BRM,Jacinto Lara International Airport,Jacinto Lara International Airport,Barquisimeto,باركيسيميتو,Venezuela,فنزويلا,VE
BRN,Bern Airport,Bern Airport,Bern,برن,Switzerland,سويسرا,CH
BRO,Brownsville South Padre Island International Airport,Brownsville South Padre Island International Airport,Brownsville,براونزفيل,United States,الولايات المتحدة,US
BRQ,Brno-Tuřany Airport,Brno-Tuřany Airport,Brno,برنو,Czechia,التشيك,CZ
BRR,Barra Airport,مطار بارا,Eoligarry,Eoligarry,United Kingdom,المملكة المتحدة,GB
BRS,Bristol Airport,مطار بريستول,Bristol,برستل,United Kingdom,المملكة المتحدة,GB
BRU,Brussels Airport,مطار بروكسل,Brussels,بروكسل,Belgium,بلجيكا,BE
BRW,Wiley Post Will Rogers Memorial Airport,Wiley Post Will Rogers Memorial Airport,Utqiaġvik,Utqiaġvik,United States,الولايات المتحدة,US
BRX,Maria Montez International Airport,Maria Montez International Airport,Barahona,باراهونا,Dominican Republic,جمهورية الدومينيكان,DO
BSA,Bender Qassim International Airport,مطار بوصاصو,Bosaso,بوصاصو,Somalia,الصومال,SO
BSB,Presidente Juscelino Kubitschek International Airport,مطار برازيليا الدولي,Brasília,برازيليا,Brazil,البرازيل,BR
BSC,José Celestino Mutis Airport,José Celestino Mutis Airport,Bahía Solano,Bahía Solano,Colombia,كولومبيا,CO
BSD,Baoshan Yunrui Airport,مطار بوشان يوندوان,Baoshan (Longyang),بواشان,China,الصين,CN
BSG,Bata International Airport,Bata International Airport,Bata,Bata,Equatorial Guinea,غينيا الاستوائية,GQ
BSK,Biskra - Mohamed Khider Airport,مطار بسكرة - محمد خيضر,Biskra,بسكرة,Algeria,الجزائر,DZ
BSL,EuroAirport Basel–Mulhouse–Freiburg,مطار بازل ميلوز فريبورغ الأوروبي,Bâle / Mulhouse,بازل,France,فرنسا,FR
BSO,Basco Airport,مطار باسكو,Basco,Basco,Philippines,الفلبين,PH
BSR,Basra International Airport,مطار البصرة الدولي,Basra,البصرة,Iraq,العراق,IQ
BSX,Pathein Airport,Pathein Airport,Pathein,Pathein,Myanmar (Burma),ميانمار (بورما),MM
BSZ,Manas International Airport,مطار مناس الدولي,Bishkek,بيشكك,Kyrgyzstan,قيرغيزستان,KG
BTC,Batticaloa International Airport,Batticaloa International Airport,Batticaloa,باتيكالوا,Sri Lanka,سريلانكا,LK
BTH,Hang Nadim International Airport,مطار هانغ نديم الدولي,Batam,باتام,Indonesia,إندونيسيا,ID
BTI,Barter Island Long Range Radar Station Airport,Barter Island Long Range Radar Station Airport,Barter Island,Barter Island,United States,الولايات المتحدة,US
BTJ,Sultan Iskandar Muda International Airport,مطار السلطان اسكندر مودا الدولي,Banda Aceh,بندة آجة,Indonesia,إندونيسيا,ID
BTK,Bratsk Airport,Bratsk Airport,Bratsk,براتسك,Russia,روسيا,RU
BTM,Bert Mooney Airport,Bert Mooney Airport,Butte,بوتي,United States,الولايات المتحدة,US
BTR,Baton Rouge Metropolitan Airport,Baton Rouge Metropolitan Airport,Baton Rouge,باتون روج,United States,الولايات المتحدة,US
BTS,M. R. Štefánik Airport,مطار براتيسلافا الدولي,Bratislava,براتيسلافا,Slovakia,سلوفاكيا,SK
BTT,Bettles Airport,Bettles Airport,Bettles,بيتليز,United States,الولايات المتحدة,US
BTU,Bintulu Airport,Bintulu Airport,Bintulu,Bintulu,Malaysia,ماليزيا,MY
BTV,Patrick Leahy Burlington International Airport,مطار بورلينغتون الدولي,Burlington,برلينغتون,United States,الولايات المتحدة,US
BTW,Bersujud Airport,Bersujud Airport,Batu Licin,Batu Licin,Indonesia,إندونيسيا,ID
BUA,Buka Airport,مطار بوكا,Buka Island,جزيرة بوكا,Papua New Guinea,بابوا غينيا الجديدة,PG
BUC,Burketown Airport,Burketown Airport,Burketown Airport,Burketown Airport,Australia,أستراليا,AU
BUD,Budapest Ferenc Liszt International Airport,مطار بودابست,Budapest,بودابست,Hungary,المجر,HU
BUF,Buffalo Niagara International Airport,مطار بوفالو نياغارا الدولي,Buffalo,بوفالو,United States,الولايات المتحدة,US
BUI,Bokondini Airport,Bokondini Airport,Bokondini,Bokondini,Indonesia,إندونيسيا,ID
BUN,Gerardo Tobar López Airport,Gerardo Tobar López Airport,Buenaventura,بوينافينتورا,Colombia,كولومبيا,CO
BUQ,Joshua Mqabuko Nkomo International Airport,مطار جوشوا مقابوكو نكومو الدولي,Bulawayo,Bulawayo,Zimbabwe,زيمبابوي,ZW
BUR,Hollywood Burbank/Bob Hope Airport,Hollywood Burbank/Bob Hope Airport,Burbank,بربانك,United States,الولايات المتحدة,US
BUS,Batumi International Airport,مطار باتومي الدولي,Batumi,باتومي,Georgia,جورجيا,GE
BUT,Bathpalathang Airport,Bathpalathang Airport,Jakar,Jakar,Bhutan,بوتان,BT
BUU,Muara Bungo Airport,مطار موارا بونغو,Muara Bungo,Muara Bungo,Indonesia,إندونيسيا,ID
BUX,Bunia Airport,Bunia Airport,Bunia,Bunia,Congo - Kinshasa,الكونغو - كينشاسا,CD
BUZ,Bushehr Airport,مطار بوشهر,Bushehr,بوشهر,Iran,إيران,IR
BVA,Beauvais-Tillé airport,مطار بوفيه - تيه,Beauvais,بوفيه,France,فرنسا,FR
BVB,Atlas Brasil Cantanhede International Airport,Atlas Brasil Cantanhede International Airport,Boa Vista,بوا فيستا,Brazil,البرازيل,BR
BVC,Aristides Pereira International Airport,Aristides Pereira International Airport,Rabil,بوا فيستا,Cape Verde,الرأس الأخضر,CV
BVE,Brive Souillac airport,Brive Souillac airport,Brive,بريف لا غايارد,France,فرنسا,FR
BVG,Berlevåg Airport,Berlevåg Airport,Berlevåg,بارلفوغ,Norway,النرويج,NO
BVH,Brigadeiro Camarão Airport,Brigadeiro Camarão Airport,Vilhena,Vilhena,Brazil,البرازيل,BR
BVI,Birdsville Airport,Birdsville Airport,Birdsville Airport,بيردزفيل,Australia,أستراليا,AU
BVJ,Bovanenkovo Airport,Bovanenkovo Airport,Bovanenkovo,Bovanenkovo,Russia,روسيا,RU
BVS,Breves Airport,Breves Airport,Breves,Breves,Brazil,البرازيل,BR
BWA,Gautam Buddha International Airport,Gautam Buddha International Airport,Siddharthanagar (Bhairahawa),بلدية سيدهارثاناجار,Nepal,نيبال,NP
BWI,Baltimore/Washington International Thurgood Marshall Airport,مطار بالتيمور واشنطن الدولي,Baltimore,بلتيمور,United States,الولايات المتحدة,US
BWK,Brač Airport,Brač Airport,Gornji Humac,براش,Croatia,كرواتيا,HR
BWN,Brunei International Airport,مطار بروناي الدولي,Bandar Seri Begawan,بروناي,Brunei,بروناي,BN
BWO,Balakovo Airport,Balakovo Airport,Balakovo,Balakovo,Russia,روسيا,RU
BWT,Wynyard Airport,Wynyard Airport,Burnie,بورني,Australia,أستراليا,AU
BWX,Banyuwangi Airport,Banyuwangi Airport,"Rogojampi, Banyuwangi",محافظة بانيووانغي,Indonesia,إندونيسيا,ID
BXG,Bendigo Airport,Bendigo Airport,Bendigo Airport,Bendigo Airport,Australia,أستراليا,AU
BXH,Balkhash Airport,Balkhash Airport,Balkhash,بلقاش,Kazakhstan,كازاخستان,KZ
BXR,Bam Airport,Bam Airport,Bam,بم,Iran,إيران,IR
BXT,LNG Badak Airport,LNG Badak Airport,Bontang-Borneo Island,بونتانغ,Indonesia,إندونيسيا,ID
BXU,Bancasi Airport,Bancasi Airport,Butuan,بوتوان,Philippines,الفلبين,PH
BXY,Baikonur Krayniy International Airport,Baikonur Krayniy International Airport,Baikonur,Baikonur,Kazakhstan,كازاخستان,KZ
BYK,Bouaké Airport,مطار بواكي,Bouaké,بواكي,Côte d’Ivoire,ساحل العاج,CI
BYM,Carlos Manuel de Cespedes Airport,Carlos Manuel de Cespedes Airport,Bayamo,بايامو,Cuba,كوبا,CU
BYN,Bayankhongor Airport,Bayankhongor Airport,Bayankhongor,Bayankhongor,Mongolia,منغوليا,MN
BYO,Bonito Airport,Bonito Airport,Bonito,Bonito,Brazil,البرازيل,BR
BYR,Læsø Airport,Læsø Airport,Læsø,Læsø,Denmark,الدنمارك,DK
BYW,Blakely Island Airport,Blakely Island Airport,Blakely Island,Blakely Island,United States,الولايات المتحدة,US
BZE,Philip S. W. Goldson International Airport,Philip S. W. Goldson International Airport,Belize City,مدينة بليز,Belize,بليز,BZ
BZG,Ignacy Jan Paderewski Bydgoszcz Airport,Ignacy Jan Paderewski Bydgoszcz Airport,Bydgoszcz,بيدغوشتش,Poland,بولندا,PL
BZI,Balıkesir Airport,مطار بالي قصر,Balıkesir,بالي قصر,Türkiye,تركيا,TR
BZL,Barisal Airport,مطار بريسال,Barisal,بريسال,Bangladesh,بنغلاديش,BD
BZN,Bozeman Yellowstone International Airport,Bozeman Yellowstone International Airport,Bozeman,بوزيمان,United States,الولايات المتحدة,US
BZO,Bolzano Airport,Bolzano Airport,Bolzano (BZ),بولزانو,Italy,إيطاليا,IT
BZR,Béziers Vias airport,Béziers Vias airport,Béziers,بيزييه,France,فرنسا,FR
BZV,Maya-Maya International Airport,مطار مايا مايا,Brazzaville,برازافيل,Congo - Brazzaville,الكونغو - برازافيل,CG
BZX,Bazhong Enyang Airport,Bazhong Enyang Airport,Bazhong,باتشونغ,China,الصين,CN
CAB,Cabinda Airport,Cabinda Airport,Cabinda,كابيندا,Angola,أنغولا,AO
CAC,Coronel Adalberto Mendes da Silva Airport,Coronel Adalberto Mendes da Silva Airport,Cascavel,كاسكافل,Brazil,البرازيل,BR
CAE,Columbia Metropolitan Airport,Columbia Metropolitan Airport,Columbia,كولومبيا,United States,الولايات المتحدة,US
CAF,Carauari Airport,Carauari Airport,Carauari,Carauari,Brazil,البرازيل,BR
CAG,Cagliari Elmas Airport,Cagliari Elmas Airport,Cagliari,كلياري,Italy,إيطاليا,IT
CAH,Cà Mau Airport,مطار كا ماو,Ca Mau City,كا ماو,Vietnam,فيتنام,VN
CAI,Cairo International Airport,مطار القاهرة الدولي,Cairo,القاهرة,Egypt,مصر,EG
CAJ,Canaima Airport,Canaima Airport,Canaima,Canaima,Venezuela,فنزويلا,VE
CAK,Akron Canton Regional Airport,Akron Canton Regional Airport,Akron,آكرون,United States,الولايات المتحدة,US
CAL,Campbeltown Airport,سلاح الجو الملكي ماكريهانيش,Campbeltown,Campbeltown,United Kingdom,المملكة المتحدة,GB
CAN,Guangzhou Baiyun International Airport,مطار قوانغتشو بايون الدولي,Guangzhou,قوانغتشو,China,الصين,CN
CAP,Cap Haitien International Airport,Cap Haitien International Airport,Cap Haitien,كاب هايتيان,Haiti,هايتي,HT
CAT,Cascais Airport,Cascais Airport,Cascais,كاشكايش,Portugal,البرتغال,PT
CAU,Caruaru Airport,Caruaru Airport,Caruaru,كاروارو,Brazil,البرازيل,BR
CAW,Bartolomeu Lisandro Airport,Bartolomeu Lisandro Airport,Campos dos Goytacazes,كامبوس دوس غويتاكازس,Brazil,البرازيل,BR
CAY,Cayenne – Félix Eboué Airport,مطار كايين فيليكس إيبوي الدولي,Matoury,كايين,French Guiana,غويانا الفرنسية,GF
CAZ,Cobar Airport,Cobar Airport,Cobar Airport,كوبار,Australia,أستراليا,AU
CBB,Jorge Wilsterman International Airport,Jorge Wilsterman International Airport,Cochabamba,كوتشابامبا,Bolivia,بوليفيا,BO
CBH,Béchar Boudghene Ben Ali Lotfi Airport,مطار بشار - بودغن بن علي لطفي,Béchar,بشار,Algeria,الجزائر,DZ
CBO,Cotabato (Awang) Airport,كوتاباتو,Datu Odin Sinsuat,مدينة كوتاباتو,Philippines,الفلبين,PH
CBQ,Margaret Ekpo International Airport,Margaret Ekpo International Airport,Calabar,كالابار,Nigeria,نيجيريا,NG
CBR,Canberra Airport,مطار كانبرا,Canberra,كانبرا,Australia,أستراليا,AU
CBT,Catumbela Airport,Catumbela Airport,Catumbela,Catumbela,Angola,أنغولا,AO
CCA,Chimore Airport,Chimore Airport,Chimore,Chimore,Bolivia,بوليفيا,BO
CCC,Jardines Del Rey Airport,Jardines Del Rey Airport,Cayo Coco,كايو كوكو,Cuba,كوبا,CU
CCE,Capital International Airport,مطار العاصمة الدولي,New Cairo,العاصمة الجديدة,Egypt,مصر,EG
CCF,Carcassonne Salvaza Airport,مطار قرقشونة,Carcassonne,قرقسونة,France,فرنسا,FR
CCJ,Calicut International Airport,مطار كاليكوت الدولي,Kozhikode,كوزيكود,India,الهند,IN
CCK,Cocos (Keeling) Islands Airport,Cocos (Keeling) Islands Airport,West Island,ويست آيلند,Cocos (Keeling) Islands,جزر كوكوس (كيلينغ),CC
CCP,Carriel Sur International Airport,Carriel Sur International Airport,Concepcion,تالكاهوانو,Chile,تشيلي,CL
CCR,Buchanan Field,Buchanan Field,Concord,مقاطعة كونترا كوستا,United States,الولايات المتحدة,US
CCS,Maiquetía Simón Bolívar International Airport,مطار سيمون بوليفار الدولي,Maiquetía,كراكاس,Venezuela,فنزويلا,VE
CCU,Netaji Subhas Chandra Bose International Airport,مطار كولكاتا الدولي,Kolkata,كولكاتا,India,الهند,IN
CCV,Craig Cove Airport,Craig Cove Airport,Craig Cove,Craig Cove,Vanuatu,فانواتو,VU
CCZ,Chub Cay Airport,Chub Cay Airport,Chub Cay,Chub Cay,Bahamas,جزر البهاما,BS
CDB,Cold Bay Airport,Cold Bay Airport,Cold Bay,كولد باي,United States,الولايات المتحدة,US
CDC,Cedar City Regional Airport,Cedar City Regional Airport,Cedar City,سيدار سيتي,United States,الولايات المتحدة,US
CDE,Chengde Puning Airport,مطار جينغدي,Chengde,Chengde,China,الصين,CN
CDG,Paris Charles de Gaulle Airport,مطار باريس شارل ديغول,Paris,باريس,France,فرنسا,FR
CDP,Kadapa Airport,Kadapa Airport,Kadapa,Kadapa,India,الهند,IN
CDR,Chadron Municipal Airport,Chadron Municipal Airport,Chadron,تشادرون,United States,الولايات المتحدة,US
CDT,Castellón-Costa Azahar Airport,مطار كاستيلون-كوستا أزاهار,Castellón de la Plana,قسطلونة,Spain,إسبانيا,ES
CDV,Merle K (Mudhole) Smith Airport,Merle K (Mudhole) Smith Airport,Cordova,كوردوفا,United States,الولايات المتحدة,US
CEB,Mactan–Cebu International Airport,مطار سيبو الدولي,Cebu,سيبو,Philippines,الفلبين,PH
CEC,Jack Mc Namara Field Airport,Jack Mc Namara Field Airport,Crescent City,كريسينت سيتي,United States,الولايات المتحدة,US
CED,Ceduna Airport,Ceduna Airport,Ceduna Airport,مقاطعة كيندونا,Australia,أستراليا,AU
CEE,Cherepovets Airport,Cherepovets Airport,Cherepovets,Cherepovets,Russia,روسيا,RU
CEI,Mae Fah Luang - Chiang Rai International Airport,مطار تشيانغ ري الدولي,Chiang Rai,شيانج راي,Thailand,تايلاند,TH
CEK,Kurchatov Chelyabinsk International Airport,مطار تشيليابينسك الدولي,Chelyabinsk,تشيليابنسك,Russia,روسيا,RU
CEL,Canela Airport,Canela Airport,Canela,كانيلا,Brazil,البرازيل,BR
CEM,Central Airport,Central Airport,Central,Central,United States,الولايات المتحدة,US
CEN,Ciudad Obregón International Airport,Ciudad Obregón International Airport,Ciudad Obregón,سيوداد أوبريجون,Mexico,المكسيك,MX
CEZ,Cortez Municipal Airport,Cortez Municipal Airport,Cortez,كورتيز,United States,الولايات المتحدة,US
CFB,Cabo Frio Airport,Cabo Frio Airport,Cabo Frio,كابو فريو,Brazil,البرازيل,BR
CFE,Clermont-Ferrand Auvergne airport,مطار كليرمون فيران أوفرن,Clermont-Ferrand,كليرمون فيران,France,فرنسا,FR
CFG,Jaime Gonzalez Airport,Jaime Gonzalez Airport,Cienfuegos,سينفويغوس,Cuba,كوبا,CU
CFK,Chlef Aboubakr Belkaid International Airport,مطار الشلف - أبو بكر بلقايد,Chlef,الشلف,Algeria,الجزائر,DZ
CFN,Donegal Airport,Donegal Airport,Donegal,مقاطعة دونيجال,Ireland,أيرلندا,IE
CFR,Caen Carpiquet airport,Caen Carpiquet airport,Caen,كان,France,فرنسا,FR
CFS,Coffs Harbour Airport,Coffs Harbour Airport,Coffs Harbour,كوفس هاربور,Australia,أستراليا,AU
CFU,Corfu Ioannis Kapodistrias International Airport,Corfu Ioannis Kapodistrias International Airport,Kerkyra (Corfu),قرفس,Greece,اليونان,GR
CGB,Várzea Grande–Marechal Rondon International Airport,Várzea Grande–Marechal Rondon International Airport,Cuiabá,كويابا,Brazil,البرازيل,BR
CGD,Changde Taohuayuan Airport,مطار تشانغده تاوهوايوان,Changde (Dingcheng),يوييانغ,China,الصين,CN
CGH,Congonhas–Deputado Freitas Nobre Airport,مطار كونجونهاس الدولي,São Paulo,ساو باولو,Brazil,البرازيل,BR
CGI,Cape Girardeau Regional Airport,Cape Girardeau Regional Airport,Cape Girardeau,كاب جيراردو,United States,الولايات المتحدة,US
CGK,Soekarno–Hatta International Airport,مطار سوكارنو هاتا الدولي,Jakarta,جاكرتا,Indonesia,إندونيسيا,ID
CGM,Camiguin Airport,Camiguin Airport,Mambajao,كاميغويين,Philippines,الفلبين,PH
CGN,Cologne Bonn Airport,مطار كولونيا بون الدولي,Köln (Cologne),كولونيا,Germany,ألمانيا,DE
CGO,Zhengzhou Xinzheng International Airport,مطار تشنغتشو الدولي,Zhengzhou,تشنغتشو,China,الصين,CN
CGP,Shah Amanat International Airport,مطار شاه أمانت الدولي,Chattogram,شيتاغونغ,Bangladesh,بنغلاديش,BD
CGQ,Changchun Longjia International Airport,مطار تشانغتشون الدولي,Changchun,تشانغتشون,China,الصين,CN
CGR,Campo Grande Airport,Campo Grande Airport,Campo Grande,كامبو غراندي,Brazil,البرازيل,BR
CGY,Laguindingan International Airport,Laguindingan International Airport,Laguindingan,كاجايان دو آورو,Philippines,الفلبين,PH
CHA,Chattanooga Metropolitan Airport (Lovell Field),Chattanooga Metropolitan Airport (Lovell Field),Chattanooga,تشاتانوغا,United States,الولايات المتحدة,US
CHC,Christchurch International Airport,مطار كرايستشيرش الدولي,Christchurch,كرايستشرش,New Zealand,نيوزيلندا,NZ
CHG,Chaoyang Airport,مطار تشاويانغ,"Shuangta, Chaoyang",تشاويانغ,China,الصين,CN
CHH,Chachapoyas Airport,Chachapoyas Airport,Chachapoyas,شاشابوياس,Peru,بيرو,PE
CHM,FAP Lieutenant Jaime Andres de Montreuil Morales Airport,FAP Lieutenant Jaime Andres de Montreuil Morales Airport,Chimbote,شيمبوتي,Peru,بيرو,PE
CHO,Charlottesville Albemarle Airport,Charlottesville Albemarle Airport,Charlottesville,شارلوتسفيل,United States,الولايات المتحدة,US
CHQ,Chania International Airport,مطار خانية الدولي,Souda,خانية,Greece,اليونان,GR
CHS,Charleston International Airport,Charleston International Airport,Charleston,تشارلستون,United States,الولايات المتحدة,US
CHT,Inia William Tuuta Memorial Airport,Inia William Tuuta Memorial Airport,Te One,Te One,New Zealand,نيوزيلندا,NZ
CHU,Chuathbaluk Airport,Chuathbaluk Airport,Chuathbaluk,تشواثبالوك,United States,الولايات المتحدة,US
CHX,Changuinola Captain Manuel Niño International Airport,Changuinola Captain Manuel Niño International Airport,Changuinola,Changuinola,Panama,بنما,PA
CHY,Choiseul Bay Airport,Choiseul Bay Airport,Choiseul Bay,Choiseul Bay,Solomon Islands,جزر سليمان,SB
CIA,Ciampino–G. B. Pastine International Airport,مطار روما شيامبينو,Rome,روما,Italy,إيطاليا,IT
CID,The Eastern Iowa Airport,The Eastern Iowa Airport,Cedar Rapids,سيدار رابيدز,United States,الولايات المتحدة,US
CIF,Chifeng Yulong Airport,مطار تشيفنغ يولونغ,Chifeng,تشيفنغ,China,الصين,CN
CIH,Changzhi Wangcun Airport,مطار تشانغتشي وانغشون,Changzhi,تشانغ تشى,China,الصين,CN
CIJ,Capitán Aníbal Arab Airport,Capitán Aníbal Arab Airport,Cobija,كوبيخا,Bolivia,بوليفيا,BO
CIK,Chalkyitsik Airport,Chalkyitsik Airport,Chalkyitsik,Chalkyitsik,United States,الولايات المتحدة,US
CIT,Shymkent International Airport,Shymkent International Airport,Shymkent,شيمكنت,Kazakhstan,كازاخستان,KZ
CIU,Chippewa County International Airport,Chippewa County International Airport,Kincheloe,سولت سانت ماري,United States,الولايات المتحدة,US
CIW,Canouan Airport,مطار كنوان,Canouan,كنوان,St. Vincent & Grenadines,سانت فنسنت وجزر غرينادين,VC
CIX,Capitán FAP José A. Quiñones González International Airport,Capitán FAP José A. Quiñones González International Airport,Chiclayo,تشيكلايو,Peru,بيرو,PE
CIY,Comiso Airport,مطار كوميزو-راغوزا,Comiso,كوميزو,Italy,إيطاليا,IT
CJA,Mayor General FAP Armando Revoredo Iglesias Airport,Mayor General FAP Armando Revoredo Iglesias Airport,Cajamarca,كاخاماركا,Peru,بيرو,PE
CJB,Coimbatore International Airport,مطار كويمباتور الدولي,Coimbatore,كويمباتور,India,الهند,IN
CJC,El Loa Airport,El Loa Airport,Calama,كالاما,Chile,تشيلي,CL
CJJ,Cheongju International Airport/Cheongju Air Base (K-59/G-513),Cheongju International Airport/Cheongju Air Base (K-59/G-513),Cheongju,تشونغجو,South Korea,كوريا الجنوبية,KR
CJL,Chitral Airport,Chitral Airport,Chitral,شيترال,Pakistan,باكستان,PK
CJM,Chumphon Airport,Chumphon Airport,Chumphon,محافظة تشومفون,Thailand,تايلاند,TH
CJN,Nusawiru Airport,Nusawiru Airport,Cijulang,بانغانداران,Indonesia,إندونيسيا,ID
CJS,Abraham González International Airport,Abraham González International Airport,Ciudad Juárez,سيوداد خواريز,Mexico,المكسيك,MX
CJU,Jeju International Airport,مطار جيجو الدولي,Jeju City,جيجو,South Korea,كوريا الجنوبية,KR
CJZ,Pedro Vieira Moreira Airport,Pedro Vieira Moreira Airport,Cajazeiras,Cajazeiras,Brazil,البرازيل,BR
CKB,North Central West Virginia Airport,North Central West Virginia Airport,Bridgeport,كلاركسبورغ,United States,الولايات المتحدة,US
CKD,Crooked Creek Airport,Crooked Creek Airport,Crooked Creek,Crooked Creek,United States,الولايات المتحدة,US
CKG,Chongqing Jiangbei International Airport,مطار تشونغتشينغ جيانغبى الدولي,Chongqing,تشونغتشينغ,China,الصين,CN
CKH,Chokurdakh Airport,Chokurdakh Airport,Chokurdah,شوكورداخ,Russia,روسيا,RU
CKS,Carajás Airport,Carajás Airport,Parauapebas,باراوابيباس,Brazil,البرازيل,BR
CKW,Christmas Creek Airport,Christmas Creek Airport,Christmas Creek Mine,Christmas Creek Mine,Australia,أستراليا,AU
CKX,Chicken Airport,Chicken Airport,Chicken,Chicken,United States,الولايات المتحدة,US
CKY,Ahmed Sékou Touré International Airport,مطار أحمد سيكو توري الدولي,Conakry,كوناكري,Guinea,غينيا,GN
CKZ,Çanakkale Airport,مطار جنق قلعة,Çanakkale,جناق قلعة,Türkiye,تركيا,TR
CLD,McClellan-Palomar Airport,McClellan-Palomar Airport,Carlsbad,كارلسباد,United States,الولايات المتحدة,US
CLE,Cleveland Hopkins International Airport,Cleveland Hopkins International Airport,Cleveland,كليفلاند,United States,الولايات المتحدة,US
CLJ,Avram Iancu Cluj International Airport,مطار كلوج نابوكا الدولي,Cluj-Napoca,كلوج نابوكا,Romania,رومانيا,RO
CLL,Easterwood Field,مطار إستر وود,College Station,College Station,United States,الولايات المتحدة,US
CLO,Alfonso Bonilla Aragon International Airport,Alfonso Bonilla Aragon International Airport,Cali,كالي,Colombia,كولومبيا,CO
CLP,Clarks Point Airport,Clarks Point Airport,Clarks Point,Clarks Point,United States,الولايات المتحدة,US
CLQ,Licenciado Miguel de la Madrid International Airport,Licenciado Miguel de la Madrid International Airport,Colima,مدينة كوليما,Mexico,المكسيك,MX
CLT,Charlotte Douglas International Airport,مطار شارلوت دوغلاس الدولي,Charlotte,شارلوت,United States,الولايات المتحدة,US
CLV,Nelson Ribeiro Guimarães Airport,Nelson Ribeiro Guimarães Airport,Caldas Novas,Caldas Novas,Brazil,البرازيل,BR
CLY,Calvi Sainte Catherine Airport,Calvi Sainte Catherine Airport,Calvi,كالفي، اوت-كورس,France,فرنسا,FR
CMA,Cunnamulla Airport,Cunnamulla Airport,Cunnamulla Airport,Cunnamulla Airport,Australia,أستراليا,AU
CMB,Bandaranaike International Airport,مطار باندارانايكه الدولي,Colombo,كولومبو,Sri Lanka,سريلانكا,LK
CME,Ciudad del Carmen International Airport,Ciudad del Carmen International Airport,Ciudad del Carmen,سيوداد ديل كارمن,Mexico,المكسيك,MX
CMF,Chambéry Aix les Bains airport,مطار شامبيري,Chambéry,شامبيري,France,فرنسا,FR
CMG,Corumbá International Airport,Corumbá International Airport,Corumbá,كورومبا,Brazil,البرازيل,BR
CMH,John Glenn Columbus International Airport,John Glenn Columbus International Airport,Columbus,كولومبوس,United States,الولايات المتحدة,US
CMI,University of Illinois Willard Airport,University of Illinois Willard Airport,Savoy,Savoy,United States,الولايات المتحدة,US
CMN,Mohammed V International Airport,مطار محمد الخامس الدولي,Casablanca,الدار البيضاء,Morocco,المغرب,MA
CMU,Chimbu Airport,Chimbu Airport,Kundiawa,Kundiawa,Papua New Guinea,بابوا غينيا الجديدة,PG
CMW,Ignacio Agramonte International Airport,Ignacio Agramonte International Airport,Camaguey,كاماغواي,Cuba,كوبا,CU
CMX,Houghton County Memorial Airport,Houghton County Memorial Airport,Hancock,هانكوك,United States,الولايات المتحدة,US
CNB,Coonamble Airport,Coonamble Airport,Coonamble Airport,Coonamble Airport,Australia,أستراليا,AU
CNC,Coconut Island Airport,Coconut Island Airport,Coconut Island Airport,Coconut Island Airport,Australia,أستراليا,AU
CND,Mihail Kogălniceanu International Airport,Mihail Kogălniceanu International Airport,Constanța,قسطنطة,Romania,رومانيا,RO
CNF,Tancredo Neves International Airport,Tancredo Neves International Airport,Belo Horizonte,بيلو هوريزونتي,Brazil,البرازيل,BR
CNI,Changhai Dachangshandao Airport,مطار تتشانغهاي,Dalian (Changhai),Dalian (Changhai),China,الصين,CN
CNJ,Cloncurry Airport,Cloncurry Airport,Cloncurry,Cloncurry,Australia,أستراليا,AU
CNM,Cavern City Air Terminal,Cavern City Air Terminal,Carlsbad,كارلسباد,United States,الولايات المتحدة,US
CNN,Kannur International Airport,Kannur International Airport,Kannur,منطقة كانور,India,الهند,IN
CNP,Neerlerit Inaat Airport,مطار نيرليريت إنات,Neerlerit Inaat,إيتوكورتيرمايت,Greenland,غرينلاند,GL
CNQ,Corrientes Airport,Corrientes Airport,Corrientes,كورينتس,Argentina,الأرجنتين,AR
CNS,Cairns International Airport,Cairns International Airport,Cairns,كيرنز,Australia,أستراليا,AU
CNX,Chiang Mai International Airport,مطار شيانغ ماي الدولي,Chiang Mai,شيانغ ماي,Thailand,تايلاند,TH
CNY,Canyonlands Regional Airport,Canyonlands Regional Airport,Moab,مواب,United States,الولايات المتحدة,US
COD,Yellowstone Regional Airport,Yellowstone Regional Airport,Cody,كودي,United States,الولايات المتحدة,US
COK,Cochin International Airport,مطار كوتشين الدولي,Kochi,كوتشي,India,الهند,IN
COL,Coll Airport,Coll Airport,Coll Island,Coll Island,United Kingdom,المملكة المتحدة,GB
COO,Cotonou Cadjehoun International Airport,مطار كوتونو,Cotonou,كوتونو,Benin,بنين,BJ
COQ,Choibalsan Airport,Choibalsan Airport,Choibalsan Airport,تشويبالسان,Mongolia,منغوليا,MN
COR,Ingeniero Aeronáutico Ambrosio L.V. Taravella International Airport,Ingeniero Aeronáutico Ambrosio L.V. Taravella International Airport,Cordoba,قرطبة,Argentina,الأرجنتين,AR
COS,City of Colorado Springs Municipal Airport,City of Colorado Springs Municipal Airport,Colorado Springs,كولورادو سبرينغز,United States,الولايات المتحدة,US
COU,Columbia Regional Airport,Columbia Regional Airport,Columbia,كولومبيا,United States,الولايات المتحدة,US
COV,Çukurova International Airport,مطار تشوكوروفا الدولي,Tarsus,ولاية مرسين,Türkiye,تركيا,TR
CPC,Aviador C. Campos Airport,Aviador C. Campos Airport,Chapelco/San Martin de los Andes,Chapelco/San Martin de los Andes,Argentina,الأرجنتين,AR
CPD,Coober Pedy Airport,Coober Pedy Airport,Coober Pedy,كوبر بيدي,Australia,أستراليا,AU
CPE,Ingeniero Alberto Acuña Ongay International Airport,Ingeniero Alberto Acuña Ongay International Airport,Campeche,كامبيتشي,Mexico,المكسيك,MX
CPH,Copenhagen Airport,مطار كوبنهاغن,Copenhagen,كوبنهاغن,Denmark,الدنمارك,DK
CPO,Desierto de Atacama Airport,Desierto de Atacama Airport,Copiapo,كوبيابو,Chile,تشيلي,CL
CPR,Casper-Natrona County International Airport,Casper-Natrona County International Airport,Casper,كاسبر,United States,الولايات المتحدة,US
CPT,Cape Town International Airport,مطار كيب تاون الدولي,Cape Town,كيب تاون,South Africa,جنوب أفريقيا,ZA
CPV,Presidente João Suassuna Airport,Presidente João Suassuna Airport,Campina Grande,كامبينا غراندي,Brazil,البرازيل,BR
CPX,Benjamin Rivera Noriega Airport,Benjamin Rivera Noriega Airport,Culebra,كوليبرا,Puerto Rico,بورتوريكو,PR
CQW,Chongqing Xiannüshan Airport,مطار ولونغ شيانوشهان,Wulong,Wulong,China,الصين,CN
CRA,Craiova International Airport,Craiova International Airport,Craiova,كرايوفا,Romania,رومانيا,RO
CRD,General Enrique Mosconi International Airport,General Enrique Mosconi International Airport,Comodoro Rivadavia,كومودورو ريفادافيا,Argentina,الأرجنتين,AR
CRI,Colonel Hill Airport,Colonel Hill Airport,Colonel Hill,Colonel Hill,Bahamas,جزر البهاما,BS
CRK,Clark International Airport / Clark Air Base,مطار كلارك الدولي,Mabalacat,مانيلا,Philippines,الفلبين,PH
CRL,Brussels South Charleroi Airport,مطار بروكسل شارلروا الجنوب,Charleroi,شارلوروا,Belgium,بلجيكا,BE
CRM,Catarman National Airport,مطار كاترمان ناشونال,Catarman,سامار الشمالية,Philippines,الفلبين,PH
CRP,Corpus Christi International Airport,Corpus Christi International Airport,Corpus Christi,كوربوس كريستي,United States,الولايات المتحدة,US
CRU,Lauriston Airport,Lauriston Airport,Carriacou Island,Carriacou Island,Grenada,غرينادا,GD
CRV,Crotone Sant'Anna Pythagoras Airport,Crotone Sant'Anna Pythagoras Airport,Isola di Capo Rizzuto (KR),كروتوني,Italy,إيطاليا,IT
CRW,Yeager Airport,Yeager Airport,Charleston,تشارلستون,United States,الولايات المتحدة,US
CRZ,Türkmenabat International Airport,تركمانبات,Türkmenabat,تركمان أباد,Turkmenistan,تركمانستان,TM
CSA,Colonsay Airstrip,Colonsay Airstrip,Colonsay,Colonsay,United Kingdom,المملكة المتحدة,GB
CSG,Columbus Airport,Columbus Airport,Columbus,كولومبوس,United States,الولايات المتحدة,US
CSH,Solovki Airport,Solovki Airport,Solovetsky Islands,Solovetsky Islands,Russia,روسيا,RU
CSK,Cap Skirring Airport,Cap Skirring Airport,Cap Skirring,Cap Skirring,Senegal,السنغال,SN
CSW,Cabo San Lucas International Airport,Cabo San Lucas International Airport,Cabo San Lucas,Cabo San Lucas,Mexico,المكسيك,MX
CSX,Changsha Huanghua International Airport,مطار تشانغشا هوانغوا الدولي,Changsha (Changsha),تشانغشا,China,الصين,CN
CSY,Cheboksary Airport,Cheboksary Airport,Cheboksary,تشيبوكساري,Russia,روسيا,RU
CTA,Catania Fontanarossa Airport,مطار كاتانيا,Catania,كاتانيا,Italy,إيطاليا,IT
CTC,Coronel Felipe Varela International Airport,Coronel Felipe Varela International Airport,Catamarca,سان فرناندو ديل فالي دي كاتاماركا,Argentina,الأرجنتين,AR
CTD,Alonso Valderrama Airport,Alonso Valderrama Airport,Chitré,مقاطعة تشيتري,Panama,بنما,PA
CTG,Rafael Nuñez International Airport,Rafael Nuñez International Airport,Cartagena,قرطاجنة,Colombia,كولومبيا,CO
CTL,Charleville Airport,Charleville Airport,Charleville,تشارليفيل,Australia,أستراليا,AU
CTM,Chetumal International Airport,Chetumal International Airport,Chetumal,شيتومال,Mexico,المكسيك,MX
CTN,Cooktown Airport,Cooktown Airport,Cooktown Airport,كوكتاون,Australia,أستراليا,AU
CTS,New Chitose Airport,مطار تشيتوسي الجديد,Sapporo,سابورو,Japan,اليابان,JP
CTU,Chengdu Tianfu International Airport,مطار تشنغدو تيانفو الدولي,Chengdu,تشنغدو,China,الصين,CN
CUA,Ciudad Constitución National Airport,Ciudad Constitución National Airport,Comondú,Comondú,Mexico,المكسيك,MX
CUC,Camilo Daza International Airport,Camilo Daza International Airport,Cúcuta,كوكوتا,Colombia,كولومبيا,CO
CUE,Mariscal Lamar Airport,Mariscal Lamar Airport,Cuenca,كوينكا,Ecuador,الإكوادور,EC
CUF,Cuneo International Airport,مطار كونيو الدولي,Levaldigi (CN),كُونِيَة,Italy,إيطاليا,IT
CUK,Caye Caulker Airport,Caye Caulker Airport,Caye Caulker,Caye Caulker,Belize,بليز,BZ
CUL,Bachigualato Federal International Airport,Bachigualato Federal International Airport,Culiacán,كولياكان,Mexico,المكسيك,MX
CUM,Antonio José de Sucre Airport,Antonio José de Sucre Airport,Cumaná,كومانا,Venezuela,فنزويلا,VE
CUN,Cancún International Airport,مطار كانكون الدولي,Cancún,كانكون,Mexico,المكسيك,MX
CUP,General Francisco Bermúdez Airport,General Francisco Bermúdez Airport,Carúpano,كاروبانو,Venezuela,فنزويلا,VE
CUQ,Coen Airport,Coen Airport,Coen,Coen,Australia,أستراليا,AU
CUR,Hato International Airport,Hato International Airport,Willemstad,ويلمستاد,Curaçao,كوراساو,CW
CUU,General Roberto Fierro Villalobos International Airport,General Roberto Fierro Villalobos International Airport,Chihuahua,تشيواوا,Mexico,المكسيك,MX
CUZ,Alejandro Velasco Astete International Airport,Alejandro Velasco Astete International Airport,Cusco,كوسكو,Peru,بيرو,PE
CVG,Cincinnati Northern Kentucky International Airport,Cincinnati Northern Kentucky International Airport,Cincinnati / Covington,سينسيناتي,United States,الولايات المتحدة,US
CVM,General Pedro Jose Mendez International Airport,General Pedro Jose Mendez International Airport,Ciudad Victoria,سيوداد فكتوريا,Mexico,المكسيك,MX
CVN,Clovis Municipal Airport,Clovis Municipal Airport,Clovis,كلوفيس,United States,الولايات المتحدة,US
CVQ,Carnarvon Airport,Carnarvon Airport,Carnarvon,Carnarvon,Australia,أستراليا,AU
CVU,Corvo Airport,Corvo Airport,Corvo,Corvo,Portugal,البرتغال,PT
CWA,Central Wisconsin Airport,Central Wisconsin Airport,Mosinee,واوسو,United States,الولايات المتحدة,US
CWB,Curitiba-Afonso Pena International Airport,Curitiba-Afonso Pena International Airport,Curitiba,ساو خوسيه دوس بينيايس,Brazil,البرازيل,BR
CWJ,Cangyuan Washan Airport,مطار جانغيوان واشهان,Lincang (Cangyuan),Lincang (Cangyuan),China,الصين,CN
CWL,Cardiff International Airport,مطار كارديف الدولي,Cardiff,ويلز,United Kingdom,المملكة المتحدة,GB
CWS,Center Island Airport,Center Island Airport,Center Island,Center Island,United States,الولايات المتحدة,US
CXB,Cox's Bazar Airport,مطار كوكس بازار,Cox's Bazar,كوكس بازار,Bangladesh,بنغلاديش,BD
CXI,Cassidy International Airport,Cassidy International Airport,Kiritimati,كيريتيماتي,Kiribati,كيريباتي,KI
CXJ,Hugo Cantergiani Regional Airport,Hugo Cantergiani Regional Airport,Caxias Do Sul,كاكسياس دو سول,Brazil,البرازيل,BR
CXP,Tunggul Wulung Airport,Tunggul Wulung Airport,Cilacap,منطقة وصاية شيلاتشب,Indonesia,إندونيسيا,ID
CXR,Cam Ranh International Airport / Cam Ranh Air Base,مطار كام رانه الدولي,Nha Trang/nha Trang aiurportCam Ranh,نها ترانج,Vietnam,فيتنام,VN
CYA,Antoine-Simon International Airport,Antoine-Simon International Airport,Les Cayes,ليس كايس,Haiti,هايتي,HT
CYB,Charles Kirkconnell International Airport,Charles Kirkconnell International Airport,West End,West End,Cayman Islands,جزر كايمان,KY
CYC,Caye Chapel Airport,Caye Chapel Airport,Caye Chapel,Caye Chapel,Belize,بليز,BZ
CYF,Chefornak Airport,Chefornak Airport,Chefornak,تشيفورناك,United States,الولايات المتحدة,US
CYI,Chiayi Airport,Chiayi Airport,Shuishang,Shuishang,Taiwan,تايوان,TW
CYO,Vilo Acuña International Airport,Vilo Acuña International Airport,Cayo Largo del Sur,Cayo Largo del Sur,Cuba,كوبا,CU
CYP,Calbayog Airport,مطار كالبايوج,Calbayog City,كالبايوغ,Philippines,الفلبين,PH
CYS,Cheyenne Regional Jerry Olson Field,Cheyenne Regional Jerry Olson Field,Cheyenne,شايان,United States,الولايات المتحدة,US
CYT,Yakataga Airport,Yakataga Airport,Yakataga,Yakataga,United States,الولايات المتحدة,US
CYU,Cuyo Airport,Cuyo Airport,Cuyo,Cuyo,Philippines,الفلبين,PH
CYX,Cherskiy Airport,Cherskiy Airport,Cherskiy,تشيرسكي,Russia,روسيا,RU
CYZ,Cauayan Airport,Cauayan Airport,Cauayan City,كاوايان,Philippines,الفلبين,PH
CZE,José Leonardo Chirinos Airport,José Leonardo Chirinos Airport,Coro,سانتا آنا دي كورو,Venezuela,فنزويلا,VE
CZH,Corozal Airport,Corozal Airport,Corozal,Corozal,Belize,بليز,BZ
CZL,Mohamed Boudiaf International Airport,مطار قسنطينة - محمد بوضياف,Constantine,قسنطينة,Algeria,الجزائر,DZ
CZM,Cozumel International Airport,Cozumel International Airport,Cozumel,سان ميغيل دي كوزوميل,Mexico,المكسيك,MX
CZS,Cruzeiro do Sul Airport,Cruzeiro do Sul Airport,Cruzeiro Do Sul,Cruzeiro Do Sul,Brazil,البرازيل,BR
CZU,Las Brujas Airport,Las Brujas Airport,Corozal,Corozal,Colombia,كولومبيا,CO
CZX,Changzhou Benniu International Airport,مطار تشانغتشو بيننو,Changzhou,تشانغتشو,China,الصين,CN
DAB,Daytona Beach International Airport,مطار دايتونا بيتش الدولي,Daytona Beach,دايتونا بيتش,United States,الولايات المتحدة,US
DAC,Hazrat Shahjalal International Airport,مطار حضرت شاه جلال الدولي,Dhaka,دكا,Bangladesh,بنغلاديش,BD
DAD,Da Nang International Airport,مطار دا نانغ الدولي,Da Nang,دا نانغ,Vietnam,فيتنام,VN
DAL,Dallas Love Field,Dallas Love Field,Dallas,دالاس,United States,الولايات المتحدة,US
DAM,Damascus International Airport,مطار دمشق الدولي,Damascus,دمشق,Syria,سوريا,SY
DAR,Julius Nyerere International Airport,مطار جوليوس نيريري الدولي,Dar es Salaam,دار السلام,Tanzania,تنزانيا,TZ
DAT,Datong Yungang International Airport,مطار داتونغ يونغانغ,Datong,داتونغ,China,الصين,CN
DAU,Daru Airport,مطار دارو,Daru,ريف دارو,Papua New Guinea,بابوا غينيا الجديدة,PG
DAV,Enrique Malek International Airport,Enrique Malek International Airport,David,David,Panama,بنما,PA
DAX,Dachuan Airport,مطار داتشو هيشي,Dazhou (Daxian),داتشو,China,الصين,CN
DAY,James M. Cox Dayton International Airport,James M. Cox Dayton International Airport,Dayton,دايتون,United States,الولايات المتحدة,US
DBA,Dalbandin Airport,Dalbandin Airport,Dalbandin,Dalbandin,Pakistan,باكستان,PK
DBB,El Alamein International Airport,مطار العلمين الدولي,El Alamein,العلمين,Egypt,مصر,EG
DBC,Baicheng Chang'an Airport,مطار بايشينغ جانغان,Baicheng,بايتشنغ,China,الصين,CN
DBM,Debre Markos Airport,Debre Markos Airport,Debre Markos,ديبري ماركوس,Ethiopia,إثيوبيا,ET
DBO,Dubbo City Regional Airport,Dubbo City Regional Airport,Dubbo,دوبو,Australia,أستراليا,AU
DBQ,Dubuque Regional Airport,مطار دوبيوك الإقليمي,Dubuque,دوبوك,United States,الولايات المتحدة,US
DBR,Darbhanga Airport,Darbhanga Airport,Darbhanga,Darbhanga,India,الهند,IN
DBV,Dubrovnik Airport,مطار دوبروفنيك,Dubrovnik,دوبروفنيك,Croatia,كرواتيا,HR
DCA,Ronald Reagan Washington National Airport,مطار رونالد ريغان الوطني,Washington,واشنطن العاصمة,United States,الولايات المتحدة,US
DCF,Canefield Airport,Canefield Airport,Canefield,روسو,Dominica,دومينيكا,DM
DCM,Castres Mazamet Airport,Castres Mazamet Airport,Castres,كاستر,France,فرنسا,FR
DCY,Daocheng Yading Airport,مطار داوجينغ يادينغ,Garzê (Daocheng),مقاطعة داوجينغ,China,الصين,CN
DDC,Dodge City Regional Airport,Dodge City Regional Airport,Dodge City,دودج سيتي,United States,الولايات المتحدة,US
DDG,Dandong Langtou International Airport,مطار داندونغ لانغتو,Dandong (Zhenxing),داندونغ,China,الصين,CN
DDR,Shigatse Tingri Airport,Shigatse Tingri Airport,Xigazê (Dingri),Xigazê (Dingri),China,الصين,CN
DEA,Dera Ghazi Khan Airport,Dera Ghazi Khan Airport,Dera Ghazi Khan,ديرا غازي خان,Pakistan,باكستان,PK
DEB,Debrecen International Airport,مطار دبرسن الدولي,Debrecen,دبرتسن,Hungary,المجر,HU
DEC,Decatur Airport,Decatur Airport,Decatur,ديكادور,United States,الولايات المتحدة,US
DED,Dehradun Jolly Grant Airport,مطار دهرادون,Dehradun (Jauligrant),دهردون,India,الهند,IN
DEE,Yuzhno-Kurilsk Mendeleyevo Airport,Yuzhno-Kurilsk Mendeleyevo Airport,Yuzhno-Kurilsk,Yuzhno-Kurilsk,Russia,روسيا,RU
DEF,Dezful Airport,Dezful Airport,Dezful,Dezful,Iran,إيران,IR
DEL,Indira Gandhi International Airport,مطار إنديرا غاندي الدولي,New Delhi,نيودلهي,India,الهند,IN
DEM,Dembidollo Airport,Dembidollo Airport,Dembidollo,دمبيدولو,Ethiopia,إثيوبيا,ET
DEN,Denver International Airport,مطار دنفر الدولي,Denver,دنفر,United States,الولايات المتحدة,US
DEX,Nop Goliat Dekai Airport,Nop Goliat Dekai Airport,Dekai,Dekai,Indonesia,إندونيسيا,ID
DFW,Dallas/Fort Worth International Airport,مطار دالاس فورت وورث الدولي,Dallas,دالاس,United States,الولايات المتحدة,US
DGA,Dangriga Airport,Dangriga Airport,Dangriga,دانغريغا,Belize,بليز,BZ
DGH,Deoghar Airport,Deoghar Airport,Deoghar,دوغار,India,الهند,IN
DGO,General Guadalupe Victoria International Airport,General Guadalupe Victoria International Airport,Durango,دورانجو,Mexico,المكسيك,MX
DGT,Sibulan Airport,مطار سيبولان,Dumaguete City,دوماغويتي,Philippines,الفلبين,PH
DHM,Kangra Airport,Kangra Airport,Kangra,Kangra,India,الهند,IN
DHN,Dothan Regional Airport,مطار دوثان الإقليمي,Dothan,دوثان,United States,الولايات المتحدة,US
DHX,Dhoho International Airport,Dhoho International Airport,Kediri,كديري,Indonesia,إندونيسيا,ID
DIA,Doha International Airport,مطار الدوحة الدولي,Doha,الدوحة,Qatar,قطر,QA
DIB,Dibrugarh Airport,مطار ديبروجاره,Dibrugarh,ديبروجاره,India,الهند,IN
DIE,Arrachart Airport,Arrachart Airport,Antisiranana,أنتسيرانانا,Madagascar,مدغشقر,MG
DIG,Diqing Shangri-La Airport,مطار ديشين شانغري-لا,Diqing (Shangri-La),مقاطعة ديكين، التبت,China,الصين,CN
DIK,Dickinson Theodore Roosevelt Regional Airport,Dickinson Theodore Roosevelt Regional Airport,Dickinson,ديكينسون,United States,الولايات المتحدة,US
DIL,Presidente Nicolau Lobato International Airport,Presidente Nicolau Lobato International Airport,Dili,ديلي,Timor-Leste,تيمور - ليشتي,TL
DIN,Dien Bien Phu Airport,Dien Bien Phu Airport,Dien Bien Phu,دين بيان فو,Vietnam,فيتنام,VN
DIR,Aba Tenna Dejazmach Yilma International Airport,مطار دير داوا الدولي,Dire Dawa,ديرة داوا,Ethiopia,إثيوبيا,ET
DIU,Diu Airport,Diu Airport,Diu,Diu,India,الهند,IN
DIY,Diyarbakır Airport,مطار ديار بكر,Diyarbakır,ديار بكر,Türkiye,تركيا,TR
DJB,Sultan Thaha Airport,مطار السلطان طه,Jambi,جمبي,Indonesia,إندونيسيا,ID
DJE,Djerba–Zarzis Airport,مطار جربة جرجيس,Djerba,جربة,Tunisia,تونس,TN
DJG,Tiska Djanet Airport,مطار جانت تيسكا,Djanet,جانت,Algeria,الجزائر,DZ
DJJ,Dortheys Hiyo Eluay International Airport,مطار سينتاني,Sentani,جايابورا,Indonesia,إندونيسيا,ID
DJT,President Donald J. Trump International Airport,President Donald J. Trump International Airport,West Palm Beach,West Palm Beach,United States,الولايات المتحدة,US
DKA,Umaru Musa Yar'adua Airport,Umaru Musa Yar'adua Airport,Katsina,كاتسينا (مدينة),Nigeria,نيجيريا,NG
DLA,Douala International Airport,مطار دوالا الدولي,Douala,دوالة,Cameroon,الكاميرون,CM
DLC,Dalian Zhoushuizi International Airport,مطار داليان تشوشويزي الدولي,Dalian (Ganjingzi),داليان,China,الصين,CN
DLE,Dole Tavaux Airport,مطار دول جورا,Dole,دولي (فرنسا),France,فرنسا,FR
DLG,Dillingham Airport,مطار ديلينجهام,Dillingham,ديلينجهام,United States,الولايات المتحدة,US
DLH,Duluth International Airport,Duluth International Airport,Duluth,دولوث,United States,الولايات المتحدة,US
DLI,Lien Khuong Airport,مطار لين خونج,Da Lat,دا لات,Vietnam,فيتنام,VN
DLM,Dalaman International Airport,مطار طالمان,Dalaman,مغلة,Türkiye,تركيا,TR
DLR,Dalnerechensk Airport,Dalnerechensk Airport,Dalnerechensk,دالنيريتشينسك,Russia,روسيا,RU
DLU,Dali Fengyi Airport,مطار دالي فنجي,Dali (Xiaguan),دالي,China,الصين,CN
DLZ,Dalanzadgad Airport,Dalanzadgad Airport,Dalanzadgad,دالانزاغاد,Mongolia,منغوليا,MN
DMB,Taraz International Airport,Taraz International Airport,Taraz,تاراز,Kazakhstan,كازاخستان,KZ
DMD,Doomadgee Airport,Doomadgee Airport,Doomadgee Airport,Doomadgee Airport,Australia,أستراليا,AU
DME,Domodedovo International Airport,مطار دوموديدوفو الدولي,Moscow,موسكو,Russia,روسيا,RU
DMK,Don Mueang International Airport,مطار دون مويانغ الدولي,Bangkok,بانكوك,Thailand,تايلاند,TH
DMM,King Fahd International Airport,مطار الملك فهد الدولي,Dammam,الدمام,Saudi Arabia,السعودية,SA
DMU,Dimapur Airport,Dimapur Airport,Dimapur,Dimapur,India,الهند,IN
DND,Dundee Airport,Dundee Airport,Dundee,دندي,United Kingdom,المملكة المتحدة,GB
DNH,Dunhuang Mogao International Airport,مطار دونهوانغ موغاو الدولي,Dunhuang,دونهوانغ,China,الصين,CN
DNZ,Çardak Airport,Çardak Airport,Denizli,Denizli,Türkiye,تركيا,TR
DOD,Dodoma Airport,مطار دودوما,Dodoma,دودوما,Tanzania,تنزانيا,TZ
DOG,Dongola Airport,مطار دنقلا,Dongola,دنقلا,Sudan,السودان,SD
DOH,Hamad International Airport,مطار حمد الدولي,Doha,الدوحة,Qatar,قطر,QA
DOL,Deauville Normandie airport,مطار دوفيل نورماندي,Deauville,دوفيل,France,فرنسا,FR
DOM,Douglas-Charles Airport,Douglas-Charles Airport,Marigot,روسو,Dominica,دومينيكا,DM
DOP,Dolpa Airport,Dolpa Airport,Dolpa,مقاطعة دولبا,Nepal,نيبال,NP
DOV,Dover Civil Air Terminal/Dover Air Force Base,Dover Civil Air Terminal/Dover Air Force Base,Dover,Dover,United States,الولايات المتحدة,US
DOY,Dongying Shengli Airport,مطار دونغينغ شنغلي,Dongying (Kenli),دونغ ينغ,China,الصين,CN
DPL,Dipolog Airport,مطار ديبولوج,Dipolog,ديبولوج,Philippines,الفلبين,PH
DPO,Devonport Airport,Devonport Airport,Devonport,دافنبورت,Australia,أستراليا,AU
DPS,Ngurah Rai International Airport,مطار نجوراه راي الدولي,Bali,بالي,Indonesia,إندونيسيا,ID
DPT,Deputatskiy Airport,Deputatskiy Airport,Deputatskiy,ديبوتاتسكيي، ساها,Russia,روسيا,RU
DQA,Daqing Sartu Airport,مطار داتشينغ سارتو,Daqing,داتشينغ,China,الصين,CN
DQM,Duqm International Airport,الدقم,Duqm,الدقم,Oman,عُمان,OM
DRG,Deering Airport,Deering Airport,Deering,ديرينغ,United States,الولايات المتحدة,US
DRJ,Drietabbetje Airport,Drietabbetje Airport,Drietabbetje,Drietabbetje,Suriname,سورينام,SR
DRO,Durango La Plata County Airport,Durango La Plata County Airport,Durango,دورانغو,United States,الولايات المتحدة,US
DRP,Bicol International Airport,مطار بيكول الدولي,Legazpi,ليجازبي,Philippines,الفلبين,PH
DRS,Dresden Airport,Dresden Airport,Dresden,درسدن,Germany,ألمانيا,DE
DRV,Dharavandhoo Airport,مطار دارافاندو,Baa Atoll,با اتول,Maldives,المالديف,MV
DRW,Darwin International Airport / RAAF Darwin,Darwin International Airport / RAAF Darwin,Darwin,داروين، الإقليم الشمالي,Australia,أستراليا,AU
DSD,La Désirade Airport,La Désirade Airport,Grande Anse,لا ديزيراد,Guadeloupe,غوادلوب,GP
DSE,Kombolcha Airport,مطار كومبولشا,Dessie,كومبولشا,Ethiopia,إثيوبيا,ET
DSI,Destin Executive Airport,Destin Executive Airport,Destin,ديستن,United States,الولايات المتحدة,US
DSM,Des Moines International Airport,Des Moines International Airport,Des Moines,دي موين,United States,الولايات المتحدة,US
DSN,Ordos Ejin Horo International Airport,مطار اوردوس إيجين هورو,Ordos,أوردوس سيتي,China,الصين,CN
DSO,Sondok Airport,Sondok Airport,Sŏndŏng-ni,Sŏndŏng-ni,North Korea,كوريا الشمالية,KP
DSS,Blaise Diagne International Airport,مطار بليز دياغني الدولي,Dakar,دكار,Senegal,السنغال,SN
DSY,Dara Sakor International Airport,Dara Sakor International Airport,Ta Noun,Ta Noun,Cambodia,كمبوديا,KH
DTB,Silangit Airport,Silangit Airport,Siborong-Borong,Siborong-Borong,Indonesia,إندونيسيا,ID
DTD,Datadawai Airport,Datadawai Airport,Datadawai-Borneo Island,Datadawai-Borneo Island,Indonesia,إندونيسيا,ID
DTM,Dortmund Airport,مطار دورتموند,Dortmund,دورتموند,Germany,ألمانيا,DE
DTR,Decatur Shores Airport,Decatur Shores Airport,Decatur,Decatur,United States,الولايات المتحدة,US
DTU,Wudalianchi Dedu Airport,مطار واداليانتشي ديدو,Heihe,ووداليانتشي,China,الصين,CN
DTW,Detroit Metropolitan Wayne County Airport,مطار ديترويت,Detroit,ديترويت,United States,الولايات المتحدة,US
DUB,Dublin Airport,مطار دبلن,Dublin,دبلن,Ireland,أيرلندا,IE
DUD,Dunedin International Airport,مطار دونيدين الدولي,Dunedin,دنيدن,New Zealand,نيوزيلندا,NZ
DUE,Dundo Airport,Dundo Airport,Chitato,دوندو,Angola,أنغولا,AO
DUJ,DuBois Regional Airport,DuBois Regional Airport,Dubois,دوبويس,United States,الولايات المتحدة,US
DUM,Pinang Kampai Airport,مطار بينانغ كامباي,Dumai,دوماي,Indonesia,إندونيسيا,ID
DUR,King Shaka International Airport,مطار الملك شاكا الدولي,Durban,ديربان,South Africa,جنوب أفريقيا,ZA
DUS,Düsseldorf Airport,مطار دوسلدورف,Düsseldorf,دوسلدورف,Germany,ألمانيا,DE
DUT,Tom Madsen (Dutch Harbor) Airport,Tom Madsen (Dutch Harbor) Airport,Unalaska,أونالاسكا,United States,الولايات المتحدة,US
DVL,Devils Lake Regional Airport,Devils Lake Regional Airport,Devils Lake,ديفيلز ليك,United States,الولايات المتحدة,US
DVO,Francisco Bangoy International Airport,مطار فرانسيسكو بانجوي الدولي,Davao,دافاو,Philippines,الفلبين,PH
DWB,Soalala Airport,Soalala Airport,Soalala,Soalala,Madagascar,مدغشقر,MG
DWC,Al Maktoum International Airport,مطار آل مكتوم الدولي,Dubai,دبي,United Arab Emirates,الإمارات,AE
DWD,Dawadmi Domestic Airport,مطار الدوادمي,Dawadmi,الدوادمي,Saudi Arabia,السعودية,SA
DXB,Dubai International Airport,مطار دبي الدولي,Dubai,دبي,United Arab Emirates,الإمارات,AE
DXJ,Xiangxi Biancheng Airport,Xiangxi Biancheng Airport,Xiangxi,Xiangxi,China,الصين,CN
DXN,Noida International Airport,مطار نويدا الدولي,Gautam Buddha Nagar,دلهي,India,الهند,IN
DYG,Zhangjiajie Hehua International Airport,مطار تشانغجياجيه هيهوا,Zhangjiajie (Yongding),زانغجياجي,China,الصين,CN
DYR,Ugolny Yuri Ryktheu Airport,مطار أوغولني,Anadyr,أنادير,Russia,روسيا,RU
DYU,Dushanbe International Airport,مطار دوشنبه الدولي,Dushanbe,دوشنبة,Tajikistan,طاجيكستان,TJ
DZA,Dzaoudzi Pamandzi International Airport,مطار دزاودزي باماندزي الدولي,Dzaoudzi,دزاودزي,Mayotte,مايوت,YT
DZH,Dazhou Jinya Airport,Dazhou Jinya Airport,Dazhou (Dachuan),Dazhou (Dachuan),China,الصين,CN
DZN,Zhezkazgan National Airport,Zhezkazgan National Airport,Zhezkazgan,جيزكازغان,Kazakhstan,كازاخستان,KZ
EAA,Eagle Airport,Eagle Airport,Eagle,إيغل,United States,الولايات المتحدة,US
EAM,Najran Airport,مطار نجران,Najran,نجران,Saudi Arabia,السعودية,SA
EAR,Kearney Regional Airport,Kearney Regional Airport,Kearney,كيارني,United States,الولايات المتحدة,US
EAS,San Sebastián Airport,مطار سان سيباستيان,Hondarribia,سان سبستيان,Spain,إسبانيا,ES
EAT,Pangborn Memorial Airport,Pangborn Memorial Airport,Wenatchee,وينتاتشي,United States,الولايات المتحدة,US
EAU,Chippewa Valley Regional Airport,Chippewa Valley Regional Airport,Eau Claire,يو كلير,United States,الولايات المتحدة,US
EAX,Eduard Alexander Gummels Airport,Eduard Alexander Gummels Airport,Kwatta,Kwatta,Suriname,سورينام,SR
EBA,Marina di Campo Airport,Marina di Campo Airport,Campo nell'Elba (LI),إلبا,Italy,إيطاليا,IT
EBB,Entebbe International Airport,مطار عنتيبي الدولي,Entebbe,كامبالا,Uganda,أوغندا,UG
EBD,El-Obeid Airport,مطار الأبيض,El-Obeid,El-Obeid,Sudan,السودان,SD
EBH,El Bayadh Airport,مطار البيض,El Bayadh,البيّض,Algeria,الجزائر,DZ
EBJ,Esbjerg Airport,Esbjerg Airport,Esbjerg,إيسبيرغ,Denmark,الدنمارك,DK
EBL,Erbil International Airport,مطار أربيل الدولي,Erbil,أربيل,Iraq,العراق,IQ
ECN,Ercan International Airport,مطار إرجان الدولي,Tymbou (Kirklar),قبرص الشمالية,Cyprus,قبرص,CY
ECP,Northwest Florida Beaches International Airport,Northwest Florida Beaches International Airport,Panama City Beach,بنما سيتي,United States,الولايات المتحدة,US
EDI,Edinburgh Airport,مطار إدنبرة,Edinburgh,إدنبرة,United Kingdom,المملكة المتحدة,GB
EDL,Eldoret International Airport,Eldoret International Airport,Eldoret,إلدوريت,Kenya,كينيا,KE
EDO,Balıkesir Koca Seyit Airport,Balıkesir Koca Seyit Airport,Edremit,بالي قصر,Türkiye,تركيا,TR
EDR,Pormpuraaw Airport,Pormpuraaw Airport,Pormpuraaw,Pormpuraaw,Australia,أستراليا,AU
EEK,Eek Airport,Eek Airport,Eek,إيك,United States,الولايات المتحدة,US
EFL,Kefallinia Airport,Kefallinia Airport,Kefallinia Island,كيفالونيا,Greece,اليونان,GR
EGC,Bergerac Dordogne-Périgord airport,Bergerac Dordogne-Périgord airport,Bergerac,بيرجيراك,France,فرنسا,FR
EGE,Eagle County Regional Airport,Eagle County Regional Airport,Eagle,Eagle,United States,الولايات المتحدة,US
EGS,Egilsstaðir Airport,Egilsstaðir Airport,Egilsstaðir,Egilsstaðir,Iceland,آيسلندا,IS
EGX,Egegik Airport,Egegik Airport,Egegik,إغيغيك,United States,الولايات المتحدة,US
EHU,Ezhou Huahu International Airport,Ezhou Huahu International Airport,Ezhou,Ezhou,China,الصين,CN
EIE,Yeniseysk Airport,Yeniseysk Airport,Yeniseysk,يينيسيسك,Russia,روسيا,RU
EIN,Eindhoven Airport,مطار آيندهوفن,Eindhoven,آيندهوفن,Netherlands,هولندا,NL
EIS,Terrance B. Lettsome International Airport,Terrance B. Lettsome International Airport,Beef Island,جزر عذراء بريطانية,British Virgin Islands,جزر فيرجن البريطانية,VG
EJA,Yariguíes Airport,Yariguíes Airport,Barrancabermeja,بارانكابيرميخا,Colombia,كولومبيا,CO
EJH,Al Wajh Airport,مطار الوجه,Al Wajh,الوجه,Saudi Arabia,السعودية,SA
EJT,Enejit Airport,Enejit Airport,Enejit Island,Enejit Island,Marshall Islands,جزر مارشال,MH
EKO,Elko Regional Airport,Elko Regional Airport,Elko,إلكو,United States,الولايات المتحدة,US
EKS,Shakhtyorsk Airport,Shakhtyorsk Airport,Shakhtyorsk,Shakhtyorsk,Russia,روسيا,RU
ELC,Elcho Island Airport,Elcho Island Airport,Elcho Island,Elcho Island,Australia,أستراليا,AU
ELD,South Arkansas Regional Airport at Goodwin Field,South Arkansas Regional Airport at Goodwin Field,El Dorado,إل دورادو,United States,الولايات المتحدة,US
ELF,El Fasher Airport,مطار الفاشر,El Fasher,الفاشر,Sudan,السودان,SD
ELG,El Golea Airport,مطار المنيعة,El Menia,المنيعة,Algeria,الجزائر,DZ
ELH,North Eleuthera Airport,North Eleuthera Airport,North Eleuthera,North Eleuthera,Bahamas,جزر البهاما,BS
ELI,Elim Airport,Elim Airport,Elim,إيليم,United States,الولايات المتحدة,US
ELM,Elmira Corning Regional Airport,Elmira Corning Regional Airport,Elmira/Corning,إلميرا,United States,الولايات المتحدة,US
ELP,El Paso International Airport,El Paso International Airport,El Paso,إل باسو,United States,الولايات المتحدة,US
ELQ,Prince Nayef bin Abdulaziz Regional Airport,مطار الأمير نايف بن عبدالعزيز الإقليمي,Qassim,القصيم,Saudi Arabia,السعودية,SA
ELS,King Phalo Airport,King Phalo Airport,East London,إيست لندن,South Africa,جنوب أفريقيا,ZA
ELU,Guemar Airport - مطار قمار بالوادي,مطار الوادي - قمار,Guemar,"الوادي, الجزائر",Algeria,الجزائر,DZ
EMA,East Midlands Airport,East Midlands Airport,"Nottingham, Leicestershire",نوتنغهام,United Kingdom,المملكة المتحدة,GB
EMD,Emerald Airport,Emerald Airport,Emerald,إيميرالد,Australia,أستراليا,AU
EME,Emden Airport,Emden Airport,Emden,إمدن,Germany,ألمانيا,DE
EMK,Emmonak Airport,Emmonak Airport,Emmonak,إموناك,United States,الولايات المتحدة,US
ENA,Kenai Municipal Airport,Kenai Municipal Airport,Kenai,كيناي,United States,الولايات المتحدة,US
ENE,H. Hasan Aroeboesman (Ende) Airport,H. Hasan Aroeboesman (Ende) Airport,Ende,إندي,Indonesia,إندونيسيا,ID
ENF,Enontekio Airport,Enontekio Airport,Enontekio,Enontekio,Finland,فنلندا,FI
ENH,Enshi Xujiaping Airport,مطار إينشي شوجيابينغ,Enshi (Enshi),مدينة إنشي,China,الصين,CN
ENI,El Nido Airport,مطار ال نيدو,El Nido,إل نيدو,Philippines,الفلبين,PH
ENO,Teniente Ramon A. Ayub Gonzalez International Airport,Teniente Ramon A. Ayub Gonzalez International Airport,Encarnación,إيتابوا,Paraguay,باراغواي,PY
ENT,Eniwetok Airport,Eniwetok Airport,Eniwetok Atoll,آتول إنيويتوك,Marshall Islands,جزر مارشال,MH
ENU,Akanu Ibiam International Airport,Akanu Ibiam International Airport,Enegu,إنوغو,Nigeria,نيجيريا,NG
ENY,Yan'an Nanniwan Airport,Yan'an Nanniwan Airport,Yan'an (Baota),يانان,China,الصين,CN
EOH,Enrique Olaya Herrera Airport,Enrique Olaya Herrera Airport,Medellín,ميديلين,Colombia,كولومبيا,CO
EOI,Eday Airport,Eday Airport,Eday,ٳيداي,United Kingdom,المملكة المتحدة,GB
EPR,Esperance Airport,Esperance Airport,Esperance,اسبرانس,Australia,أستراليا,AU
EPU,Pärnu Airport,Pärnu Airport,Pärnu,بارنو,Estonia,إستونيا,EE
EQS,Esquel Brigadier Antonio Parodi International Airport,Esquel Brigadier Antonio Parodi International Airport,Esquel,آيسكيول,Argentina,الأرجنتين,AR
ERC,Erzincan Airport,مطار أرزنجان,Erzincan,أرزنجان,Türkiye,تركيا,TR
ERF,Erfurt-Weimar Airport,Erfurt-Weimar Airport,Erfurt,إرفورت,Germany,ألمانيا,DE
ERH,Moulay Ali Cherif Airport,مطار الرشيدية مولاي علي الشريف,Errachidia,الرشيدية,Morocco,المغرب,MA
ERI,Erie International Tom Ridge Field,Erie International Tom Ridge Field,Erie,إيري,United States,الولايات المتحدة,US
ERL,Erenhot Saiwusu International Airport,مطار إيرينهوت سايوسو الدولي,Erenhot,ارنهوت,China,الصين,CN
ERS,Eros Airport,Eros Airport,Windhoek,ويندهوك,Namibia,ناميبيا,NA
ERZ,Erzurum International Airport,مطار أرضروم,Erzurum,أرضروم,Türkiye,تركيا,TR
ESB,Ankara Esenboğa Airport,مطار أنقرة إيسنبوغا,Ankara,أنقرة,Türkiye,تركيا,TR
ESC,Delta County Airport,Delta County Airport,Escanaba,إسكانابا,United States,الولايات المتحدة,US
ESD,Orcas Island Airport,Orcas Island Airport,Eastsound,Eastsound,United States,الولايات المتحدة,US
ESL,Elista Airport,Elista Airport,Elista,إيليستا,Russia,روسيا,RU
ESM,Carlos Concha Torres International Airport,Carlos Concha Torres International Airport,Tachina,إسمرالداس,Ecuador,الإكوادور,EC
ESR,Ricardo García Posada Airport,Ricardo García Posada Airport,El Salvador,آيل السلفادور,Chile,تشيلي,CL
ESU,Essaouira-Mogador Airport,مطار الصويرة موكادور,Essaouira,الصويرة,Morocco,المغرب,MA
ETM,Ramon International Airport,مطار رامون,Eilat,إيلات,Israel,إسرائيل,IL
ETR,Santa Rosa - Artillery Colonel Victor Larrea International Airport,Santa Rosa - Artillery Colonel Victor Larrea International Airport,Santa Rosa,ماتشالا,Ecuador,الإكوادور,EC
ETZ,Metz-Nancy-Lorraine Airport,مطار ميتز نانسي لورين,Goin,متز,France,فرنسا,FR
EUA,Kaufana Airport,Kaufana Airport,Eua Island,`جزيرة إيوا,Tonga,تونغا,TO
EUG,Eugene Airport,Eugene Airport,Eugene,يوجين,United States,الولايات المتحدة,US
EUN,Laayoune Hassan I International Airport,مطار العيون الحسن الأول,El Aaiún,العيون,Western Sahara,الصحراء الغربية,EH
EUX,F. D. Roosevelt Airport,F. D. Roosevelt Airport,Oranjestad,أورانياستاد,Caribbean Netherlands,هولندا الكاريبية,BQ
EVE,Harstad/Narvik Airport,Harstad/Narvik Airport,Evenes,هارستاد,Norway,النرويج,NO
EVG,Sveg Airport,Sveg Airport,Sveg,سفيغ,Sweden,السويد,SE
EVN,Zvartnots International Airport,مطار زفارتنوتس الدولي,Yerevan,يريفان,Armenia,أرمينيا,AM
EVV,Evansville Regional Airport,Evansville Regional Airport,Evansville,إيفانسفيل,United States,الولايات المتحدة,US
EWB,New Bedford Regional Airport,New Bedford Regional Airport,New Bedford,New Bedford,United States,الولايات المتحدة,US
EWN,Coastal Carolina Regional Airport,Coastal Carolina Regional Airport,New Bern,مقاطعة كرافين,United States,الولايات المتحدة,US
EWR,Newark Liberty International Airport,مطار نيوارك ليبرتي الدولي,Newark,نيوارك,United States,الولايات المتحدة,US
EXT,Exeter International Airport,مطار إكستر,"Exeter, Devon",إكستر,United Kingdom,المملكة المتحدة,GB
EYK,Beloyarskiy Airport,Beloyarskiy Airport,Beloyarskiy Airport,بيلويارسكي,Russia,روسيا,RU
EYP,El Alcaravan - Yopal Airport,El Alcaravan - Yopal Airport,Yopal,يوبال,Colombia,كولومبيا,CO
EYW,Key West International Airport,Key West International Airport,Key West,كي ويست,United States,الولايات المتحدة,US
EZE,Ministro Pistarini International Airport,مطار وزير بيستاريني الدولي,Buenos Aires,بوينس آيرس,Argentina,الأرجنتين,AR
EZS,Elazığ Airport,Elazığ Airport,Elazığ,معمورة العزيز,Türkiye,تركيا,TR
FAE,Vágar Airport,مطار فاغار,Vágar,فاغار,Faroe Islands,جزر فارو,FO
FAI,Fairbanks International Airport,Fairbanks International Airport,Fairbanks,فيربانكس,United States,الولايات المتحدة,US
FAO,Faro Airport,مطار فارو,Faro,فارو,Portugal,البرتغال,PT
FAR,Hector International Airport,Hector International Airport,Fargo,فارغو,United States,الولايات المتحدة,US
FAT,Fresno Yosemite International Airport,Fresno Yosemite International Airport,Fresno,فريسنو,United States,الولايات المتحدة,US
FAV,Fakarava Airport,Fakarava Airport,Fakarava Airport,Fakarava Airport,French Polynesia,بولينيزيا الفرنسية,PF
FAY,Fayetteville Regional Airport - Grannis Field,Fayetteville Regional Airport - Grannis Field,Fayetteville,كارولاينا الشمالية,United States,الولايات المتحدة,US
FBD,Fayzabad Airport,مطار فيض آباد,Fayzabad,فيض آباد,Afghanistan,أفغانستان,AF
FBE,Paulo Abdala Airport,Paulo Abdala Airport,Francisco Beltrão,Francisco Beltrão,Brazil,البرازيل,BR
FBM,Lubumbashi International Airport,مطار لوبومباشي الدولي,Lubumbashi,لوبومباشي,Congo - Kinshasa,الكونغو - كينشاسا,CD
FCA,Glacier Park International Airport,Glacier Park International Airport,Kalispell,كاليسبيل,United States,الولايات المتحدة,US
FCN,Sea-Airport Cuxhaven/Nordholz / Nordholz Naval Airbase,Sea-Airport Cuxhaven/Nordholz / Nordholz Naval Airbase,Wurster Nordseeküste,كوكسهافن,Germany,ألمانيا,DE
FCO,Rome Fiumicino Airport,مطار روما فيوميتشينو,Rome,روما,Italy,إيطاليا,IT
FDE,"Førde Airport, Bringeland","Førde Airport, Bringeland",Førde,فورديه,Norway,النرويج,NO
FDF,Martinique Aimé Césaire International Airport,Martinique Aimé Césaire International Airport,Fort-de-France,فور دو فرانس,Martinique,جزر المارتينيك,MQ
FDH,Bodensee Airport Friedrichshafen,Bodensee Airport Friedrichshafen,Friedrichshafen,فريدريشسهافن,Germany,ألمانيا,DE
FDU,Bandundu Airport,Bandundu Airport,Bandundu,باندوندو,Congo - Kinshasa,الكونغو - كينشاسا,CD
FEG,Fergana International Airport,Fergana International Airport,Fergana,فرغانة,Uzbekistan,أوزبكستان,UZ
FEN,Fernando de Noronha Airport,Fernando de Noronha Airport,Fernando de Noronha,فرناندو دي نورونيا,Brazil,البرازيل,BR
FEZ,Fes–Saïss Airport,مطار فاس سايس,Fes,فاس,Morocco,المغرب,MA
FGU,Fangatau Airport,Fangatau Airport,Fangatau,Fangatau,French Polynesia,بولينيزيا الفرنسية,PF
FHZ,Fakahina Airport,Fakahina Airport,Fakahina,Fakahina,French Polynesia,بولينيزيا الفرنسية,PF
FIE,Fair Isle Airport,Fair Isle Airport,Fair Isle,Fair Isle,United Kingdom,المملكة المتحدة,GB
FIH,Ndjili International Airport,مطار ندجيلي,Kinshasa,كينشاسا,Congo - Kinshasa,الكونغو - كينشاسا,CD
FIZ,Fitzroy Crossing Airport,Fitzroy Crossing Airport,Fitzroy Crossing Airport,Fitzroy Crossing Airport,Australia,أستراليا,AU
FJR,Fujairah International Airport,مطار الفجيرة الدولي,Fujairah,الفجيرة,United Arab Emirates,الإمارات,AE
FKB,Karlsruhe Baden-Baden Airport,مطار كارلسروه/بادن-بادن,Rheinmünster,كارلسروه,Germany,ألمانيا,DE
FKI,Bangoka International Airport,Bangoka International Airport,Kisangani,كيسانغاني,Congo - Kinshasa,الكونغو - كينشاسا,CD
FKQ,Fakfak Airport,Fakfak Airport,Fakfak,فاكفاك,Indonesia,إندونيسيا,ID
FKS,Fukushima Airport,Fukushima Airport,Sukagawa,فوكوشيما,Japan,اليابان,JP
FLA,Gustavo Artunduaga Paredes Airport,Gustavo Artunduaga Paredes Airport,Florencia,فلورنسيا,Colombia,كولومبيا,CO
FLG,Flagstaff Pulliam Airport,Flagstaff Pulliam Airport,Flagstaff,فلاغستاف,United States,الولايات المتحدة,US
FLL,Fort Lauderdale Hollywood International Airport,Fort Lauderdale Hollywood International Airport,Fort Lauderdale,فورت لودرديل,United States,الولايات المتحدة,US
FLN,Hercílio Luz International Airport,Hercílio Luz International Airport,Florianópolis,فلوريانوبوليس,Brazil,البرازيل,BR
FLO,Florence Regional Airport,Florence Regional Airport,Florence,فلورنس,United States,الولايات المتحدة,US
FLR,Florence Airport,مطار فلورنسا,Florence,فلورنسا,Italy,إيطاليا,IT
FLS,Flinders Island Airport,Flinders Island Airport,Whitemark,جزيرة فلندرز,Australia,أستراليا,AU
FLW,Flores Airport,Flores Airport,Santa Cruz das Flores,Santa Cruz das Flores,Portugal,البرتغال,PT
FLZ,Dr. Ferdinand Lumban Tobing Airport,Dr. Ferdinand Lumban Tobing Airport,Sibolga (Pinangsori),سيبولغا,Indonesia,إندونيسيا,ID
FMA,Formosa National Airport,Formosa National Airport,Formosa,فورموزا,Argentina,الأرجنتين,AR
FMI,Kalemie Airport,Kalemie Airport,Kalemie,كاليمي,Congo - Kinshasa,الكونغو - كينشاسا,CD
FMM,Memmingen Allgau Airport,مطار ميمينجين,Memmingen,ميمينجين,Germany,ألمانيا,DE
FMO,Münster Osnabrück Airport,Münster Osnabrück Airport,Greven,مونستر,Germany,ألمانيا,DE
FMT,Faresmaathoda Airport,Faresmaathoda Airport,Faresmaathodaa,Faresmaathodaa,Maldives,المالديف,MV
FNA,Lungi International Airport,مطار فريتاون الدولي,Freetown (Lungi-Town),فريتاون,Sierra Leone,سيراليون,SL
FNC,Cristiano Ronaldo International Airport,مطار كريستيانو رونالدو,Funchal,فُنْشال,Portugal,البرتغال,PT
FND,Funadhoo Airport,مطار فونادهو,Funadhoo,فونادهو,Maldives,المالديف,MV
FNI,Nîmes-Arles-Camargue Airport,مطار نيم,Nîmes/Garons,نيم,France,فرنسا,FR
FNJ,Pyongyang Sunan International Airport,مطار سونان الدولي,Pyongyang,بيونغيانغ,North Korea,كوريا الشمالية,KP
FNT,Bishop International Airport,Bishop International Airport,Flint,فلينت,United States,الولايات المتحدة,US
FOA,Foula Airfield,Foula Airfield,Foula,Foula,United Kingdom,المملكة المتحدة,GB
FOC,Fuzhou Changle International Airport,مطار فوتشو تشانغله الدولي,Fuzhou (Changle),فوزهو,China,الصين,CN
FOD,Fort Dodge Regional Airport,Fort Dodge Regional Airport,Fort Dodge,فورت دودج,United States,الولايات المتحدة,US
FOG,Foggia Gino Lisa Airport,مطار فوجا جينو ليسا,Foggia (FG),فُدجَة,Italy,إيطاليا,IT
FON,La Fortuna Arenal Airport,La Fortuna Arenal Airport,La Fortuna,La Fortuna,Costa Rica,كوستاريكا,CR
FOR,Pinto Martins International Airport,Pinto Martins International Airport,Fortaleza,فورتاليزا,Brazil,البرازيل,BR
FPO,Grand Bahama International Airport,Grand Bahama International Airport,Freeport,فريبورت,Bahamas,جزر البهاما,BS
FRA,Frankfurt Airport,مطار فرانكفورت,Frankfurt,فرانكفورت,Germany,ألمانيا,DE
FRD,Friday Harbor Airport,Friday Harbor Airport,Friday Harbor,فرايداي هاربور,United States,الولايات المتحدة,US
FRE,Fera/Maringe Airport,Fera/Maringe Airport,Fera Island,Fera Island,Solomon Islands,جزر سليمان,SB
FRL,Forlì-Luigi Ridolfi International Airport,Forlì-Luigi Ridolfi International Airport,Forlì (FC),فورلي,Italy,إيطاليا,IT
FRO,Florø Airport,Florø Airport,Florø,فلورو,Norway,النرويج,NO
FRS,Mundo Maya International Airport,Mundo Maya International Airport,San Benito,إدارة بيتين,Guatemala,غواتيمالا,GT
FRU,Manas International Airport,مطار ماناس الدولي,Bishkek,بيشكيك,Kyrgyzstan,قيرغيزستان,KG
FRW,Phillip Gaonwe Matante International Airport,Phillip Gaonwe Matante International Airport,Francistown,فرانسيس,Botswana,بوتسوانا,BW
FSC,Figari Sud-Corse Airport,Figari Sud-Corse Airport,Figari,بورتو فيكيو,France,فرنسا,FR
FSD,Sioux Falls Regional Airport,Sioux Falls Regional Airport,Sioux Falls,سو فولز,United States,الولايات المتحدة,US
FSH,Syekh Hamzah Fansyuri Airport,Syekh Hamzah Fansyuri Airport,Singkil,Singkil,Indonesia,إندونيسيا,ID
FSM,Fort Smith Regional Airport,Fort Smith Regional Airport,Fort Smith,فورت سميث,United States,الولايات المتحدة,US
FSP,Saint-Pierre Pointe-Blanche Airport,Saint-Pierre Pointe-Blanche Airport,Saint-Pierre,سان بيير (سان بيير وميكلون),St. Pierre & Miquelon,سان بيير ومكويلون,PM
FSZ,Mount Fuji Shizuoka Airport,Mount Fuji Shizuoka Airport,Makinohara / Shimada,شيزوكا,Japan,اليابان,JP
FTA,Futuna Airport,Futuna Airport,Futuna Island,فوتونا (جزيرة فانواتو),Vanuatu,فانواتو,VU
FTE,El Calafate - Commander Armando Tola International Airport,El Calafate - Commander Armando Tola International Airport,El Calafate,إل كالافاتي,Argentina,الأرجنتين,AR
FTI,Fitiuta Airport,Fitiuta Airport,Fitiuta Village,Fitiuta Village,American Samoa,ساموا الأمريكية,AS
FTU,Tôlanaro Airport,Tôlanaro Airport,Tôlanaro,تولانارو,Madagascar,مدغشقر,MG
FTW,Fort Worth Meacham International Airport,Fort Worth Meacham International Airport,Fort Worth,Fort Worth,United States,الولايات المتحدة,US
FUE,Fuerteventura Airport,مطار فويرتيفنتورا,El Matorral,فويرتيفنتورا,Spain,إسبانيا,ES
FUG,Fuyang Xiguan Airport,مطار فويانغ شيغوان,"Yingzhou, Fuyang",فويانغ,China,الصين,CN
FUJ,Fukue Airport,Fukue Airport,Goto,زمخر,Japan,اليابان,JP
FUK,Fukuoka Airport,مطار فوكوكا,Fukuoka,فوكوكا,Japan,اليابان,JP
FUN,Funafuti International Airport,Funafuti International Airport,Funafuti,فونافوتي,Tuvalu,توفالو,TV
FUO,Foshan Shadi Airport,مطار فوشان شادي,Foshan (Nanhai),فوشان,China,الصين,CN
FUT,Pointe Vele Airport,Pointe Vele Airport,Futuna Island,Futuna Island,Wallis & Futuna,جزر والس وفوتونا,WF
FWA,Fort Wayne International Airport,مطار فورت واين الدولي,Fort Wayne,فورت واين,United States,الولايات المتحدة,US
FYJ,Fuyuan Dongji Airport,مطار فويوان دونججي,Fuyuan,Fuyuan,China,الصين,CN
FYN,Fuyun Koktokay Airport,مطار فويون كوكتوكاي,Fuyun,Fuyun,China,الصين,CN
FYU,Fort Yukon Airport,Fort Yukon Airport,Fort Yukon,فورت يوكون,United States,الولايات المتحدة,US
GAJ,Yamagata Airport,Yamagata Airport,Higashine,ياماغاتا، ياماغاتا,Japan,اليابان,JP
GAL,Edward G. Pitka Sr Airport,Edward G. Pitka Sr Airport,Galena,غالينا,United States,الولايات المتحدة,US
GAM,Gambell Airport,Gambell Airport,Gambell,غامبيل,United States,الولايات المتحدة,US
GAN,Gan International Airport,مطار غان الدولي,Gan,مدينة أدو,Maldives,المالديف,MV
GAQ,Gao International Airport,طار كاغو الدولي,Gao,كاغو,Mali,مالي,ML
GAU,Lokpriya Gopinath Bordoloi International Airport,Lokpriya Gopinath Bordoloi International Airport,Guwahati,غواهاتي,India,الهند,IN
GAX,Gamba Airport,Gamba Airport,Gamba,Gamba,Gabon,الغابون,GA
GAY,Gaya Airport,Gaya Airport,Gaya,غايا,India,الهند,IN
GBB,Gabala International Airport,مطار قابالا الدولي,Gabala,Gabala,Azerbaijan,أذربيجان,AZ
GBE,Sir Seretse Khama International Airport,مطار سير سيريتسي خاما الدولي,Gaborone,غابورون,Botswana,بوتسوانا,BW
GBI,Kalaburagi Airport,مطار كلبركة,Kalaburagi,كلبركة,India,الهند,IN
GBJ,Marie-Galante Airport,Marie-Galante Airport,Grand-Bourg,غران-بور,Guadeloupe,غوادلوب,GP
GBZ,Great Barrier Aerodrome,Great Barrier Aerodrome,Claris,Claris,New Zealand,نيوزيلندا,NZ
GCC,Northeast Wyoming Regional Airport,Northeast Wyoming Regional Airport,Gillette,جيليت,United States,الولايات المتحدة,US
GCH,Gachsaran Airport,Gachsaran Airport,Gachsaran,دوغنبدان,Iran,إيران,IR
GCI,Guernsey Airport,مطار غيرنزي,Saint Peter Port,غيرنزي,Guernsey,غيرنزي,GG
GCK,Garden City Regional Airport,Garden City Regional Airport,Garden City,غاردن سيتي,United States,الولايات المتحدة,US
GCM,Owen Roberts International Airport,مطار أوين روبرتس الدولي,George Town,جورج تاون، جزر كايمان,Cayman Islands,جزر كايمان,KY
GCN,Grand Canyon National Park Airport,Grand Canyon National Park Airport,Grand Canyon - Tusayan,الخانق العظيم,United States,الولايات المتحدة,US
GDB,Gondia Airport,Gondia Airport,Gondia,جونديا,India,الهند,IN
GDE,Gode Airport,Gode Airport,Gode,جودي(المنطقة الصومالية),Ethiopia,إثيوبيا,ET
GDL,Guadalajara International Airport,غوادالاخارا,Guadalajara,غوادالاخارا,Mexico,المكسيك,MX
GDN,Gdańsk Lech Wałęsa Airport,مطار غدانسك ليخ فاونسا,Gdańsk,غدانسك,Poland,بولندا,PL
GDQ,Gondar Airport,Gondar Airport,Azezo,غوندر,Ethiopia,إثيوبيا,ET
GDT,JAGS McCartney International Airport,JAGS McCartney International Airport,Cockburn Town,كوكبرن تاون,Turks & Caicos Islands,جزر توركس وكايكوس,TC
GDV,Dawson Community Airport,Dawson Community Airport,Glendive,غلينديف,United States,الولايات المتحدة,US
GDX,Sokol Airport,Sokol Airport,Magadan,ماغادان,Russia,روسيا,RU
GDZ,Gelendzhik Airport,Gelendzhik Airport,Gelendzhik,غيلينجيك,Russia,روسيا,RU
GEA,Nouméa Magenta Airport,Nouméa Magenta Airport,Nouméa,نوميا,New Caledonia,كاليدونيا الجديدة,NC
GEG,Spokane International Airport,Spokane International Airport,Spokane,سبوكين,United States,الولايات المتحدة,US
GEL,Santo Ângelo Airport,Santo Ângelo Airport,Santo Ângelo,Santo Ângelo,Brazil,البرازيل,BR
GEM,President Obiang Nguema International Airport,President Obiang Nguema International Airport,Mengomeyén,مونغومو,Equatorial Guinea,غينيا الاستوائية,GQ
GEO,Cheddi Jagan International Airport,Cheddi Jagan International Airport,Georgetown,جورج تاون,Guyana,غيانا,GY
GER,Rafael Cabrera Airport,Rafael Cabrera Airport,Nueva Gerona,نويفا جيرونا,Cuba,كوبا,CU
GES,General Santos International Airport,مطار جنرال سانتوس الدولي,General Santos,جنرال سانتوس,Philippines,الفلبين,PH
GET,Geraldton Airport,Geraldton Airport,Moonyoonooka,جيرالدتون,Australia,أستراليا,AU
GEV,Gällivare Airport,Gällivare Airport,Gällivare,ياليفاره,Sweden,السويد,SE
GFF,Griffith Airport,Griffith Airport,Griffith,مدينة غريفيث,Australia,أستراليا,AU
GFK,Grand Forks International Airport,Grand Forks International Airport,Grand Forks,غراند فوركس,United States,الولايات المتحدة,US
GGF,Almeirim Airport,Almeirim Airport,Almeirim,Almeirim,Brazil,البرازيل,BR
GGG,East Texas Regional Airport,East Texas Regional Airport,Longview,كيلغور,United States,الولايات المتحدة,US
GGJ,Guaíra Airport,Guaíra Airport,Guaíra,Guaíra,Brazil,البرازيل,BR
GGR,Garowe Airport,مطار غاروي,Garowe,غاروي,Somalia,الصومال,SO
GGS,Gobernador Gregores Airport,Gobernador Gregores Airport,Gobernador Gregores,غوبيرنادور غريغوريس,Argentina,الأرجنتين,AR
GGT,Exuma International Airport,Exuma International Airport,Moss Town,إكسوما,Bahamas,جزر البهاما,BS
GGW,Glasgow Valley County Airport Wokal Field,Glasgow Valley County Airport Wokal Field,Glasgow,غلاسكو,United States,الولايات المتحدة,US
GHA,Noumérat - Moufdi Zakaria Airport,مطار غرداية - نوميرات مفدي زكريا,El Atteuf,غرداية,Algeria,الجزائر,DZ
GHB,Governor's Harbour Airport,Governor's Harbour Airport,Governor's Harbour,Governor's Harbour,Bahamas,جزر البهاما,BS
GHV,Brașov-Ghimbav International Airport,Brașov-Ghimbav International Airport,Brașov (Ghimbav),براشوف,Romania,رومانيا,RO
GIB,Gibraltar Airport,مطار جبل طارق,Gibraltar,جبل طارق,Gibraltar,جبل طارق,GI
GIC,Boigu Island Airport,Boigu Island Airport,Boigu Island,Boigu Island,Australia,أستراليا,AU
GID,Gitega Airport,مطار غيتيغا,Gitega,غيتيغا,Burundi,بوروندي,BI
GIG,Rio de Janeiro Galeão – Tom Jobim International Airport,مطار ريو دي جانيرو الدولي,Rio De Janeiro,ريو دي جانيرو,Brazil,البرازيل,BR
GIL,Gilgit Airport,Gilgit Airport,Gilgit,غلغت,Pakistan,باكستان,PK
GIS,Gisborne Airport,Gisborne Airport,Gisborne,غيسبورن,New Zealand,نيوزيلندا,NZ
GIZ,Jazan King Abdullah bin Abdulaziz Airport,مطار جازان الملك عبدالله بن عبدالعزيز,Jazan,جازان,Saudi Arabia,السعودية,SA
GJA,La Laguna Airport,La Laguna Airport,Guanaja,Guanaja,Honduras,هندوراس,HN
GJL,Jijel Ferhat Abbas Airport,مطار جيجل - فرحات عباس,Tahir,الطاهير,Algeria,الجزائر,DZ
GJT,Grand Junction Regional Airport,Grand Junction Regional Airport,Grand Junction,Grand Junction,United States,الولايات المتحدة,US
GKA,Goroka Airport,مطار غوروكا,Goronka,Goronka,Papua New Guinea,بابوا غينيا الجديدة,PG
GKK,Kooddoo Airport,مطار كوودوو,Huvadhu Atoll,Huvadhu Atoll,Maldives,المالديف,MV
GKN,Gulkana Airport,Gulkana Airport,Gulkana,Gulkana,United States,الولايات المتحدة,US
GLA,Glasgow Airport,مطار غلاسكو,Glasgow,غلاسكو,United Kingdom,المملكة المتحدة,GB
GLF,Golfito Airport,Golfito Airport,Golfito,Golfito,Costa Rica,كوستاريكا,CR
GLH,Mid Delta Regional Airport,Mid Delta Regional Airport,Greenville,غرينفيل,United States,الولايات المتحدة,US
GLK,Galcaio Airport,مطار عبد الله يوسف,Galcaio,جالكعيو,Somalia,الصومال,SO
GLT,Gladstone Airport,Gladstone Airport,Gladstone,جلادستون,Australia,أستراليا,AU
GLV,Golovin Airport,Golovin Airport,Golovin,غولوفان,United States,الولايات المتحدة,US
GMA,Gemena Airport,Gemena Airport,Gemena,Gemena,Congo - Kinshasa,الكونغو - كينشاسا,CD
GMB,Gambela Airport,مطار غامبيلا,Gambela,غامبيلا، إثيوبيا,Ethiopia,إثيوبيا,ET
GME,Gomel Airport,مطار غوميل,Gomel,غوميل,Belarus,بيلاروس,BY
GMI,Gasmata Island Airport,Gasmata Island Airport,Gasmata Island,Gasmata Island,Papua New Guinea,بابوا غينيا الجديدة,PG
GMO,Gombe Lawanti International Airport,مطار غومبي لاوانتي الدولي,Gombe,غومبي,Nigeria,نيجيريا,NG
GMP,Seoul Gimpo International Airport,مطار غيمبو الدولي,Seoul,سول,South Korea,كوريا الجنوبية,KR
GMQ,Golog Maqên Airport,مطار غولوغ ماكين,Golog (Maqên),Golog (Maqên),China,الصين,CN
GMR,Totegegie Airport,Totegegie Airport,Totegegie Airport,جزر غامبير,French Polynesia,بولينيزيا الفرنسية,PF
GMZ,La Gomera Airport,مطار لا كوميرا,"Alajero, La Gomera Island",كومارا,Spain,إسبانيا,ES
GNB,Grenoble Alpes Isère Airport,Grenoble Alpes Isère Airport,Grenoble,غرونوبل,France,فرنسا,FR
GND,Maurice Bishop International Airport,مطار موريس بيشوب الدولي,Saint George's,سانت جورجز,Grenada,غرينادا,GD
GNJ,Ganja International Airport,Ganja International Airport,Ganja,كنجه,Azerbaijan,أذربيجان,AZ
GNS,Binaka Airport,Binaka Airport,Gunungsitoli,Gunungsitoli,Indonesia,إندونيسيا,ID
GNU,Goodnews Airport,Goodnews Airport,Goodnews,غودنيوز باي,United States,الولايات المتحدة,US
GNV,Gainesville Regional Airport,Gainesville Regional Airport,Gainesville,غينزفيل,United States,الولايات المتحدة,US
GNY,Şanlıurfa GAP Airport,Şanlıurfa GAP Airport,Şanlıurfa,أورفة,Türkiye,تركيا,TR
GOA,Genoa Cristoforo Colombo Airport,مطار جنوة كريستوفورو كولومبو,Genova (GE),جنوة,Italy,إيطاليا,IT
GOH,Nuuk International Airport,مطار نوك,Nuuk,نوك,Greenland,غرينلاند,GL
GOI,Goa International Airport,مطار غوا الدولي,Goa,غوا,India,الهند,IN
GOJ,Nizhny Novgorod / Strigino International Airport,مطار ستريجينو الدولي,Nizhny Novgorod,نيجني نوفغورود,Russia,روسيا,RU
GOM,Goma International Airport,مطار غوما,Goma,غوما,Congo - Kinshasa,الكونغو - كينشاسا,CD
GOP,Gorakhpur Airport,Gorakhpur Airport,Gorakhpur,غوراخبور,India,الهند,IN
GOQ,Golmud Airport,مطار غولمود,Golmud,غولمود,China,الصين,CN
GOT,Göteborg Landvetter Airport,Göteborg Landvetter Airport,Göteborg,غوتنبرغ,Sweden,السويد,SE
GOU,Garoua International Airport,مطار غروة الدولي,Garoua,غاروا,Cameroon,الكاميرون,CM
GOV,Gove Airport,Gove Airport,Nhulunbuy,نهولونباي,Australia,أستراليا,AU
GOX,Manohar International Airport,مطار مانوهار الدولي,Mopa,Mopa,India,الهند,IN
GOY,Tura Mountain Airport,Tura Mountain Airport,Tura,Tura,Russia,روسيا,RU
GPA,Patras Araxos Agamemnon Airport,Patras Araxos Agamemnon Airport,Patras,بتراس,Greece,اليونان,GR
GPI,Guapi Airport,Guapi Airport,Guapi,غوابي، كاوكا,Colombia,كولومبيا,CO
GPS,Seymour Galapagos Ecological Airport,Seymour Galapagos Ecological Airport,Isla Baltra,جزيرة بالترا,Ecuador,الإكوادور,EC
GPT,Gulfport Biloxi International Airport,Gulfport Biloxi International Airport,Gulfport,غولفبورت,United States,الولايات المتحدة,US
GRB,Austin Straubel International Airport,Austin Straubel International Airport,Green Bay,غرين باي,United States,الولايات المتحدة,US
GRI,Central Nebraska Regional Airport,Central Nebraska Regional Airport,Grand Island,غراند إيسلاند,United States,الولايات المتحدة,US
GRJ,George Airport,George Airport,George,جورج,South Africa,جنوب أفريقيا,ZA
GRK,Killeen Regional Airport / Robert Gray Army Airfield,Killeen Regional Airport / Robert Gray Army Airfield,Fort Cavazos,Fort Cavazos,United States,الولايات المتحدة,US
GRO,Girona-Costa Brava Airport,مطار جرندة كوستا برافا,Girona,جرندة,Spain,إسبانيا,ES
GRQ,Groningen Airport Eelde,Groningen Airport Eelde,Groningen,خَرُنِنغِن,Netherlands,هولندا,NL
GRR,Gerald R. Ford International Airport,Gerald R. Ford International Airport,Grand Rapids,غراند رابيدز,United States,الولايات المتحدة,US
GRU,São Paulo/Guarulhos International Airport,مطار ساو باولو غوارولوس الدولي,São Paulo,ساو باولو,Brazil,البرازيل,BR
GRV,Akhmat Kadyrov Grozny International Airport,مطار غروزني الدولي,Grozny,غروزني,Russia,روسيا,RU
GRW,Graciosa Airport,Graciosa Airport,Santa Cruz da Graciosa,Santa Cruz da Graciosa,Portugal,البرتغال,PT
GRX,F.G.L. Airport Granada-Jaén Airport,F.G.L. Airport Granada-Jaén Airport,Granada,غرناطة,Spain,إسبانيا,ES
GRY,Grímsey Airport,Grímsey Airport,Grímsey/Sandvík,Grímsey/Sandvík,Iceland,آيسلندا,IS
GRZ,Graz Airport,مطار غراتس,Feldkirchen bei Graz,غراتس,Austria,النمسا,AT
GSM,Qeshm International Airport,مطار قشم الدولي,Qeshm(Dayrestan),قشم,Iran,إيران,IR
GSO,Piedmont Triad International Airport,Piedmont Triad International Airport,Greensboro,غرينزبورو,United States,الولايات المتحدة,US
GSP,Greenville-Spartanburg International Airport,Greenville-Spartanburg International Airport,Greenville/Greer/Spartanburg,غرير,United States,الولايات المتحدة,US
GST,Gustavus Airport,مطار غوستافوس,Gustavus,غوستافوس,United States,الولايات المتحدة,US
GSV,Gagarin International Airport,مطار غاغارين,Saratov,ساراتوف,Russia,روسيا,RU
GTA,Gatokae Aerodrome,Gatokae Aerodrome,Gatokae,Gatokae,Solomon Islands,جزر سليمان,SB
GTE,Groote Eylandt Airport,Groote Eylandt Airport,Groote Eylandt,جزيرة جروت آيلاند,Australia,أستراليا,AU
GTF,Great Falls International Airport,Great Falls International Airport,Great Falls,غريت فولز,United States,الولايات المتحدة,US
GTO,Jalaluddin Airport,Jalaluddin Airport,Gorontalo,غورونتالو,Indonesia,إندونيسيا,ID
GTR,Golden Triangle Regional Airport,Golden Triangle Regional Airport,Columbus/W Point/Starkville,كولومبوس,United States,الولايات المتحدة,US
GUA,La Aurora International Airport,La Aurora International Airport,Guatemala City,غواتيمالا العاصمة,Guatemala,غواتيمالا,GT
GUB,Guerrero Negro Airport,Guerrero Negro Airport,San Quintín,غريرو نيغرو,Mexico,المكسيك,MX
GUC,Gunnison Crested Butte Regional Airport,Gunnison Crested Butte Regional Airport,Gunnison,غونيسون,United States,الولايات المتحدة,US
GUM,Antonio B. Won Pat International Airport,مطار أنتونيو بي وان بات الدولي,Hagåtña,هاغاتنيا,Guam,غوام,GU
GUP,Gallup Municipal Airport,Gallup Municipal Airport,Gallup,غالوب,United States,الولايات المتحدة,US
GUR,Gurney Airport,مطار غورني,Gurney,أولتاو,Papua New Guinea,بابوا غينيا الجديدة,PG
GUW,Atyrau International Airport,مطار أتيراو,Atyrau,أتيراو,Kazakhstan,كازاخستان,KZ
GUZ,Guarapari Airport,Guarapari Airport,Guarapari,غواراباري,Brazil,البرازيل,BR
GVA,Geneva Airport,مطار جنيف,Geneva,جنيف,Switzerland,سويسرا,CH
GVR,Coronel Altino Machado Airport,Coronel Altino Machado Airport,Governador Valadares,غوفيرنادور فالاداريس,Brazil,البرازيل,BR
GWD,New Gwadar International Airport,مطار كوادر الدولي,Gurandani,جوادر,Pakistan,باكستان,PK
GWL,Gwalior Airport,مطار قاليور,Gwalior,قاليور,India,الهند,IN
GWT,Westerland Sylt Airport,Westerland Sylt Airport,Sylt,زولت,Germany,ألمانيا,DE
GXF,Seiyun Hadhramaut International Airport,مطار سيئون الدولي,Seiyun,سيئون,Yemen,اليمن,YE
GXG,Negage Airport,Negage Airport,Negage,Negage,Angola,أنغولا,AO
GXH,Gannan Xiahe Airport,مطار غانان شياهي,Gannan (Xiahe),مقاطعة شياهي,China,الصين,CN
GYA,Guayaramerín Airport,Guayaramerín Airport,Guayaramerín,غواياراميرين,Bolivia,بوليفيا,BO
GYD,Heydar Aliyev International Airport,مطار حيدر علييف الدولي,Baku,باكو,Azerbaijan,أذربيجان,AZ
GYE,José Joaquín de Olmedo International Airport,José Joaquín de Olmedo International Airport,Guayaquil,غواياكيل,Ecuador,الإكوادور,EC
GYM,General José María Yáñez International Airport,General José María Yáñez International Airport,Guaymas,هيرويكا غوايماس,Mexico,المكسيك,MX
GYN,Santa Genoveva International Airport,Santa Genoveva International Airport,Goiânia,غويانيا,Brazil,البرازيل,BR
GYS,Guangyuan Panlong Airport,مطار غوانغيون بانلونغ,Guangyuan (Lizhou),غوانغيوان,China,الصين,CN
GYU,Guyuan Liupanshan Airport,مطار غويان ليوبانشان,Guyuan (Yuanzhou),جويوان,China,الصين,CN
GYY,Gary/Chicago International Airport,Gary/Chicago International Airport,Gary,شيكاغو,United States,الولايات المتحدة,US
GYZ,Gruyere Airport,Gruyere Airport,Cosmo Newbery,Cosmo Newbery,Australia,أستراليا,AU
GZG,Garze Gesar Airport,Garze Gesar Airport,Garzê (Garzê),Garzê (Garzê),China,الصين,CN
GZO,Nusatupe Airport,Nusatupe Airport,Gizo,Gizo,Solomon Islands,جزر سليمان,SB
GZP,Gazipaşa-Alanya Airport,مطار غازي باشا,Gazipaşa,غازي باشا,Türkiye,تركيا,TR
GZT,Gaziantep Oğuzeli International Airport,مطار غازي عنتاب الدولي,Gaziantep,عين تاب,Türkiye,تركيا,TR
HAA,Hasvik Airport,Hasvik Airport,Hasvik,هاسفيك,Norway,النرويج,NO
HAC,Hachijojima Airport,Hachijojima Airport,Hachijojima,هاتشيجو-جيما,Japan,اليابان,JP
HAD,Halmstad Airport,Halmstad Airport,Halmstad,هالمستاد,Sweden,السويد,SE
HAH,Prince Said Ibrahim International Airport,مطار الأمير سيد إبراهيم الدولي,Moroni,موروني,Comoros,جزر القمر,KM
HAJ,Hannover Airport,مطار هانوفر لانغنهاغن,Hannover,هانوفر,Germany,ألمانيا,DE
HAK,Haikou Meilan International Airport,مطار هايكو ميلان الدولي,Haikou (Meilan),هايكو,China,الصين,CN
HAL,Halali Airport,Halali Airport,Halali,Halali,Namibia,ناميبيا,NA
HAM,Hamburg Airport,مطار هامبورغ,Hamburg,هامبورغ,Germany,ألمانيا,DE
HAN,Noi Bai International Airport,مطار نوي باي الدولي,Hanoi,هانوي,Vietnam,فيتنام,VN
HAQ,Hanimaadhoo International Airport,Hanimaadhoo International Airport,Haa Dhaalu Atoll,Haa Dhaalu Atoll,Maldives,المالديف,MV
HAS,Hail Airport,مطار حائل,Hail,حائل,Saudi Arabia,السعودية,SA
HAU,"Haugesund Airport, Karmøy","Haugesund Airport, Karmøy",Karmøy,Karmøy,Norway,النرويج,NO
HAV,José Martí International Airport,مطار خوسيه مارتي الدولي,Havana,هافانا,Cuba,كوبا,CU
HBA,Hobart International Airport,مطار هوبارت,Hobart (Cambridge),هوبرت,Australia,أستراليا,AU
HBE,Borg El Arab Airport,مطار برج العرب,Alexandria,الإسكندرية,Egypt,مصر,EG
HBQ,Haibei Qilian Airport,Haibei Qilian Airport,Haibei (Qilian),Haibei (Qilian),China,الصين,CN
HBX,Hubballi Airport,مطار هوبلي,Hubballi,هوبلي,India,الهند,IN
HCJ,Hechi Jinchengjiang Airport,مطار هيتشي جينجهينجيانغ,Hechi (Jinchengjiang),هيشي,China,الصين,CN
HCR,Holy Cross Airport,Holy Cross Airport,Holy Cross,Holy Cross,United States,الولايات المتحدة,US
HCZ,Chenzhou Beihu Airport,Chenzhou Beihu Airport,Chenzhou,تشينزو,China,الصين,CN
HDD,Hyderabad Airport,Hyderabad Airport,Hyderabad,حيدر آباد,Pakistan,باكستان,PK
HDF,Heringsdorf Airport,Heringsdorf Airport,Zirchow,Zirchow,Germany,ألمانيا,DE
HDG,Handan Airport,مطار هاندان,Handan,هاندان,China,الصين,CN
HDK,Kulhudhuffushi Airport,Kulhudhuffushi Airport,Kulhudhuffushi,Kulhudhuffushi,Maldives,المالديف,MV
HDM,Hamadan Airport,Hamadan Airport,Hamadan,همدان,Iran,إيران,IR
HDN,Yampa Valley Airport,Yampa Valley Airport,Hayden,هايدن,United States,الولايات المتحدة,US
HDO,Hindon Airport / Hindon Air Force Station,Hindon Airport / Hindon Air Force Station,Ghaziabad,Ghaziabad,India,الهند,IN
HDS,Eastgate Airport / Air Force Base Hoedspruit,Eastgate Airport / Air Force Base Hoedspruit,Hoedspruit,Hoedspruit,South Africa,جنوب أفريقيا,ZA
HDY,Hat Yai International Airport,Hat Yai International Airport,Hat Yai,هات ياي,Thailand,تايلاند,TH
HEA,Herat - Khwaja Abdullah Ansari International Airport,مطار هراة الدولي,Guzara,هراة,Afghanistan,أفغانستان,AF
HEH,Heho Airport,Heho Airport,Heho,Heho,Myanmar (Burma),ميانمار (بورما),MM
HEI,Heide-Büsum Airport,Heide-Büsum Airport,Oesterdeichstrich,هايدة,Germany,ألمانيا,DE
HEK,Heihe Aihui Airport,مطار خيخي أيهوي,Heihe,خيخه,China,الصين,CN
HEL,Helsinki-Vantaa Airport,مطار هلسنكي,Helsinki,هلسنكي,Finland,فنلندا,FI
HER,Heraklion International Airport,مطار هيراكليون الدولي,Heraklion,هيراكليون,Greece,اليونان,GR
HET,Hohhot Baita International Airport,مطار هوهوت بايتا الدولي,Hohhot,هوهوت,China,الصين,CN
HFA,Uri Michaeli Haifa International Airport,مطار حيفا,Haifa,حيفا,Israel,إسرائيل,IL
HFE,Hefei Xinqiao International Airport,مطار حيفي شينكياو الدولي,Hefei,خفي,China,الصين,CN
HFN,Hornafjörður Airport,Hornafjörður Airport,Höfn,هوفن,Iceland,آيسلندا,IS
HFS,Hagfors Airport,Hagfors Airport,Råda,Råda,Sweden,السويد,SE
HFT,Hammerfest Airport,Hammerfest Airport,Hammerfest,هامرفست,Norway,النرويج,NO
HGA,Egal International Airport,مطار هرجيسا الدولي,Hargeisa,هرجيسا,Somalia,الصومال,SO
HGD,Hughenden Airport,Hughenden Airport,Hughenden,Hughenden,Australia,أستراليا,AU
HGH,Hangzhou Xiaoshan International Airport,مطار هانغتشو شياوشان الدولي,Hangzhou,هانغتشو,China,الصين,CN
HGI,Itanagar Donyi Polo Hollongi Airport,مطار ايتاناجار,Hollongi,ايتاناجار,India,الهند,IN
HGL,Helgoland-Düne Airport,Helgoland-Düne Airport,Helgoland,هليغولاند,Germany,ألمانيا,DE
HGN,Mae Hong Son Airport,Mae Hong Son Airport,Mae Hong Son,Mae Hong Son,Thailand,تايلاند,TH
HGO,Korhogo Airport,Korhogo Airport,Korhogo,كورهوغو,Côte d’Ivoire,ساحل العاج,CI
HGR,Hagerstown Regional Richard A Henson Field,Hagerstown Regional Richard A Henson Field,Hagerstown,هاجرستاون,United States,الولايات المتحدة,US
HGU,Mount Hagen Kagamuga Airport,Mount Hagen Kagamuga Airport,Mount Hagen,Mount Hagen,Papua New Guinea,بابوا غينيا الجديدة,PG
HHH,Hilton Head Airport,Hilton Head Airport,Hilton Head Island,جزيرة هيلتون هيد,United States,الولايات المتحدة,US
HHN,Frankfurt-Hahn Airport,مطار فرانكفورت هان,Frankfurt am Main (Lautzenhausen),راينلند بالاتينات,Germany,ألمانيا,DE
HHQ,Hua Hin Airport,Hua Hin Airport,Hua Hin,Hua Hin,Thailand,تايلاند,TH
HHR,Jack Northrop Field Hawthorne Municipal Airport,Jack Northrop Field Hawthorne Municipal Airport,Hawthorne,Hawthorne,United States,الولايات المتحدة,US
HHZ,Hikueru Airport,Hikueru Airport,Hikueru,Hikueru,French Polynesia,بولينيزيا الفرنسية,PF
HIA,Huai'an Lianshui Airport,مطار هوايان ليانشوي,Huai'an,هوايان,China,الصين,CN
HIB,Range Regional Airport,Range Regional Airport,Hibbing,هيبينغ,United States,الولايات المتحدة,US
HID,Horn Island Airport,Horn Island Airport,Horn,Horn,Australia,أستراليا,AU
HII,Lake Havasu City Airport,Lake Havasu City Airport,Lake Havasu City,ليك هافاسو سيتي,United States,الولايات المتحدة,US
HIJ,Hiroshima Airport,Hiroshima Airport,Hiroshima,هيروشيما,Japan,اليابان,JP
HIL,Shilavo Airport,Shilavo Airport,Shilavo,Shilavo,Ethiopia,إثيوبيا,ET
HIN,Sacheon Airport / Sacheon Air Base,Sacheon Airport / Sacheon Air Base,Sacheon,ساتشيون,South Korea,كوريا الجنوبية,KR
HIR,Honiara International Airport,مطار هونيارا الدولي,Honiara,هونيارا,Solomon Islands,جزر سليمان,SB
HJB,Hejing Bayinbuluke Airport,Hejing Bayinbuluke Airport,Hejing,Hejing,China,الصين,CN
HJJ,Huaihua Zhijiang Airport,مطار زيجانغ,Huaihua,تشيجيانغ,China,الصين,CN
HJR,Khajuraho Airport,مطار آثار خاجوراهو,Khajuraho,خاجوراهو,India,الهند,IN
HKD,Hakodate Airport,Hakodate Airport,Hakodate,هاكوداته,Japan,اليابان,JP
HKG,Hong Kong International Airport,مطار هونغ كونغ الدولي,Hong Kong,هونغ كونغ,Hong Kong,هونغ كونغ,HK
HKK,Hokitika Airfield,Hokitika Airfield,Hokitika Airfield,هوكيتيكا,New Zealand,نيوزيلندا,NZ
HKN,Hoskins Airport,Hoskins Airport,Kimbe,Kimbe,Papua New Guinea,بابوا غينيا الجديدة,PG
HKT,Phuket International Airport,مطار بوكيت الدولي,Phuket,بوكيت,Thailand,تايلاند,TH
HLA,Lanseria International Airport,Lanseria International Airport,Johannesburg,Johannesburg,South Africa,جنوب أفريقيا,ZA
HLD,Hulunbuir Hailar Airport,مطار هولونبير هيلار,Hailar,نهر أرغون,China,الصين,CN
HLE,Saint Helena International Airport,مطار سانت هيلينا,Jamestown,جيمس تاون,St. Helena,سانت هيلينا,SH
HLH,Ulanhot Yilelite Airport,مطار أولانهوت,Ulanhot,أولان هوت,China,الصين,CN
HLN,Helena Regional Airport,Helena Regional Airport,Helena,هيلينا,United States,الولايات المتحدة,US
HLP,Halim Perdanakusuma International Airport,مطار حليم بيردانكوسوما الدولي,Jakarta,جاكرتا,Indonesia,إندونيسيا,ID
HLZ,Hamilton International Airport,Hamilton International Airport,Hamilton,هاميلتون,New Zealand,نيوزيلندا,NZ
HMA,Khanty Mansiysk Airport,Khanty Mansiysk Airport,Khanty-Mansiysk,خانتي-مانسييسك,Russia,روسيا,RU
HMB,Suhaj International Airport,مطار سوهاج الدولي,Suhaj,سوهاج,Egypt,مصر,EG
HME,Hassi Messaoud-Oued Irara Krim Belkacem Airport,مطار حاسي مسعود - كريم بلقاسم,Hassi Messaoud,حاسي مسعود,Algeria,الجزائر,DZ
HMI,Hami Airport,مطار هامي ييتشو,Hami,مدينة هامي,China,الصين,CN
HMO,General Ignacio L. Pesqueira International Airport,General Ignacio L. Pesqueira International Airport,Hermosillo,إرموسييو,Mexico,المكسيك,MX
HMS,Haji Muhammad Sidik Airport,Haji Muhammad Sidik Airport,Muara Teweh,Muara Teweh,Indonesia,إندونيسيا,ID
HMV,Hemavan Airport,Hemavan Airport,Hemavan,Hemavan,Sweden,السويد,SE
HNA,Iwate Hanamaki Airport,Iwate Hanamaki Airport,Hanamaki,هاناماكي، إيواته,Japan,اليابان,JP
HND,Tokyo Haneda Airport,مطار طوكيو هانيدا,Tokyo,طوكيو,Japan,اليابان,JP
HNH,Hoonah Airport,Hoonah Airport,Hoonah,هووناه,United States,الولايات المتحدة,US
HNL,Daniel K. Inouye International Airport,مطار هونولولو الدولي,"Honolulu, Oahu",هونولولو,United States,الولايات المتحدة,US
HNM,Hana Airport,Hana Airport,Hana,Hana,United States,الولايات المتحدة,US
HNS,Haines Airport,Haines Airport,Haines,هينز,United States,الولايات المتحدة,US
HNY,Hengyang Nanyue Airport,مطار هينغيانغ نانيوي,Hengyang,هنغيانغ,China,الصين,CN
HOB,Lea County Regional Airport,Lea County Regional Airport,Hobbs,Hobbs,United States,الولايات المتحدة,US
HOF,Al-Ahsa International Airport,مطار الأحساء الدولي,Al-Ahsa,الأحساء,Saudi Arabia,السعودية,SA
HOG,Frank Pais International Airport,Frank Pais International Airport,Holguin,هولغوين,Cuba,كوبا,CU
HOI,Hao Airport,Hao Airport,Otepa,Otepa,French Polynesia,بولينيزيا الفرنسية,PF
HOK,Hooker Creek Airport,مطار هوكر كريك,Lajamanu,Lajamanu,Australia,أستراليا,AU
HOM,Homer Airport,مطار هومير,Homer,هومير,United States,الولايات المتحدة,US
HOR,Horta Airport,Horta Airport,Horta,أُرتة,Portugal,البرتغال,PT
HOT,Memorial Field Airport,Memorial Field Airport,Hot Springs,هت سبرينغز,United States,الولايات المتحدة,US
HOU,William P. Hobby Airport,William P. Hobby Airport,Houston,هيوستن,United States,الولايات المتحدة,US
HOV,"Ørsta-Volda Airport, Hovden","Ørsta-Volda Airport, Hovden",Ørsta,Ørsta,Norway,النرويج,NO
HPA,Lifuka Island Airport,Lifuka Island Airport,Lifuka,Lifuka,Tonga,تونغا,TO
HPB,Hooper Bay Airport,Hooper Bay Airport,Hooper Bay,Hooper Bay,United States,الولايات المتحدة,US
HPG,Shennongjia Hongping Airport,مطار شيانونغيا,Shennongjia (Hongping),Shennongjia (Hongping),China,الصين,CN
HPH,Cat Bi International Airport,Cat Bi International Airport,Haiphong (Hai An),هايفونغ,Vietnam,فيتنام,VN
HPN,Westchester County Airport,Westchester County Airport,White Plains,مقاطعة ويستتشستر,United States,الولايات المتحدة,US
HQL,Tashikuergan Hongqilafu Airport,Tashikuergan Hongqilafu Airport,Tashikuergan,Tashikuergan,China,الصين,CN
HQQ,Anyang Hongqiqu Airport,Anyang Hongqiqu Airport,Anyang,Anyang,China,الصين,CN
HRB,Harbin Taiping International Airport,مطار هاربن الدولي,Harbin,هاربن,China,الصين,CN
HRE,Robert Gabriel Mugabe International Airport,مطار روبرت غابريل موجابي الدولي,Harare,هراري,Zimbabwe,زيمبابوي,ZW
HRF,Hoarafushi Airport,Hoarafushi Airport,Hoarafushi Airport,Hoarafushi Airport,Maldives,المالديف,MV
HRG,Hurghada International Airport,مطار الغردقة الدولي,Hurghada,الغردقة,Egypt,مصر,EG
HRI,Mattala Rajapaksa International Airport,Mattala Rajapaksa International Airport,Mattala,هامبانتوتا,Sri Lanka,سريلانكا,LK
HRL,Valley International Airport,Valley International Airport,Harlingen,هارلينغن,United States,الولايات المتحدة,US
HRO,Boone County Airport,Boone County Airport,Harrison,هاريسون,United States,الولايات المتحدة,US
HSA,Hazrat Sultan International Airport,مطار حضرة السلطان الدولي,Turkıstan,تركستان,Kazakhstan,كازاخستان,KZ
HSC,Shaoguan Danxia Airport,مطار شياوغويان غويتو,Shaoguan,شاوغوان,China,الصين,CN
HSG,Kyushu Saga International Airport,Kyushu Saga International Airport,Saga,ساغا,Japan,اليابان,JP
HSL,Huslia Airport,Huslia Airport,Huslia,هوسليا,United States,الولايات المتحدة,US
HSN,Zhoushan Putuoshan International Airport,مطار تشوشان بوتوشان,Zhoushan,زهوشان,China,الصين,CN
HSR,Rajkot International Airport,Rajkot International Airport,Rajkot,Rajkot,India,الهند,IN
HSS,Maharaja Agrasen International Airport,مطار حصار,Hisar,Hisar,India,الهند,IN
HSV,Huntsville International Airport,مطار هنتسفيل الدولي,Huntsville,هنتسفيل,United States,الولايات المتحدة,US
HTA,Chita-Kadala International Airport,Chita-Kadala International Airport,Chita,تشيتا,Russia,روسيا,RU
HTG,Khatanga Airport,Khatanga Airport,Khatanga,Khatanga,Russia,روسيا,RU
HTI,Hamilton Island Airport,Hamilton Island Airport,Hamilton Island,Hamilton Island,Australia,أستراليا,AU
HTN,Hotan Airport,مطار خوتان كونغانغ,Hotan,خوتان,China,الصين,CN
HTS,Tri-State Airport / Milton J. Ferguson Field,Tri-State Airport / Milton J. Ferguson Field,Huntington,هنغتينغتون,United States,الولايات المتحدة,US
HTT,Huatugou Airport,مطار هواتغو,Mengnai,Mengnai,China,الصين,CN
HTY,Hatay Airport,مطار حطاي,Antakya,أنطاكية,Türkiye,تركيا,TR
HUE,Humera Airport,Humera Airport,Akwi,الحمرا,Ethiopia,إثيوبيا,ET
HUG,Huehuetenango Airport,Huehuetenango Airport,Huehuetenango,هویهويتينانكو,Guatemala,غواتيمالا,GT
HUH,Huahine-Fare Airport,Huahine-Fare Airport,Fare,Fare,French Polynesia,بولينيزيا الفرنسية,PF
HUI,Phu Bai International Airport,مطار فو باي الدولي,Huế,هوي,Vietnam,فيتنام,VN
HUN,Hualien Chiashan Airport,Hualien Chiashan Airport,Hualien City,هوالين,Taiwan,تايوان,TW
HUO,Holingol Huolinhe Airport,Holingol Huolinhe Airport,Holingol,Holingol,China,الصين,CN
HUS,Hughes Airport,Hughes Airport,Hughes,هيوز,United States,الولايات المتحدة,US
HUU,Alferez Fap David Figueroa Fernandini Airport,Alferez Fap David Figueroa Fernandini Airport,Huánuco,هانوكو,Peru,بيرو,PE
HUX,Bahías de Huatulco International Airport,Bahías de Huatulco International Airport,Huatulco,Huatulco,Mexico,المكسيك,MX
HUY,Humberside Airport,Humberside Airport,"Grimsby, Lincolnshire",إيست رايدينج أوف يوركشير,United Kingdom,المملكة المتحدة,GB
HUZ,Huizhou Pingtan Airport,مطار هويزهو بينجتان,Huizhou (Pingtan),هويزو,China,الصين,CN
HVB,Hervey Bay Airport,Hervey Bay Airport,Hervey Bay,خليج هيرفي,Australia,أستراليا,AU
HVD,Khovd Airport,Khovd Airport,Khovd,Khovd,Mongolia,منغوليا,MN
HVG,"Honningsvåg Airport, Valan","Honningsvåg Airport, Valan",Honningsvåg,Honningsvåg,Norway,النرويج,NO
HVN,Tweed New Haven Airport,Tweed New Haven Airport,New Haven,أتلانتا,United States,الولايات المتحدة,US
HVR,Havre City County Airport,Havre City County Airport,Havre,هافري,United States,الولايات المتحدة,US
HWR,Halwara International Airport,Halwara International Airport,Halwara,Halwara,India,الهند,IN
HXD,Haixi Delingha Airport,مطار ديلينغها,Delingha,ديلينجا,China,الصين,CN
HYA,Cape Cod Gateway Airport,Cape Cod Gateway Airport,Hyannis,Hyannis,United States,الولايات المتحدة,US
HYD,Rajiv Gandhi International Airport,مطار راجيف غاندي الدولي,Hyderabad,حيدر آباد,India,الهند,IN
HYN,Taizhou Luqiao Airport,مطار تايتشو وقياو,Taizhou (Luqiao),تاي زهو,China,الصين,CN
HYS,Hays Regional Airport,Hays Regional Airport,Hays,هايز,United States,الولايات المتحدة,US
HZA,Heze Mudan Airport,Heze Mudan Airport,Heze (Dingtao),هيزي,China,الصين,CN
HZG,Hanzhong Chenggu Airport,مطار هانتشونغ جهينغو,Hanzhong (Chenggu),هانتشونغ,China,الصين,CN
HZH,Liping Airport,مطار ليبنغ,Liping,Liping,China,الصين,CN
IAA,Igarka Airport,Igarka Airport,Igarka,إيغاركا,Russia,روسيا,RU
IAD,Washington Dulles International Airport,مطار واشنطن دالاس الدولي,Washington,واشنطن,United States,الولايات المتحدة,US
IAG,Niagara Falls International Airport,Niagara Falls International Airport,Niagara Falls,نياجارا فولز,United States,الولايات المتحدة,US
IAH,George Bush Intercontinental Airport,مطار جورج بوش الدولي,Houston,هيوستن,United States,الولايات المتحدة,US
IAM,Zarzaitine - In Aménas Airport,مطار إن أميناس - زرزايتين,In Aménas,إن أميناس,Algeria,الجزائر,DZ
IAN,Bob Baker Memorial Airport,Bob Baker Memorial Airport,Kiana,كيانا,United States,الولايات المتحدة,US
IAO,Siargao Airport,Siargao Airport,Del Carmen,جزيرة سيارغاو,Philippines,الفلبين,PH
IAR,Golden Ring Yaroslavl International Airport,Golden Ring Yaroslavl International Airport,Tunoshna,ياروسلافل,Russia,روسيا,RU
IAS,Iaşi International Airport,مطار ياش الدولي,Iaşi,ياش,Romania,رومانيا,RO
IBA,Ibadan Airport,Ibadan Airport,Ibadan,إبادان,Nigeria,نيجيريا,NG
IBB,General Villamil Airport,General Villamil Airport,Puerto Villamil,Puerto Villamil,Ecuador,الإكوادور,EC
IBE,Perales Airport,Perales Airport,Ibagué,إيباغيه,Colombia,كولومبيا,CO
IBR,Ibaraki Airport,Ibaraki Airport,Omitama,طوكيو,Japan,اليابان,JP
IBZ,Ibiza Airport,مطار إيبيزا,Ibiza,إيبيزا,Spain,إسبانيا,ES
ICC,Andrés Miguel Salazar Marcano Airport,Andrés Miguel Salazar Marcano Airport,Isla de Coche,Isla de Coche,Venezuela,فنزويلا,VE
ICI,Cicia Airport,مطار سيسيا,Cicia,Cicia,Fiji,فيجي,FJ
ICN,Incheon International Airport,مطار إنتشون الدولي,Seoul,سيول,South Korea,كوريا الجنوبية,KR
ICT,Wichita Dwight D. Eisenhower National Airport,Wichita Dwight D. Eisenhower National Airport,Wichita,ويتشيتا,United States,الولايات المتحدة,US
IDA,Idaho Falls Regional Airport,Idaho Falls Regional Airport,Idaho Falls,أيداهو فولز,United States,الولايات المتحدة,US
IDR,Devi Ahilya Bai Holkar International Airport,Devi Ahilya Bai Holkar International Airport,Indore,إندور,India,الهند,IN
IEG,Zielona Góra-Babimost Airport,Zielona Góra-Babimost Airport,Nowe Kramsko,جلونا غورا,Poland,بولندا,PL
IFJ,Ísafjörður Airport,Ísafjörður Airport,Ísafjörður,اسافيوردور,Iceland,آيسلندا,IS
IFN,Isfahan Shahid Beheshti International Airport,مطار أصفهان الدولي,Isfahan,أصفهان,Iran,إيران,IR
IGA,Inagua Airport,Inagua Airport,Matthew Town,Matthew Town,Bahamas,جزر البهاما,BS
IGD,Iğdır Airport,مطار إغدير,Iğdır,إغدير,Türkiye,تركيا,TR
IGG,Igiugig Airport,Igiugig Airport,Igiugig,Igiugig,United States,الولايات المتحدة,US
IGR,Cataratas Del Iguazú International Airport,Cataratas Del Iguazú International Airport,Puerto Iguazu,بويرتو جواسيو,Argentina,الأرجنتين,AR
IGT,Magas Airport,Magas Airport,Sunzha,ماغاس,Russia,روسيا,RU
IGU,Cataratas International Airport,Cataratas International Airport,Foz do Iguaçu,فوز دو إيغواسو,Brazil,البرازيل,BR
IIA,Inishmaan Aerodrome,Inishmaan Aerodrome,Inis Meáin,Inis Meáin,Ireland,أيرلندا,IE
IJK,Izhevsk Airport,Izhevsk Airport,Izhevsk,إيجيفسك,Russia,روسيا,RU
IKA,Imam Khomeini International Airport,مطار الإمام الخميني الدولي,Tehran,طهران,Iran,إيران,IR
IKG,Karakol International Airport,Karakol International Airport,Karakol,Karakol,Kyrgyzstan,قيرغيزستان,KG
IKI,Iki Airport,Iki Airport,Iki,إكي,Japan,اليابان,JP
IKO,Nikolski Air Station,Nikolski Air Station,Nikolski,Nikolski,United States,الولايات المتحدة,US
IKS,Tiksi Airport,Tiksi Airport,Tiksi,تيكسي,Russia,روسيا,RU
IKT,Irkutsk International Airport,مطار إيركوتسك الدولي,Irkutsk,إيركوتسك,Russia,روسيا,RU
IKU,Issyk-Kul International Airport,Issyk-Kul International Airport,Tamchy,تامشي,Kyrgyzstan,قيرغيزستان,KG
ILD,Lleida-Alguaire Airport,Lleida-Alguaire Airport,Lleida,لاردة,Spain,إسبانيا,ES
ILF,Ilford Airport,Ilford Airport,Ilford,Ilford,Canada,كندا,CA
ILG,Wilmington Airport,Wilmington Airport,Wilmington,ويلمنغتون,United States,الولايات المتحدة,US
ILI,Iliamna Airport,Iliamna Airport,Iliamna,إليامنا,United States,الولايات المتحدة,US
ILM,Wilmington International Airport,Wilmington International Airport,Wilmington,ويلمنغتون,United States,الولايات المتحدة,US
ILO,Iloilo International Airport,مطار إيلويلو الدولي,Cabatuan,إلويلو,Philippines,الفلبين,PH
ILP,Île des Pins Airport,Île des Pins Airport,Île des Pins,جزيرة الصنوبر,New Caledonia,كاليدونيا الجديدة,NC
ILQ,General Jorge Fernandez Maldon Airport,General Jorge Fernandez Maldon Airport,Ilo,ميناء إيلو,Peru,بيرو,PE
ILR,General Tunde Idiagbon International Airport,General Tunde Idiagbon International Airport,Ilorin/Ogbomosho,إلورين,Nigeria,نيجيريا,NG
ILS,Ilopango International Airport,Ilopango International Airport,San Salvador,سان سلفادور,El Salvador,السلفادور,SV
ILY,Islay Airport,Islay Airport,"Isle of Islay, Argyll and Bute",إيلاي,United Kingdom,المملكة المتحدة,GB
IMF,Bir Tikendrajit International Airport,Bir Tikendrajit International Airport,Imphal,إمفال,India,الهند,IN
IMK,Simikot Airport,Simikot Airport,Simikot,Simikot,Nepal,نيبال,NP
IMP,Prefeito Renato Moreira Airport,Prefeito Renato Moreira Airport,Imperatriz,امبراتريز,Brazil,البرازيل,BR
IMT,Ford Airport,Ford Airport,Kingsford,آيرون ماونتن,United States,الولايات المتحدة,US
INB,Independence Airport,Independence Airport,Independence,Independence,Belize,بليز,BZ
INC,Yinchuan Hedong International Airport,مطار ينتشوان هيدونج الدولي,Yinchuan,ينشوان,China,الصين,CN
IND,Indianapolis International Airport,مطار إنديانابولس الدولي,Indianapolis,إنديانابولس,United States,الولايات المتحدة,US
INH,Inhambane Airport,مطار إنهامبان,Inhambane,إنهامبان,Mozambique,موزمبيق,MZ
INI,Niš Constantine the Great Airport,مطار نيش قسطنطين الأكبر,Niš,نيش,Serbia,صربيا,RS
INL,Falls International Airport,Falls International Airport,International Falls,إنترناشونال فولز,United States,الولايات المتحدة,US
INN,Innsbruck Airport,مطار اينسبوروك,Innsbruck,إنسبروك,Austria,النمسا,AT
INO,Inongo Airport,Inongo Airport,Inongo,Inongo,Congo - Kinshasa,الكونغو - كينشاسا,CD
INQ,Inisheer Aerodrome,Inisheer Aerodrome,Inis Oírr,Inis Oírr,Ireland,أيرلندا,IE
INU,Nauru International Airport,مطار ناورو الدولي,Yaren,ضاحية يارين,Nauru,ناورو,NR
INV,Inverness Airport,مطار إنفرنيس,Inverness,إنفرنيس,United Kingdom,المملكة المتحدة,GB
INZ,In Salah Airport,مطار عين صالح,In Salah,إن صالح,Algeria,الجزائر,DZ
IOA,Ioannina King Pyrrhus National Airport,Ioannina King Pyrrhus National Airport,Ioannina,يوانينا,Greece,اليونان,GR
IOM,Isle of Man Airport,Isle of Man Airport,Castletown,جزيرة مان,Isle of Man,جزيرة مان,IM
IOR,Inishmore Aerodrome,Inishmore Aerodrome,Inis Mór,إينيشمور,Ireland,أيرلندا,IE
IOS,Bahia - Jorge Amado Airport,Bahia - Jorge Amado Airport,Ilhéus,ايليوس,Brazil,البرازيل,BR
IPC,Mataveri International Airport,Mataveri International Airport,Isla De Pascua,هانجا روا,Chile,تشيلي,CL
IPH,Sultan Azlan Shah Airport,Sultan Azlan Shah Airport,Ipoh,فيرق,Malaysia,ماليزيا,MY
IPI,San Luis Airport,San Luis Airport,Ipiales,إبياليز,Colombia,كولومبيا,CO
IPL,Imperial County Airport,Imperial County Airport,Imperial,إمبيريال,United States,الولايات المتحدة,US
IPN,Usiminas Airport,Usiminas Airport,Ipatinga,إباتينغا,Brazil,البرازيل,BR
IPT,Williamsport Regional Airport,Williamsport Regional Airport,Williamsport,ويليامسبورت,United States,الولايات المتحدة,US
IQM,Qiemo Yudu Airport,مطار قيمو يودو,Qiemo,مقاطعة كيمو,China,الصين,CN
IQN,Qingyang Xifeng Airport,مطار تشينغيانغ,Qingyang (Xifeng),كينغيانغ,China,الصين,CN
IQQ,Diego Aracena International Airport,Diego Aracena International Airport,Iquique,إيكويكو,Chile,تشيلي,CL
IQT,Coronel FAP Francisco Secada Vignetta International Airport,Coronel FAP Francisco Secada Vignetta International Airport,Iquitos,إكيتوس,Peru,بيرو,PE
IRA,Ngorangora Airport,Ngorangora Airport,Kirakira,Kirakira,Solomon Islands,جزر سليمان,SB
IRC,Circle City (New) Airport,Circle City (New) Airport,Circle,Circle,United States,الولايات المتحدة,US
IRG,Lockhart River Airport,Lockhart River Airport,Lockhart River,Lockhart River,Australia,أستراليا,AU
IRJ,Capitan V A Almonacid Airport,Capitan V A Almonacid Airport,La Rioja,لا ريوخا,Argentina,الأرجنتين,AR
IRK,Kirksville Regional Airport,Kirksville Regional Airport,Kirksville,كيركفيل,United States,الولايات المتحدة,US
IRP,Matari Airport,Matari Airport,Isiro,إسيرو,Congo - Kinshasa,الكونغو - كينشاسا,CD
IRZ,Tapuruquara Airport,Tapuruquara Airport,Santa Isabel do Rio Negro,Santa Isabel do Rio Negro,Brazil,البرازيل,BR
ISA,Mount Isa Airport,Mount Isa Airport,Mount Isa,جبل إيسا,Australia,أستراليا,AU
ISB,Islamabad International Airport,مطار إسلام آباد الدولي,Islamabad,إسلام آباد,Pakistan,باكستان,PK
ISC,St. Mary's Airport,St. Mary's Airport,"St. Mary's, Isles of Scilly","St. Mary's, Isles of Scilly",United Kingdom,المملكة المتحدة,GB
ISE,Süleyman Demirel International Airport,مطار إسبرطة سليمان ديميرل,Isparta,إسبرطة,Türkiye,تركيا,TR
ISG,New Ishigaki Airport,New Ishigaki Airport,Ishigaki,إشيغاكي، أوكيناوا,Japan,اليابان,JP
ISK,Nashik International Airport,Nashik International Airport,Nashik,ناشيك,India,الهند,IN
ISP,Long Island MacArthur Airport,Long Island MacArthur Airport,Islip,لونغ آيلند,United States,الولايات المتحدة,US
IST,Istanbul Airport,مطار إسطنبول,Istanbul,إسطنبول,Türkiye,تركيا,TR
ISU,Sulaymaniyah International Airport,مطار السليمانية الدولي,Sulaymaniyah,السليمانية,Iraq,العراق,IQ
ITB,Itaituba Airport,Itaituba Airport,Itaituba,Itaituba,Brazil,البرازيل,BR
ITH,Ithaca Tompkins Regional Airport,Ithaca Tompkins Regional Airport,Ithaca,إثاكا,United States,الولايات المتحدة,US
ITM,Osaka Itami International Airport,مطار إيتامي الدولي,Osaka,أوساكا,Japan,اليابان,JP
ITO,Hilo International Airport,Hilo International Airport,Hilo,هيلو,United States,الولايات المتحدة,US
ITU,Iturup Airport,Iturup Airport,Kurilsk,كوريلسك,Russia,روسيا,RU
IUE,Niue International Airport,Niue International Airport,Alofi,نييوي,Niue,نيوي,NU
IVC,Invercargill Airport,Invercargill Airport,Invercargill,إنفركارجل,New Zealand,نيوزيلندا,NZ
IVL,Ivalo Airport,Ivalo Airport,Ivalo,Ivalo,Finland,فنلندا,FI
IWA,Ivanovo South Airport,Ivanovo South Airport,Ivanovo,إيفانوفو,Russia,روسيا,RU
IWD,Gogebic Iron County Airport,Gogebic Iron County Airport,Ironwood,أيرونوود,United States,الولايات المتحدة,US
IWJ,Iwami Airport,Iwami Airport,Masuda,هاغي,Japan,اليابان,JP
IWK,Iwakuni Kintaikyo Airport,Iwakuni Kintaikyo Airport,Iwakuni,إواكوني,Japan,اليابان,JP
IXA,Agartala - Maharaja Bir Bikram Airport,مطار أجارتالا,Agartala,أجارتالا,India,الهند,IN
IXB,Bagdogra Airport,مطار باجدوجرا,Siliguri,سيليجري,India,الهند,IN
IXC,Shaheed Bhagat Singh International Airport,Shaheed Bhagat Singh International Airport,Chandigarh,شَنديغار,India,الهند,IN
IXD,Prayagraj Airport,مطار الله أباد,Allahabad,منطقة الله آباد,India,الهند,IN
IXE,Mangaluru International Airport,مطار مانغلور الدولي,Mangaluru,منغلور,India,الهند,IN
IXG,Belagavi Airport,Belagavi Airport,Belgaum,بيلغام,India,الهند,IN
IXI,Lilabari North Lakhimpur Airport,Lilabari North Lakhimpur Airport,Lilabari,Lilabari,India,الهند,IN
IXJ,Jammu Airport,مطار جامو,Jammu,جمون,India,الهند,IN
IXK,Keshod Airport,Keshod Airport,Keshod,جوناغاد,India,الهند,IN
IXL,Leh Kushok Bakula Rimpochee Airport,Leh Kushok Bakula Rimpochee Airport,Leh,لياه,India,الهند,IN
IXM,Madurai Airport,مطار مدورئي الدولي,Madurai,مادوراي,India,الهند,IN
IXP,Pathankot Airport,مطار باثانكوت,Pathankot,بتنكوت,India,الهند,IN
IXR,Birsa Munda Airport,Birsa Munda Airport,Ranchi,رانشي,India,الهند,IN
IXS,Silchar Airport,Silchar Airport,Silchar,سيلشار,India,الهند,IN
IXU,Aurangabad Airport,مطار أورانجاباد,Aurangabad,أورنك آباد,India,الهند,IN
IXY,Kandla Airport,Kandla Airport,Kandla,Kandla,India,الهند,IN
IXZ,Veer Savarkar International Airport / INS Utkrosh,Veer Savarkar International Airport / INS Utkrosh,Port Blair,بورت بلير,India,الهند,IN
IZA,Presidente Itamar Franco Airport,Presidente Itamar Franco Airport,Juiz de Fora,جويز دي فورا,Brazil,البرازيل,BR
IZO,Izumo Enmusubi Airport,Izumo Enmusubi Airport,Izumo,إزومو، شيمانه,Japan,اليابان,JP
IZT,General Antonio Cárdenas Rodríguez National Airport / Ixtepec Air Base,General Antonio Cárdenas Rodríguez National Airport / Ixtepec Air Base,Ixtepec,Ixtepec,Mexico,المكسيك,MX
JAC,Jackson Hole Airport,Jackson Hole Airport,Jackson,جاكسون,United States,الولايات المتحدة,US
JAE,Shumba Airport,Shumba Airport,Jaén,خاين,Peru,بيرو,PE
JAF,Jaffna International Airport,Jaffna International Airport,Jaffna,جافنا,Sri Lanka,سريلانكا,LK
JAI,Jaipur International Airport,مطار جايبور الدولي,Jaipur,جايبور,India,الهند,IN
JAN,Jackson-Medgar Wiley Evers International Airport,Jackson-Medgar Wiley Evers International Airport,Jackson,جاكسون,United States,الولايات المتحدة,US
JAU,Francisco Carle Airport,Francisco Carle Airport,Jauja,جاويا,Peru,بيرو,PE
JAV,Ilulissat Airport,مطار إيلوليسات,Ilulissat,إيلوليسات,Greenland,غرينلاند,GL
JAX,Jacksonville International Airport,مطار جاكسونفيل الدولي,Jacksonville,جاكسونفيل,United States,الولايات المتحدة,US
JBB,Notohadinegoro Airport,Notohadinegoro Airport,Jember,مقاطعة جيمبر,Indonesia,إندونيسيا,ID
JBK,Qitai Jiangbulake Airport,Qitai Jiangbulake Airport,Qitai,Qitai,China,الصين,CN
JBQ,La Isabela International Airport,La Isabela International Airport,La Isabela,سانتو دومينغو,Dominican Republic,جمهورية الدومينيكان,DO
JBR,Jonesboro Municipal Airport,Jonesboro Municipal Airport,Jonesboro,جونزبورو,United States,الولايات المتحدة,US
JCK,Julia Creek Airport,Julia Creek Airport,Julia Creek Airport,Julia Creek Airport,Australia,أستراليا,AU
JCL,České Budějovice South Bohemian Airport,České Budějovice South Bohemian Airport,České Budějovice,تشيسكي بوديوفيتسه,Czechia,التشيك,CZ
JDF,Francisco de Assis Airport,Francisco de Assis Airport,Juiz de Fora,جويز دي فورا,Brazil,البرازيل,BR
JDH,Jodhpur Airport,مطار جودبور,Jodhpur,جدبور,India,الهند,IN
JDO,Orlando Bezerra de Menezes Airport,Orlando Bezerra de Menezes Airport,Juazeiro do Norte,جوازيرو دو نورتي,Brazil,البرازيل,BR
JDZ,Jingdezhen Luojia Airport,مطار جينغدتشن جيا,Jingdezhen,جينغدتشن,China,الصين,CN
JED,King Abdulaziz International Airport,مطار الملك عبدالعزيز الدولي,Jeddah,جدة,Saudi Arabia,السعودية,SA
JEE,Jérémie Airport,Jérémie Airport,Carrefour Sanon,جيريمي,Haiti,هايتي,HT
JEG,Aasiaat Airport,مطار آسيات,Aasiaat,آسيات,Greenland,غرينلاند,GL
JEJ,Jeh Airport,Jeh Airport,Ailinglapalap Atoll,Ailinglapalap Atoll,Marshall Islands,جزر مارشال,MH
JER,Jersey Airport,Jersey Airport,St. Peter,جيرزي,Jersey,جيرسي,JE
JFK,John F. Kennedy International Airport,مطار جون كينيدي الدولي,New York,نيويورك,United States,الولايات المتحدة,US
JFR,Paamiut Airport,مطار باميوت,Paamiut,باميوت,Greenland,غرينلاند,GL
JGA,Jamnagar Airport,مطار جام نجر,Jamnagar,جام نجر,India,الهند,IN
JGB,Jagdalpur Airport,مطار جغدلبور,Jagdalpur,Jagdalpur,India,الهند,IN
JGD,Daxing'anling Elunchun Airport,مطار داكسينجانلينج أورقين,Jiagedaqi,Jiagedaqi,China,الصين,CN
JGN,Jiayuguan International Airport,مطار جيايوغان,Jiayuguan,جيايوغوان,China,الصين,CN
JGS,Jinggangshan Airport,مطار جينغقانغشان,Ji'an,جيآن,China,الصين,CN
JHB,Senai International Airport,مطار سيناي الدولي,Johor Bahru,جوهر,Malaysia,ماليزيا,MY
JHG,Xishuangbanna Gasa International Airport,مطار شيشوانغباننا غاسا الدولي,Jinghong (Gasa),جينغهونغ,China,الصين,CN
JHM,Kapalua Airport,Kapalua Airport,Lahaina,لاهاينا,United States,الولايات المتحدة,US
JHS,Sisimiut Airport,مطار سيسيميوت,Sisimiut,سيسيميوت,Greenland,غرينلاند,GL
JIB,Djibouti–Ambouli International Airport,مطار جيبوتي الدولي,Djibouti,جيبوتي,Djibouti,جيبوتي,DJ
JIC,Jinchang Jinchuan Airport,مطار جينشانغ جينشوان,Jinchang,جينشانغ,China,الصين,CN
JIJ,Gerad Wilwal International Airport,Gerad Wilwal International Airport,Jijiga,جيجيجا,Ethiopia,إثيوبيا,ET
JIK,Ikaria Airport,Ikaria Airport,Ikaria Island,أغيوس كيريكوس,Greece,اليونان,GR
JIM,Jimma Airport,Jimma Airport,Jimma,جيما,Ethiopia,إثيوبيا,ET
JIO,Jos Orno Imsula Airport,Jos Orno Imsula Airport,Tiakur,Tiakur,Indonesia,إندونيسيا,ID
JIQ,Qianjiang Wulingshan Airport,مطار قيانجيانغ والينغشان,Qianjiang,مدينة تشيانجيانغ,China,الصين,CN
JIU,Jiujiang Lushan Airport,مطار جيوجيانغ لوشن,Jiujiang,جيوجيانغ,China,الصين,CN
JJD,Comandante Ariston Pessoa Airport,Comandante Ariston Pessoa Airport,Cruz,Cruz,Brazil,البرازيل,BR
JJG,Humberto Ghizzo Bortoluzzi Regional Airport,Humberto Ghizzo Bortoluzzi Regional Airport,Jaguaruna,Jaguaruna,Brazil,البرازيل,BR
JJM,Mulika Lodge Airport,Mulika Lodge Airport,Meru-Kinna,ميرو,Kenya,كينيا,KE
JJN,Quanzhou Jinjiang International Airport,مطار جينجيانغ تشيوانتشو,Quanzhou,تشوانتشو,China,الصين,CN
JJU,Qaqortoq Airport,Qaqortoq Airport,Qaqortoq,كاكورتوك,Greenland,غرينلاند,GL
JKG,Jönköping Airport,Jönköping Airport,Jönköping,يونشوبينغ,Sweden,السويد,SE
JKH,Chios Island National Airport,Chios Island National Airport,Chios Island,خيوس,Greece,اليونان,GR
JKL,Kalymnos Airport,Kalymnos Airport,Kalymnos Island,بوثيا,Greece,اليونان,GR
JKR,Janakpur Airport,Janakpur Airport,Janakpur,كتمندو,Nepal,نيبال,NP
JLG,Jalgaon Airport,Jalgaon Airport,Jalgaon,Jalgaon,India,الهند,IN
JLN,Joplin Regional Airport,Joplin Regional Airport,Joplin,جوبلن,United States,الولايات المتحدة,US
JLR,Jabalpur Airport,مطار جبلبور,Jabalpur,جبلبور,India,الهند,IN
JMJ,Lancang Jingmai Airport,مطار لانجانغ جينغماي,Pu'er (Lancang),Pu'er (Lancang),China,الصين,CN
JMK,Mykonos Airport,مطار ميكونوس,Mykonos,ميكونوس,Greece,اليونان,GR
JMO,Jomsom Airport,Jomsom Airport,Jomsom,Jomsom,Nepal,نيبال,NP
JMS,Jamestown Regional Airport,Jamestown Regional Airport,Jamestown,جيمستاون,United States,الولايات المتحدة,US
JMU,Jiamusi Songjiang International Airport,مطار جياموسي دونغاجياو,Jiamusi,جياموسى,China,الصين,CN
JNB,O. R. Tambo International Airport,مطار أو آر تامبو الدولي,Johannesburg,جوهانسبرغ,South Africa,جنوب أفريقيا,ZA
JNG,Jining Da'an Airport,Jining Da'an Airport,Jining,جينينغ,China,الصين,CN
JNH,Jiaxing Nanhu Airport,مطار جياشينغ,"Xiuzhou, Hangzhou",جياشينغ,China,الصين,CN
JNU,Juneau International Airport,Juneau International Airport,Juneau,جونو,United States,الولايات المتحدة,US
JNX,Naxos Island National Airport,Naxos Island National Airport,Naxos,نكسوس,Greece,اليونان,GR
JNZ,Jinzhou Bay Airport,مطار خليج جينغتشو,Jinzhou (Linghai),جينتشو,China,الصين,CN
JOE,Joensuu Airport,Joensuu Airport,Joensuu,يوينسو,Finland,فنلندا,FI
JOG,Adisutjipto International Airport,مطار أديسوتجيبتو,Yogyakarta,يوغياكارتا,Indonesia,إندونيسيا,ID
JOI,Lauro Carneiro de Loyola Airport,Lauro Carneiro de Loyola Airport,Joinville,جوينفيل,Brazil,البرازيل,BR
JOL,Jolo Airport,مطار جولو,Jolo,جولو,Philippines,الفلبين,PH
JOS,Yakubu Gowon Airport,مطار ياكوبو غون,Jos,جوس,Nigeria,نيجيريا,NG
JPA,Presidente Castro Pinto International Airport,Presidente Castro Pinto International Airport,João Pessoa,جواو بيسوا,Brazil,البرازيل,BR
JPE,Nagib Demachki Airport,Nagib Demachki Airport,Paragominas,Paragominas,Brazil,البرازيل,BR
JPR,Ji-Paraná Airport,Ji-Paraná Airport,Ji-Paraná,جي بارانا,Brazil,البرازيل,BR
JQA,Qaarsut Airport,مطار كارسوت,Uummannaq,كارسوت,Greenland,غرينلاند,GL
JRG,Jharsuguda Airport,Jharsuguda Airport,Jharsuguda Airport,Jharsuguda Airport,India,الهند,IN
JRH,Jorhat Airport,مطار جورهات,Jorhat,جورهات,India,الهند,IN
JRO,Kilimanjaro International Airport,مطار كليمنجارو الدولي,Arusha,جبل كليمنجارو,Tanzania,تنزانيا,TZ
JSA,Jaisalmer Airport,Jaisalmer Airport,Jaisalmer Airport,جيسلمير,India,الهند,IN
JSH,Sitia Airport,Sitia Airport,Crete Island,سيتيا,Greece,اليونان,GR
JSI,Skiathos Island National Airport,مطار سكياثوس الدولي,Skiathos,سكياثوس,Greece,اليونان,GR
JSJ,Jiansanjiang Shidi Airport,مطار جيانسانينغ,Jiansanjiang,تونغجيانغ,China,الصين,CN
JSK,Jask Airport,Jask Airport,Bandar-e-Jask,Bandar-e-Jask,Iran,إيران,IR
JSR,Jessore Airport,مطار جيسور,Jashore (Jessore),قضاء جسر,Bangladesh,بنغلاديش,BD
JST,John Murtha Johnstown Cambria County Airport,John Murtha Johnstown Cambria County Airport,Johnstown,جونستاون,United States,الولايات المتحدة,US
JSU,Maniitsoq Airport,مطار مانيتسوك,Maniitsoq,مانيتسوك,Greenland,غرينلاند,GL
JSY,Syros Airport,Syros Airport,Syros Island,سيروس,Greece,اليونان,GR
JTC,Bauru/Arealva–Moussa Nakhal Tobias State Airport,Bauru/Arealva–Moussa Nakhal Tobias State Airport,Bauru,باورو,Brazil,البرازيل,BR
JTR,Santorini Airport,مطار سانتوريني,Santorini,سانتوريني,Greece,اليونان,GR
JTY,Astypalaia Airport,Astypalaia Airport,Astypalaia Island,أستيباليا,Greece,اليونان,GR
JUB,Juba International Airport,مطار جوبا,Juba,جوبا,South Sudan,جنوب السودان,SS
JUH,Chizhou Jiuhuashan Airport,مطار جيزهو جيوهواشان,Chizhou,شيزو,China,الصين,CN
JUI,Juist Airport,Juist Airport,Juist,Juist,Germany,ألمانيا,DE
JUJ,Gobernador Horacio Guzman International Airport,Gobernador Horacio Guzman International Airport,San Salvador de Jujuy,سان سلفادور دي خوخوي,Argentina,الأرجنتين,AR
JUL,Inca Manco Capac International Airport,Inca Manco Capac International Airport,Juliaca,خولياكا,Peru,بيرو,PE
JUM,Jumla Airport,Jumla Airport,Jumla,محافظة جوملا,Nepal,نيبال,NP
JUV,Upernavik Airport,مطار آبرناويك,Upernavik,آبرناويك,Greenland,غرينلاند,GL
JUZ,Quzhou Airport,مطار قوزهو,Quzhou (Kezheng),كو زهو,China,الصين,CN
JXA,Jixi Xingkaihu Airport,مطار جيشي شينغايهو,Jixi,جيشى,China,الصين,CN
JYV,Jyväskylä Airport,Jyväskylä Airport,Jyväskylän Maalaiskunta,يوفاسكولا,Finland,فنلندا,FI
JZH,Jiuzhai Huanglong Airport,مطار جيوتشايقو هوانغ لونغ,Ngawa (Songpan),Ngawa (Songpan),China,الصين,CN
KAA,Kasama Airport,مطار كاساما,Kasama,كاساما,Zambia,زامبيا,ZM
KAB,Kariba Airport,مطار كاريبا,Kariba,Kariba,Zimbabwe,زيمبابوي,ZW
KAC,Qamishli International Airport,مطار القامشلي,Qamishli,القامشلي,Syria,سوريا,SY
KAD,Kaduna International Airport,مطار كادونا الدولي,Kaduna,كادونا,Nigeria,نيجيريا,NG
KAI,Kaieteur Airport,Kaieteur Airport,Kaieteur Falls,كاييتور الحديقة الوطنية,Guyana,غيانا,GY
KAJ,Kajaani Airport,مطار كاياني,Kajaani,كايآني,Finland,فنلندا,FI
KAL,Kaltag Airport,Kaltag Airport,Kaltag,كالتاغ,United States,الولايات المتحدة,US
KAN,Mallam Aminu Kano International Airport,مطار مالام أمينو كانو الدولي,Kano,كانو,Nigeria,نيجيريا,NG
KAO,Kuusamo Airport,Kuusamo Airport,Kuusamo,كوسامو,Finland,فنلندا,FI
KAT,Kaitaia Airport,Kaitaia Airport,Awanui,Awanui,New Zealand,نيوزيلندا,NZ
KAW,Kawthoung Airport,Kawthoung Airport,Kawthoung,Kawthoung,Myanmar (Burma),ميانمار (بورما),MM
KAX,Kalbarri Airport,Kalbarri Airport,Kalbarri,كالباري,Australia,أستراليا,AU
KBC,Birch Creek Airport,Birch Creek Airport,Birch Creek,Birch Creek,United States,الولايات المتحدة,US
KBL,Kabul International Airport,مطار كابل الدولي,Kabul,كابل,Afghanistan,أفغانستان,AF
KBR,Sultan Ismail Petra Airport,Sultan Ismail Petra Airport,Kota Baharu,كوتا بهارو,Malaysia,ماليزيا,MY
KBU,Gusti Syamsir Alam Airport,Gusti Syamsir Alam Airport,Stagen,Stagen,Indonesia,إندونيسيا,ID
KBV,Krabi International Airport,مطار كرابي الدولي,Krabi,كرابي,Thailand,تايلاند,TH
KCA,Kuqa Qiuci Airport,مطار كوغا كويشي,Kuqa,كوقا,China,الصين,CN
KCG,Chignik Airport,Chignik Airport,Chignik,تشيغنيك,United States,الولايات المتحدة,US
KCH,Kuching International Airport,مطار كوتشينغ الدولي,Kuching,كوتشينغ,Malaysia,ماليزيا,MY
KCM,Kahramanmaraş Airport,مطار قهرمان مرعش,Kahramanmaraş,مرعش,Türkiye,تركيا,TR
KCQ,Chignik Lake Airport,Chignik Lake Airport,Chignik Lake,Chignik Lake,United States,الولايات المتحدة,US
KCT,Koggala Airport,Koggala Airport,Galle,Galle,Sri Lanka,سريلانكا,LK
KCY,Krasnoyarsk Cheremshanka Airport,Krasnoyarsk Cheremshanka Airport,Krasnoyarsk,Krasnoyarsk,Russia,روسيا,RU
KCZ,Kochi Ryoma Airport,Kochi Ryoma Airport,Nankoku,كوتشي، كوتشي,Japan,اليابان,JP
KDD,Khuzdar Airport,Khuzdar Airport,Khuzdar,Khuzdar,Pakistan,باكستان,PK
KDH,Ahmad Shah Baba International Airport,مطار أحمد شاه بابا الدولي,Kandahar,قندهار,Afghanistan,أفغانستان,AF
KDI,Haluoleo Airport,Haluoleo Airport,Kendari,كنداري,Indonesia,إندونيسيا,ID
KDL,Kärdla Airport,Kärdla Airport,Kärdla,كاردلا,Estonia,إستونيا,EE
KDM,Kaadedhdhoo Airport,Kaadedhdhoo Airport,Huvadhu Atoll,Huvadhu Atoll,Maldives,المالديف,MV
KDO,Kadhdhoo Airport,Kadhdhoo Airport,Kadhdhoo,Kadhdhoo,Maldives,المالديف,MV
KDU,Skardu International Airport,Skardu International Airport,Skardu,سكردو,Pakistan,باكستان,PK
KDV,Vunisea Airport,مطار فونيسي,Vunisea,Vunisea,Fiji,فيجي,FJ
KEB,Nanwalek Airport,Nanwalek Airport,Nanwalek,Nanwalek,United States,الولايات المتحدة,US
KEF,Keflavík International Airport,مطار كيفلافيك الدولي,Reykjavík,ريكيافيك,Iceland,آيسلندا,IS
KEJ,Alexei Leonov Kemerovo International Airport,Alexei Leonov Kemerovo International Airport,Kemerovo,كيميروفو,Russia,روسيا,RU
KEM,Kemi-Tornio Airport,مطار كيمي تورنيو,Kemi / Tornio,كيمي,Finland,فنلندا,FI
KEP,Nepalgunj Airport,Nepalgunj Airport,Nepalgunj,نيبالغونج,Nepal,نيبال,NP
KER,Ayatollah Hashemi Rafsanjani International Airport,Ayatollah Hashemi Rafsanjani International Airport,Kerman,كرمان,Iran,إيران,IR
KET,Kengtung Airport,Kengtung Airport,Kengtung,Kengtung,Myanmar (Burma),ميانمار (بورما),MM
KEW,Keewaywin Airport,Keewaywin Airport,Keewaywin,Keewaywin,Canada,كندا,CA
KFG,Kalkgurung Airport,Kalkgurung Airport,Kalkgurung Airport,Kalkgurung Airport,Australia,أستراليا,AU
KFP,False Pass Airport,False Pass Airport,False Pass,فولس باس,United States,الولايات المتحدة,US
KFS,Kastamonu Airport,مطار قسطموني,Kastamonu,قسطمونة,Türkiye,تركيا,TR
KGA,Kananga Airport,Kananga Airport,Kananga,كانانغا,Congo - Kinshasa,الكونغو - كينشاسا,CD
KGC,Kingscote Airport,Kingscote Airport,Kingscote Airport,جزيرة كانغارو,Australia,أستراليا,AU
KGD,Khrabrovo Airport,مطار كالينينغراد,Kaliningrad,كالينينغراد,Russia,روسيا,RU
KGE,Kaghau Airport,Kaghau Airport,Kagau Island,Kagau Island,Solomon Islands,جزر سليمان,SB
KGF,Sary-Arka Airport,Sary-Arka Airport,Karaganda,كارقندا,Kazakhstan,كازاخستان,KZ
KGI,Kalgoorlie Boulder Airport,Kalgoorlie Boulder Airport,Broadwood,كالغورلي,Australia,أستراليا,AU
KGK,Koliganek Airport,Koliganek Airport,Koliganek,كوليغانيك,United States,الولايات المتحدة,US
KGL,Kigali International Airport,مطار كيغالي الدولي,Kigali,كيغالي,Rwanda,رواندا,RW
KGP,Kogalym International Airport,مطار كوغاليم الدولي,Kogalym,كوغاليم,Russia,روسيا,RU
KGS,"Kos International Airport ""Ippokratis""","Kos International Airport ""Ippokratis""",Kos Island,كوس,Greece,اليونان,GR
KGT,Kangding Airport,مطار كانغدينغ,Garzê (Kangding),ولاية غارزي التبتية ذاتية الحكم,China,الصين,CN
KGX,Grayling Airport,Grayling Airport,Grayling,Grayling,United States,الولايات المتحدة,US
KHD,Khoram Abad Airport,Khoram Abad Airport,Khoram Abad Airport,خرم آباد,Iran,إيران,IR
KHG,Kashgar Laining International Airport,مطار كاشغر الدولي,Kashgar,كاشغر,China,الصين,CN
KHH,Kaohsiung International Airport,مطار كاوهسيونغ الدولي,Kaohsiung (Xiaogang),كاوهسيونغ,Taiwan,تايوان,TW
KHI,Jinnah International Airport,مطار جناح الدولي,Karachi,كراتشي,Pakistan,باكستان,PK
KHK,Khark Airport,Khark Airport,Khark,بلدة خارك,Iran,إيران,IR
KHM,Kanti Airport,Kanti Airport,Kanti,Kanti,Myanmar (Burma),ميانمار (بورما),MM
KHN,Nanchang Changbei International Airport,مطار نانتشانغ تشانغبى الدولي,Nanchang,نانتشانغ,China,الصين,CN
KHS,Khasab Airport,مطار خصـب,Khasab,ولاية خصب,Oman,عُمان,OM
KHT,Khost International Airport,مطار خوست,Khost,ولاية خوست,Afghanistan,أفغانستان,AF
KHV,Khabarovsk Novy Airport,مطار خاباروفسك الدولي,Khabarovsk,خاباروفسك,Russia,روسيا,RU
KHX,Savannah Airstrip,Savannah Airstrip,Kihihi,Kihihi,Uganda,أوغندا,UG
KHZ,Kauehi Airport,Kauehi Airport,Kauehi,Kauehi,French Polynesia,بولينيزيا الفرنسية,PF
KIE,Aropa Airport,Aropa Airport,Kieta,Kieta,Papua New Guinea,بابوا غينيا الجديدة,PG
KIF,Kingfisher Lake Airport,Kingfisher Lake Airport,Kingfisher Lake,Kingfisher Lake,Canada,كندا,CA
KIH,Kish International Airport,مطار كيش الدولي,Kish Island,كيش,Iran,إيران,IR
KIJ,Niigata Airport,Niigata Airport,Niigata,نيغاتا,Japan,اليابان,JP
KIK,Kirkuk International Airport,مطار كركوك الدولي,Kirkuk,كركوك,Iraq,العراق,IQ
KIM,Kimberley Airport,Kimberley Airport,Kimberley,كيمبرلي,South Africa,جنوب أفريقيا,ZA
KIN,Norman Manley International Airport,مطار نورمان مانلي الدولي,Kingston,كينغستون,Jamaica,جامايكا,JM
KIO,Kili Airport,Kili Airport,Kili Island,Kili Island,Marshall Islands,جزر مارشال,MH
KIR,Kerry Airport,Kerry Airport,Farranfore,ترالي,Ireland,أيرلندا,IE
KIS,Kisumu International Airport,Kisumu International Airport,Kisumu,كيزيمو,Kenya,كينيا,KE
KIT,Kithira Airport,Kithira Airport,Kithira Island,كيثيرا,Greece,اليونان,GR
KIX,Kansai International Airport,مطار كانساي الدولي,Osaka,أوساكا,Japan,اليابان,JP
KJA,Krasnoyarsk International Airport,مطار كراسنويارسك الدولي,Krasnoyarsk,كراسنويارسك,Russia,روسيا,RU
KJB,Kurnool Airport,مطار كرنول,Orvakal,كرنول,India,الهند,IN
KJH,Kaili Huangping Airport,مطار غايلي هوانغبينغ,Kaili  (Huangping),كايلي,China,الصين,CN
KJI,Burqin Kanas Airport,مطار برقين كاناس,Burqin,Burqin,China,الصين,CN
KJT,Kertajati International Airport,مطار كيرتاجاتي الدولي,Kertajati,جاوة الغربية,Indonesia,إندونيسيا,ID
KKA,Koyuk Alfred Adams Airport,Koyuk Alfred Adams Airport,Koyuk,كويوك,United States,الولايات المتحدة,US
KKC,Khon Kaen Airport,Khon Kaen Airport,Khon Kaen,Khon Kaen,Thailand,تايلاند,TH
KKE,Kerikeri Airport,Kerikeri Airport,Kerikeri,Kerikeri,New Zealand,نيوزيلندا,NZ
KKH,Kongiganak Airport,Kongiganak Airport,Kongiganak,Kongiganak,United States,الولايات المتحدة,US
KKI,Akiachak Airport,Akiachak Airport,Akiachak,أكياتشاك,United States,الولايات المتحدة,US
KKJ,Kitakyushu Airport,Kitakyushu Airport,Kitakyushu,كيتاكيوشو,Japan,اليابان,JP
KKN,"Kirkenes Airport, Høybuktmoen","Kirkenes Airport, Høybuktmoen",Kirkenes,شيركنيس,Norway,النرويج,NO
KKR,Kaukura Airport,Kaukura Airport,Raitahiti,Raitahiti,French Polynesia,بولينيزيا الفرنسية,PF
KKS,Kashan Airport,Kashan Airport,Kashan,كاشان,Iran,إيران,IR
KKW,Kikwit Airport,Kikwit Airport,Kikwit,Kikwit,Congo - Kinshasa,الكونغو - كينشاسا,CD
KKX,Kikai Airport,Kikai Airport,Kikai,Kikai,Japan,اليابان,JP
KLG,Kalskag Airport,Kalskag Airport,Kalskag,Kalskag,United States,الولايات المتحدة,US
KLH,Kolhapur Airport,مطار كولهابور,Kolhapur,كولهابور,India,الهند,IN
KLN,Larsen Bay Airport,Larsen Bay Airport,Larsen Bay,لارسن باي,United States,الولايات المتحدة,US
KLO,Kalibo International Airport,مطار كاليبو الدولي,Kalibo,Kalibo,Philippines,الفلبين,PH
KLP,Seruyan Kuala Pembuang Airport,Seruyan Kuala Pembuang Airport,Seruyan,Seruyan,Indonesia,إندونيسيا,ID
KLR,Kalmar Airport,Kalmar Airport,Kalmar,كالمار,Sweden,السويد,SE
KLU,Klagenfurt Airport,مطار كلاغنفورت,Klagenfurt am Wörthersee,كلاغنفورت,Austria,النمسا,AT
KLV,Karlovy Vary Airport,Karlovy Vary Airport,Karlovy Vary,كارلوفي فاري,Czechia,التشيك,CZ
KLW,Klawock Airport,Klawock Airport,Klawock,كلاووك,United States,الولايات المتحدة,US
KLX,Kalamata Airport,Kalamata Airport,Kalamata,كالاماتا,Greece,اليونان,GR
KMA,Kerema Airport,Kerema Airport,Kerema,Kerema,Papua New Guinea,بابوا غينيا الجديدة,PG
KMC,King Khaled Military City Airport,مطار مدينة الملك خالد العسكرية,King Khaled Military City,حفر الباطن,Saudi Arabia,السعودية,SA
KME,Kamembe Airport,Kamembe Airport,Kamembe,سيانجوجو,Rwanda,رواندا,RW
KMG,Kunming Changshui International Airport,مطار كونمينغ جانغشوي الدولي,Kunming,كونمينغ,China,الصين,CN
KMI,Miyazaki Airport,Miyazaki Airport,Miyazaki,ميازاكي,Japan,اليابان,JP
KMJ,Kumamoto Airport,Kumamoto Airport,Kumamoto,كوماموتو,Japan,اليابان,JP
KMN,Kamina City Airport,مطار كامينا,Kamina,كامينا,Congo - Kinshasa,الكونغو - كينشاسا,CD
KMO,Manokotak Airport,Manokotak Airport,Manokotak,مانوكوتاك,United States,الولايات المتحدة,US
KMQ,Komatsu Airport / JASDF Komatsu Air Base,Komatsu Airport / JASDF Komatsu Air Base,Kanazawa,إيشيكاوا,Japan,اليابان,JP
KMS,Prempeh I International Airport,مطار كوماسي,Kumasi,كوماسي,Ghana,غانا,GH
KMW,Kostroma Sokerkino Airport,Kostroma Sokerkino Airport,Kostroma,كوستروما,Russia,روسيا,RU
KMX,King Khalid Air Base,قاعدة الملك خالد الجوية,Khamis Mushait,خميس مشيط,Saudi Arabia,السعودية,SA
KND,Kindu Airport,Kindu Airport,Kindu,Kindu,Congo - Kinshasa,الكونغو - كينشاسا,CD
KNG,Utarom Airport,Utarom Airport,Kaimana,Kaimana,Indonesia,إندونيسيا,ID
KNH,Kinmen Airport,مطار كينمن,Shang-I,كنمن,Taiwan,تايوان,TW
KNK,Kokhanok Airport,Kokhanok Airport,Kokhanok,Kokhanok,United States,الولايات المتحدة,US
KNO,Kualanamu International Airport,مطار كوالانامو الدولي,Beringin,ميدان,Indonesia,إندونيسيا,ID
KNQ,Koné Airport,Koné Airport,Koné,Koné,New Caledonia,كاليدونيا الجديدة,NC
KNS,King Island Airport,King Island Airport,King Island Airport,جزيرة كينج ايسلند,Australia,أستراليا,AU
KNU,Kanpur Airport,مطار كانبور,Kanpur,كانبور,India,الهند,IN
KNW,New Stuyahok Airport,New Stuyahok Airport,New Stuyahok,نيو ستوياهوك,United States,الولايات المتحدة,US
KNX,East Kimberley Regional (Kununurra) Airport,East Kimberley Regional (Kununurra) Airport,Kununurra,كورونورا,Australia,أستراليا,AU
KOA,Ellison Onizuka Kona International Airport at Keāhole,Ellison Onizuka Kona International Airport at Keāhole,Kailua-Kona,كايلوا-كونا,United States,الولايات المتحدة,US
KOC,Koumac Airport,Koumac Airport,Koumac,كوماك,New Caledonia,كاليدونيا الجديدة,NC
KOE,El Tari Airport,مطار التاري,Kupang,كوبانغ,Indonesia,إندونيسيا,ID
KOI,Kirkwall Airport,Kirkwall Airport,"Kirkwall, Orkney Islands","Kirkwall, Orkney Islands",United Kingdom,المملكة المتحدة,GB
KOJ,Kagoshima Airport,Kagoshima Airport,Kagoshima,كاغوشيما، كاغوشيما,Japan,اليابان,JP
KOK,Kokkola-Pietarsaari Airport,Kokkola-Pietarsaari Airport,Kokkola / Kruunupyy,كوكولا,Finland,فنلندا,FI
KOP,Nakhon Phanom Airport,Nakhon Phanom Airport,Nakhon Phanom,Nakhon Phanom,Thailand,تايلاند,TH
KOS,Sihanouk International Airport,Sihanouk International Airport,Preah Sihanouk,سيهانوكفيل,Cambodia,كمبوديا,KH
KOT,Kotlik Airport,Kotlik Airport,Kotlik,كوتليك,United States,الولايات المتحدة,US
KOV,Kokshetau International Airport,Kokshetau International Airport,Kokshetau,كوكشيتو,Kazakhstan,كازاخستان,KZ
KOW,Ganzhou Huangjin Airport,مطار قانتشو هوانتشين,Ganzhou,غانتشو,China,الصين,CN
KOZ,Ouzinkie Airport,Ouzinkie Airport,Ouzinkie,أوزينكي,United States,الولايات المتحدة,US
KPN,Kipnuk Airport,Kipnuk Airport,Kipnuk,كيبنوك,United States,الولايات المتحدة,US
KPO,Pohang Airport (G-815/K-3),Pohang Airport (G-815/K-3),Pohang,بوهانغ,South Korea,كوريا الجنوبية,KR
KPV,Perryville Airport,Perryville Airport,Perryville,Perryville,United States,الولايات المتحدة,US
KPW,Keperveem Airport,Keperveem Airport,Keperveem,بيليبينو,Russia,روسيا,RU
KQA,Akutan Airport,Akutan Airport,Akutan,أكوتان,United States,الولايات المتحدة,US
KQH,Kishangarh Airport Ajmer,Kishangarh Airport Ajmer,Ajmer (Kishangarh),أجمير,India,الهند,IN
KQR,Karara Airport,Karara Airport,Karara,Karara,Australia,أستراليا,AU
KQT,Bokhtar International Airport,Bokhtar International Airport,Bokhtar,كورغان تبه,Tajikistan,طاجيكستان,TJ
KRB,Karumba Airport,Karumba Airport,Karumba Airport,Karumba Airport,Australia,أستراليا,AU
KRC,Departi Parbo Airport,مطار ديباتي باربو,Sungai Penuh,Sungai Penuh,Indonesia,إندونيسيا,ID
KRE,Kirundo Airport,مطار كيروندو,Kirundo,كيروندو,Burundi,بوروندي,BI
KRF,Kramfors-Sollefteå Höga Kusten Airport,Kramfors-Sollefteå Höga Kusten Airport,Nyland,كرامفوش,Sweden,السويد,SE
KRI,Kikori Airport,Kikori Airport,Kikori,Kikori,Papua New Guinea,بابوا غينيا الجديدة,PG
KRK,Kraków John Paul II International Airport,مطار كراكوف الدولي,Kraków,كراكوف,Poland,بولندا,PL
KRL,Korla Licheng Airport,مطار كورلا ليتشنغ,Korla,كورلا,China,الصين,CN
KRN,Kiruna Airport,Kiruna Airport,Kiruna,كيرونا,Sweden,السويد,SE
KRO,Kurgan Airport,Kurgan Airport,Kurgan,كورغان,Russia,روسيا,RU
KRP,Midtjyllands Airport / Air Base Karup,Midtjyllands Airport / Air Base Karup,Karup,Karup,Denmark,الدنمارك,DK
KRR,Krasnodar Pashkovsky International Airport,مطار كراسنودار الدولي,Krasnodar,كراسنودار,Russia,روسيا,RU
KRS,Kristiansand Airport,Kristiansand Airport,Kristiansand(Kjevik),كريستيانساند,Norway,النرويج,NO
KRT,Khartoum International Airport,مطار الخرطوم الدولي,Khartoum,الخرطوم,Sudan,السودان,SD
KRW,Turkmenbaşy International Airport,Turkmenbaşy International Airport,Turkmenbaşy,تركمانباشي,Turkmenistan,تركمانستان,TM
KRY,Karamay Airport,مطار كاراماي جوهاي,Karamay,كاراماي,China,الصين,CN
KSA,Kosrae International Airport,Kosrae International Airport,Okat,Okat,Micronesia,ميكرونيزيا,FM
KSC,Košice International Airport,Košice International Airport,Košice,كوشيتسه,Slovakia,سلوفاكيا,SK
KSD,Karlstad Airport,Karlstad Airport,Karlstad,Karlstad,Sweden,السويد,SE
KSF,Kassel Airport,Kassel Airport,Calden,كاسل,Germany,ألمانيا,DE
KSH,Shahid Ashrafi Esfahani Airport,Shahid Ashrafi Esfahani Airport,Kermanshah,كرمانشاه,Iran,إيران,IR
KSJ,Kasos Airport,Kasos Airport,Kasos Island,قاشوط,Greece,اليونان,GR
KSL,Kassala Airport,مطار كسلا,Kassala,كسلا,Sudan,السودان,SD
KSM,St Mary's Airport,St Mary's Airport,St Mary's,St Mary's,United States,الولايات المتحدة,US
KSN,Kostanay International Airport,مطار كوستاناي,Kostanay,قوستاناي,Kazakhstan,كازاخستان,KZ
KSO,Kastoria National Airport Aristotle,Kastoria National Airport Aristotle,Argos Orestiko,Argos Orestiko,Greece,اليونان,GR
KSQ,Karshi Airport,Karshi Airport,Karshi,قرشي,Uzbekistan,أوزبكستان,UZ
KSR,Selayar - Haji Aroeppala Airport,Selayar - Haji Aroeppala Airport,Benteng,Benteng,Indonesia,إندونيسيا,ID
KSU,"Kristiansund Airport, Kvernberget","Kristiansund Airport, Kvernberget",Kvernberget,كريستيانسوند,Norway,النرويج,NO
KSY,Kars Airport,Kars Airport,Kars,قارص,Türkiye,تركيا,TR
KSZ,Kotlas Airport,Kotlas Airport,Kotlas,كوتلاس,Russia,روسيا,RU
KTA,Karratha Airport,Karratha Airport,Karratha,كاراثا,Australia,أستراليا,AU
KTD,Kitadaito Airport,Kitadaito Airport,Kitadaitōjima,Kitadaitōjima,Japan,اليابان,JP
KTG,Rahadi Osman Airport,مطار رهادي عثمان,Ketapang,كيتابانغ,Indonesia,إندونيسيا,ID
KTI,Techo International Airport,Techo International Airport,Phnom Penh (Boeng Khyang),Phnom Penh (Boeng Khyang),Cambodia,كمبوديا,KH
KTM,Tribhuvan International Airport,مطار تريبهوفان الدولي,Kathmandu,كاتماندو,Nepal,نيبال,NP
KTN,Ketchikan International Airport,Ketchikan International Airport,Ketchikan,كيتشيكان,United States,الولايات المتحدة,US
KTP,Tinson Pen Airport,مطار تينسون بن,Tinson Pen,كينغستون,Jamaica,جامايكا,JM
KTS,Brevig Mission Airport,Brevig Mission Airport,Brevig Mission,برفيج ميسيون,United States,الولايات المتحدة,US
KTT,Kittilä International Airport,مطار كيتيلا,Kittilä,کيتيلا,Finland,فنلندا,FI
KTW,Katowice Wojciech Korfanty International Airport,مطار كاتوفيتشي,Katowice,كاتوفيتسه,Poland,بولندا,PL
KUA,Kuantan Airport,Kuantan Airport,Kuantan,فهغ,Malaysia,ماليزيا,MY
KUD,Kudat Airport,Kudat Airport,Kudat,كودات,Malaysia,ماليزيا,MY
KUF,Kurumoch International Airport,مطار كوروموخ الدولي,Samara,سامارا,Russia,روسيا,RU
KUG,Kubin Island Airport,Kubin Island Airport,Kubin Island,Kubin Island,Australia,أستراليا,AU
KUH,Kushiro Airport,Kushiro Airport,Kushiro,كوشيرو,Japan,اليابان,JP
KUK,Kasigluk Airport,Kasigluk Airport,Kasigluk,كاسيغلوك,United States,الولايات المتحدة,US
KUL,Kuala Lumpur International Airport,مطار كوالالمبور الدولي,Kuala Lumpur,كوالالمبور,Malaysia,ماليزيا,MY
KUM,Yakushima Airport,Yakushima Airport,Yakushima,ياكوشيما,Japan,اليابان,JP
KUN,Kaunas International Airport,مطار كاوناس,Kaunas,كاوناس,Lithuania,ليتوانيا,LT
KUO,Kuopio Airport,Kuopio Airport,Kuopio / Siilinjärvi,كووبيو,Finland,فنلندا,FI
KUS,Kulusuk Airport,مطار كولوسوك,Kulusuk,كولوسوك,Greenland,غرينلاند,GL
KUT,David the Builder Kutaisi International Airport,David the Builder Kutaisi International Airport,Kopitnari,كوتايسي,Georgia,جورجيا,GE
KUU,Kullu Manali Airport,Kullu Manali Airport,Bhuntar,كولو,India,الهند,IN
KUV,Gunsan Airport / Gunsan Air Base,Gunsan Airport / Gunsan Air Base,Gunsan,جونسان,South Korea,كوريا الجنوبية,KR
KVA,Kavala Alexander the Great International Airport,Kavala Alexander the Great International Airport,Kavala,قوالة,Greece,اليونان,GR
KVC,King Cove Airport,King Cove Airport,King Cove,King Cove,United States,الولايات المتحدة,US
KVG,Kavieng Airport,مطار كافينغ,Kavieng,Kavieng,Papua New Guinea,بابوا غينيا الجديدة,PG
KVK,Kirovsk-Apatity Airport,Kirovsk-Apatity Airport,Apatity,أباتيتي,Russia,روسيا,RU
KVL,Kivalina Airport,Kivalina Airport,Kivalina,Kivalina,United States,الولايات المتحدة,US
KVM,Markovo Airport,مطار ماركوفو,Markovo,Markovo,Russia,روسيا,RU
KVO,Morava Airport,Morava Airport,Kraljevo,كرالييفو,Serbia,صربيا,RS
KVX,Pobedilovo Airport,Pobedilovo Airport,Kirov,كيروف، كيروف أوبلاست,Russia,روسيا,RU
KWA,Bucholz Army Air Field,Bucholz Army Air Field,Kwajalein,Kwajalein,Marshall Islands,جزر مارشال,MH
KWB,Dewadaru Airport,Dewadaru Airport,Karimunjawa,Karimunjawa,Indonesia,إندونيسيا,ID
KWE,Guiyang Longdongbao International Airport,مطار قوييانغ لونغدونغابو الدولي,Guiyang (Nanming),غوييانغ,China,الصين,CN
KWI,Kuwait International Airport,مطار الكويت الدولي,Kuwait City,مدينة الكويت,Kuwait,الكويت,KW
KWJ,Gwangju Airport,Gwangju Airport,Gwangju,غوانغجو,South Korea,كوريا الجنوبية,KR
KWK,Kwigillingok Airport,Kwigillingok Airport,Kwigillingok,Kwigillingok,United States,الولايات المتحدة,US
KWL,Guilin Liangjiang International Airport,مطار قويلين يانغ جيانغ الدولي,Guilin (Lingui),غويلين,China,الصين,CN
KWM,Kowanyama Airport,Kowanyama Airport,Kowanyama,Kowanyama,Australia,أستراليا,AU
KWN,Quinhagak Airport,Quinhagak Airport,Quinhagak,كوينهاغاك,United States,الولايات المتحدة,US
KWT,Kwethluk Airport,Kwethluk Airport,Kwethluk,كويثلوك,United States,الولايات المتحدة,US
KWZ,Kolwezi Airport,Kolwezi Airport,Kolwezi,كولويزي,Congo - Kinshasa,الكونغو - كينشاسا,CD
KXB,Sangia Nibandera Airport,Sangia Nibandera Airport,Kolaka,Kolaka,Indonesia,إندونيسيا,ID
KXF,Koro Island Airport,مطار كورو,Koro Island,جزيرة كورو,Fiji,فيجي,FJ
KXK,Komsomolsk-on-Amur Airport,Komsomolsk-on-Amur Airport,Komsomolsk-on-Amur,كومسومولسك-نا-أموري,Russia,روسيا,RU
KXO,Kisoro Airport,Kisoro Airport,Kisoro,Kisoro,Uganda,أوغندا,UG
KYA,Konya Airport,مطار قونية,Konya,قونية,Türkiye,تركيا,TR
KYD,Lanyu Airport,Lanyu Airport,Orchid Island,جزيرة الأوركيد,Taiwan,تايوان,TW
KYK,Karluk Airport,Karluk Airport,Karluk,Karluk,United States,الولايات المتحدة,US
KYP,Kyaukpyu Airport,Kyaukpyu Airport,Kyaukpyu,Kyaukpyu,Myanmar (Burma),ميانمار (بورما),MM
KYS,Kayes Dag Dag Airport,Kayes Dag Dag Airport,Kayes,كايس,Mali,مالي,ML
KYU,Koyukuk Airport,Koyukuk Airport,Koyukuk,كويوكوك,United States,الولايات المتحدة,US
KYZ,Kyzyl Airport,مطار كيزيل,Kyzyl,كيزيل,Russia,روسيا,RU
KZI,Kozani National Airport Filippos,Kozani National Airport Filippos,Kozani,كوزاني,Greece,اليونان,GR
KZN,Kazan International Airport,مطار قازان الدولي,Kazan,قازان,Russia,روسيا,RU
KZO,Korkyt Ata International Airport,Korkyt Ata International Airport,Kyzylorda,كيزيلوردا,Kazakhstan,كازاخستان,KZ
KZR,Zafer Airport,مطار ظافر,Altıntaş,كوتاهية,Türkiye,تركيا,TR
KZS,Kastelorizo Airport,Kastelorizo Airport,Kastelorizo Island,كاستيلوريزو,Greece,اليونان,GR
LAD,Quatro de Fevereiro International Airport,مطار كواترو دي فيفيريرو,Luanda,لواندا,Angola,أنغولا,AO
LAE,Nadzab Tomodachi International Airport,Nadzab Tomodachi International Airport,Lae,Lae,Papua New Guinea,بابوا غينيا الجديدة,PG
LAF,Purdue University Airport,Purdue University Airport,West Lafayette,لافاييت,United States,الولايات المتحدة,US
LAJ,Lages Airport,Lages Airport,Lages,لاخيس,Brazil,البرازيل,BR
LAK,Aklavik/Freddie Carmichael Airport,Aklavik/Freddie Carmichael Airport,Aklavik,Aklavik,Canada,كندا,CA
LAL,Lakeland Linder International Airport,Lakeland Linder International Airport,Lakeland,ليكلاند,United States,الولايات المتحدة,US
LAN,Capital Region International Airport,Capital Region International Airport,Lansing,لانسنغ,United States,الولايات المتحدة,US
LAO,Laoag International Airport,Laoag International Airport,Laoag City,لاواغ,Philippines,الفلبين,PH
LAP,Manuel Márquez de León International Airport,Manuel Márquez de León International Airport,La Paz,لا باز,Mexico,المكسيك,MX
LAQ,Al Abraq International Airport,مطار الأبرق الدولي,Al Albraq,البيضاء,Libya,ليبيا,LY
LAR,Laramie Regional Airport,Laramie Regional Airport,Laramie,لارامي,United States,الولايات المتحدة,US
LAS,Harry Reid International Airport,مطار لاس فيغاس الدولي,Las Vegas,لاس فيغاس,United States,الولايات المتحدة,US
LAU,Manda Airport,Manda Airport,Lamu,لامو,Kenya,كينيا,KE
LAW,Lawton Fort Sill Regional Airport,Lawton Fort Sill Regional Airport,Lawton,لوتون,United States,الولايات المتحدة,US
LAX,Los Angeles International Airport,مطار لوس أنجلوس الدولي,Los Angeles,لوس أنجلوس,United States,الولايات المتحدة,US
LBA,Leeds Bradford Airport,Leeds Bradford Airport,"Leeds, West Yorkshire",برادفورد,United Kingdom,المملكة المتحدة,GB
LBB,Lubbock Preston Smith International Airport,Lubbock Preston Smith International Airport,Lubbock,لوبوك,United States,الولايات المتحدة,US
LBC,Lübeck Blankensee Airport,Lübeck Blankensee Airport,Lübeck,لوبيك,Germany,ألمانيا,DE
LBD,Khujand International Airport,Khujand International Airport,Khujand,خجندة,Tajikistan,طاجيكستان,TJ
LBE,Arnold Palmer Regional Airport,Arnold Palmer Regional Airport,Latrobe,لاتروب,United States,الولايات المتحدة,US
LBF,North Platte Regional Airport Lee Bird Field,North Platte Regional Airport Lee Bird Field,North Platte,نورث بلات,United States,الولايات المتحدة,US
LBJ,Komodo Airport,مطار كومودو الدولي,"Labuan Bajo, Manggarai Barat","Labuan Bajo, Manggarai Barat",Indonesia,إندونيسيا,ID
LBL,Liberal Mid-America Regional Airport,Liberal Mid-America Regional Airport,Liberal,ليبرال,United States,الولايات المتحدة,US
LBP,Long Banga Airport,مطار لونغ بانجا,Long Banga,Long Banga,Malaysia,ماليزيا,MY
LBR,Lábrea Airport,Lábrea Airport,Lábrea,لابري,Brazil,البرازيل,BR
LBS,Labasa Airport,مطار لاباسا,Labasa,لاباسا,Fiji,فيجي,FJ
LBU,Labuan Airport,Labuan Airport,Labuan,لابوان,Malaysia,ماليزيا,MY
LBV,Libreville Leon M'ba International Airport,مطار ليون مبا الدولي,Libreville,ليبرفيل,Gabon,الغابون,GA
LBW,Yuvai Semaring Airport,Yuvai Semaring Airport,Long Bawan,Long Bawan,Indonesia,إندونيسيا,ID
LCA,Larnaca International Airport,مطار لارنكا الدولي,Larnaca,لارنكا,Cyprus,قبرص,CY
LCE,Golosón International Airport,Golosón International Airport,La Ceiba,لا سيبا,Honduras,هندوراس,HN
LCG,A Coruña Airport,مطار قرجيطة,Culleredo,قرجيطة,Spain,إسبانيا,ES
LCH,Lake Charles Regional Airport,Lake Charles Regional Airport,Lake Charles,ليك تشارلز,United States,الولايات المتحدة,US
LCJ,Łódź Władysław Reymont Airport,Łódź Władysław Reymont Airport,Łódź,وودج,Poland,بولندا,PL
LCK,Rickenbacker International Airport,Rickenbacker International Airport,Columbus,كولومبوس,United States,الولايات المتحدة,US
LCR,Virgilio Barco Vargas (La Chorrera) Airport,Virgilio Barco Vargas (La Chorrera) Airport,La Chorrera,La Chorrera,Colombia,كولومبيا,CO
LCX,Liancheng Guanzhishan Airport,مطار لونغيان غوانزهيشان,Longyan (Liancheng),لونغيان,China,الصين,CN
LCY,London City Airport,مطار لندن سيتي,London,لندن,United Kingdom,المملكة المتحدة,GB
LDB,Governor José Richa Airport,Governor José Richa Airport,Londrina,لوندرينا,Brazil,البرازيل,BR
LDE,Tarbes-Lourdes-Pyrénées Airport,Tarbes-Lourdes-Pyrénées Airport,Tarbes/Lourdes/Pyrénées,بلدية تارب,France,فرنسا,FR
LDG,Leshukonskoye Airport,Leshukonskoye Airport,Leshukonskoye,Leshukonskoye,Russia,روسيا,RU
LDH,Lord Howe Island Airport,Lord Howe Island Airport,Lord Howe Island,جزيرة لورد هاو,Australia,أستراليا,AU
LDS,Yichun Lindu Airport,مطار ييتشون ليندو,Yichun,ييتشون,China,الصين,CN
LDU,Lahad Datu Airport,Lahad Datu Airport,Lahad Datu,Lahad Datu,Malaysia,ماليزيا,MY
LDX,Saint-Laurent-du-Maroni Airport,Saint-Laurent-du-Maroni Airport,Saint-Laurent-du-Maroni,سان لورون دي ماروني,French Guiana,غويانا الفرنسية,GF
LDY,City of Derry Airport,City of Derry Airport,"Derry, Derry and Strabane",ديري,United Kingdom,المملكة المتحدة,GB
LEA,Learmonth Airport,Learmonth Airport,Exmouth,اكسماوث,Australia,أستراليا,AU
LEB,Lebanon Municipal Airport,Lebanon Municipal Airport,Lebanon,لبنان,United States,الولايات المتحدة,US
LEC,Coronel Horácio de Mattos Airport,Coronel Horácio de Mattos Airport,Lençóis,Lençóis,Brazil,البرازيل,BR
LED,Pulkovo Airport,مطار بولكوفو,Saint Petersburg,سانت بطرسبرغ,Russia,روسيا,RU
LEI,Almería Airport,مطار ألميريا,Almería,المرية,Spain,إسبانيا,ES
LEJ,Leipzig/Halle Airport,مطار لايبزيغ هاله,Schkeuditz,لايبزيغ,Germany,ألمانيا,DE
LEL,Lake Evella Airport,Lake Evella Airport,Lake Evella Airport,Lake Evella Airport,Australia,أستراليا,AU
LEN,León Airport,León Airport,La Virgen del Camino,ليون,Spain,إسبانيا,ES
LEQ,Land's End Airport,Land's End Airport,"Land's End, Cornwall","Land's End, Cornwall",United Kingdom,المملكة المتحدة,GB
LER,Leinster Airport,Leinster Airport,Leinster Airport,ليري,Australia,أستراليا,AU
LET,Alfredo Vásquez Cobo International Airport,Alfredo Vásquez Cobo International Airport,Leticia,ليتيسيا,Colombia,كولومبيا,CO
LEU,Pirineus - la Seu d'Urgel Airport,مطار أندورا لاسو دورجيل,La Seu d'Urgell Pyrenees and Andorra,ألت أورغل,Spain,إسبانيا,ES
LEV,Levuka Airfield,مطار ليفوكا,Bureta,Bureta,Fiji,فيجي,FJ
LEX,Blue Grass Airport,Blue Grass Airport,Lexington,ليكسينغتون,United States,الولايات المتحدة,US
LFM,Lamerd Airport,مطار لامرد الدولي,Lamerd,لامرد,Iran,إيران,IR
LFQ,Linfen Yaodu Airport,مطار لينفين ياودو,Linfen (Yaodu),لينفن,China,الصين,CN
LFT,Lafayette Regional Airport,Lafayette Regional Airport,Lafayette,لافاييت,United States,الولايات المتحدة,US
LFW,Lomé–Tokoin International Airport,مطار لومي,Lomé,لومي,Togo,توغو,TG
LGA,LaGuardia Airport,مطار لاغوارديا,New York,نيويورك,United States,الولايات المتحدة,US
LGB,Long Beach International Airport,Long Beach International Airport,Long Beach,لونغ بيتش,United States,الولايات المتحدة,US
LGG,Liège Airport,مطار لييج,Grâce-Hollogne,لييج,Belgium,بلجيكا,BE
LGI,Deadman's Cay Airport,Deadman's Cay Airport,Deadman's Cay,جزيرة لونغ,Bahamas,جزر البهاما,BS
LGK,Langkawi International Airport,مطار لنكاوي الدولي,Langkawi,لنكاوي,Malaysia,ماليزيا,MY
LGL,Long Lellang Airport,مطار لونغ ليلانغ,Long Datih,Long Datih,Malaysia,ماليزيا,MY
LGW,London Gatwick Airport,مطار لندن جاتويك,London,لندن,United Kingdom,المملكة المتحدة,GB
LGZ,Shannan Longzi Airport,Shannan Longzi Airport,Shannan,Shannan,China,الصين,CN
LHE,Allama Iqbal International Airport,مطار علامة إقبال الدولي,Lahore,لاهور,Pakistan,باكستان,PK
LHG,Lightning Ridge Airport,Lightning Ridge Airport,Lightning Ridge Airport,Lightning Ridge Airport,Australia,أستراليا,AU
LHL,Lachin International Airport,مطار لاتشين الدولي,Lachin,Lachin,Azerbaijan,أذربيجان,AZ
LHR,London Heathrow Airport,مطار لندن هيثرو,London,لندن,United Kingdom,المملكة المتحدة,GB
LHS,Las Heras Airport,Las Heras Airport,Las Heras,Las Heras,Argentina,الأرجنتين,AR
LHW,Lanzhou Zhongchuan International Airport,مطار لانتشو تشونغ تشوان,Lanzhou (Yongdeng),لانتشو,China,الصين,CN
LIF,Lifou Airport,Lifou Airport,Lifou,ليفو,New Caledonia,كاليدونيا الجديدة,NC
LIG,Limoges Airport,مطار بيليغارد,Limoges/Bellegarde,ليموج,France,فرنسا,FR
LIH,Lihue Airport,Lihue Airport,"Lihue, Kauai","Lihue, Kauai",United States,الولايات المتحدة,US
LIK,Likiep Airport,Likiep Airport,Likiep Island,ليكييب,Marshall Islands,جزر مارشال,MH
LIL,Lille Airport,مطار ليل,Lesquin,ليل,France,فرنسا,FR
LIM,Jorge Chávez International Airport,مطار خورخي تشافيز الدولي,Lima,ليما,Peru,بيرو,PE
LIN,Milano Linate Airport,مطار ليناتي,Segrate (MI),ميلانو,Italy,إيطاليا,IT
LIO,Limón International Airport,Limón International Airport,Limón,ليمون، كوستاريكا,Costa Rica,كوستاريكا,CR
LIR,Daniel Oduber Quirós International Airport,فرودگاه بینالمللی دنیل اودوبر کیروش,Liberia,ليبيريا، كوستاريكا,Costa Rica,كوستاريكا,CR
LIS,Lisbon Airport,مطار لشبونة,Lisbon,لشبونة,Portugal,البرتغال,PT
LIT,Bill & Hillary Clinton National Airport/Adams Field,مطار كلينتون الوطني,Little Rock,ليتل روك,United States,الولايات المتحدة,US
LIW,Loikaw Airport,Loikaw Airport,Loikaw,Loikaw,Myanmar (Burma),ميانمار (بورما),MM
LJG,Lijiang Sanyi International Airport,مطار ليجيانغ ساني الدولي,Lijiang,ليجيانج,China,الصين,CN
LJU,Ljubljana Jože Pučnik Airport,مطار ليوبليانا الدولي,Zgornji Brnik,لبلانة,Slovenia,سلوفينيا,SI
LKA,Larantuka Gewayentana Airport,Larantuka Gewayentana Airport,Tiwatobi,Tiwatobi,Indonesia,إندونيسيا,ID
LKB,Lakeba Island Airport,Lakeba Island Airport,Lakeba Island,Lakeba Island,Fiji,فيجي,FJ
LKI,Lasikin Airport,Lasikin Airport,Lubang,جزيرة سيمولو,Indonesia,إندونيسيا,ID
LKL,"Lakselv Airport, Banak","Lakselv Airport, Banak",Lakselv,Lakselv,Norway,النرويج,NO
LKM,Bolaang Mongondow Airport,مطار رجا لولودا موكواغو,Lolak,Lolak,Indonesia,إندونيسيا,ID
LKN,Leknes Airport,Leknes Airport,Leknes,Leknes,Norway,النرويج,NO
LKO,Chaudhary Charan Singh International Airport,مطار تشودري تشاران سينغ,Lucknow,لكنو,India,الهند,IN
LLA,Luleå Airport,Luleå Airport,Luleå,لوليو,Sweden,السويد,SE
LLB,Libo Airport,مطار ليبو,Qiannan (Libo),محافظة ليبو,China,الصين,CN
LLF,Yongzhou Lingling Airport,مطار يونغزهو لينغلينغ,Yongzhou,يونغتشو,China,الصين,CN
LLK,Lankaran International Airport,Lankaran International Airport,Lankaran,لنكران,Azerbaijan,أذربيجان,AZ
LLO,Bua - Palopo Lagaligo Airport,Bua - Palopo Lagaligo Airport,Palopo,Palopo,Indonesia,إندونيسيا,ID
LLV,Lüliang Dawu Airport,مطار لوليانغ داو,Lüliang,لوليانغ,China,الصين,CN
LLW,Kamuzu International Airport,مطار ليلونغوي الدولي,Lumbadzi,ليلونغوي,Malawi,ملاوي,MW
LMA,Minchumina Airport,Minchumina Airport,Minchumina,Minchumina,United States,الولايات المتحدة,US
LMC,La Macarena Airport,La Macarena Airport,La Macarena,La Macarena,Colombia,كولومبيا,CO
LMM,Valle del Fuerte International Airport,Valle del Fuerte International Airport,Los Mochis,لوس موتشيس,Mexico,المكسيك,MX
LMN,Limbang Airport,Limbang Airport,Limbang,ليمبانغ,Malaysia,ماليزيا,MY
LMP,Lampedusa Airport,مطار لامبيدوزا,Lampedusa,لنبذوشة,Italy,إيطاليا,IT
LMY,Lake Murray Airport,Lake Murray Airport,Lake Murray,Lake Murray,Papua New Guinea,بابوا غينيا الجديدة,PG
LNB,Lamen Bay Airport,Lamen Bay Airport,Lamen Bay,Lamen Bay,Vanuatu,فانواتو,VU
LNE,Lonorore Airport,Lonorore Airport,Lonorore,Lonorore,Vanuatu,فانواتو,VU
LNJ,Lincang Boshang Airport,مطار لينشانغ,Lincang,لينكانغ,China,الصين,CN
LNK,Lincoln Airport,Lincoln Airport,Lincoln,لنكن,United States,الولايات المتحدة,US
LNL,Longnan Chengzhou Airport,مطار لونغنان جينتشيو,Longnan (Cheng),لوغنان,China,الصين,CN
LNO,Leonora Airport,Leonora Airport,Leonora,بلدية ليونورا,Australia,أستراليا,AU
LNS,Lancaster Airport,Lancaster Airport,Lancaster,لانكستر,United States,الولايات المتحدة,US
LNU,Robert Atty Bessing,Robert Atty Bessing,Malinau,Malinau,Indonesia,إندونيسيا,ID
LNV,Londolovit Airport,مطار جزيرة ليهير,Londolovit,Londolovit,Papua New Guinea,بابوا غينيا الجديدة,PG
LNY,Lanai Airport,Lanai Airport,Lanai City,Lanai City,United States,الولايات المتحدة,US
LNZ,Linz-Hörsching Airport,مطار لينتس,Linz,لينتس,Austria,النمسا,AT
LOD,Longana Airport,Longana Airport,Longana,Longana,Vanuatu,فانواتو,VU
LOE,Loei Airport,Loei Airport,Loei Airport,Loei Airport,Thailand,تايلاند,TH
LOH,Ciudad de Catamayo Airport,Ciudad de Catamayo Airport,La Toma (Catamayo),لوخا,Ecuador,الإكوادور,EC
LOO,Laghouat - Molay Ahmed Medeghri Airport,مطار الأغواط - مولاي أحمد مدغري,Laghouat,الأغواط,Algeria,الجزائر,DZ
LOP,Lombok International Airport,مطار لمبوك الدولي,"Mataram (Pujut, Lombok Tengah)",ماتارام,Indonesia,إندونيسيا,ID
LOS,Murtala Muhammed International Airport,مطار مرتلا محمد الدولي,Lagos,لاغوس,Nigeria,نيجيريا,NG
LPA,Gran Canaria Airport,مطار كناريا الكبرى,Gran Canaria Island,لاس بالماس دي غران كناريا,Spain,إسبانيا,ES
LPB,El Alto International Airport,مطار إل ألتو الدولي,La Paz / El Alto,لاباز,Bolivia,بوليفيا,BO
LPD,La Pedrera Airport,La Pedrera Airport,La Pedrera,La Pedrera,Colombia,كولومبيا,CO
LPF,Liupanshui Yuezhao Airport,مطار ليوبانشوي يويزهاو,Liupanshui (Zhongshan),ليوبانشيو,China,الصين,CN
LPI,Linköping City Airport,Linköping City Airport,Linköping,لينشوبينغ,Sweden,السويد,SE
LPL,Liverpool John Lennon Airport,مطار ليفربول,Liverpool,ليفربول,United Kingdom,المملكة المتحدة,GB
LPM,Lamap Airport,Lamap Airport,Lamap,Lamap,Vanuatu,فانواتو,VU
LPP,Lappeenranta Airport,Lappeenranta Airport,Lappeenranta,لابينرنتا,Finland,فنلندا,FI
LPQ,Luang Phabang International Airport,مطار لوانغ برابانغ الدولي,Luang Phabang,لوانغ برابانغ,Laos,لاوس,LA
LPS,Lopez Island Airport,Lopez Island Airport,Lopez,Lopez,United States,الولايات المتحدة,US
LPT,Lampang Airport,Lampang Airport,Lampang Airport,Lampang Airport,Thailand,تايلاند,TH
LPU,Long Apung Airport,Long Apung Airport,Long Apung-Borneo Island,Long Apung-Borneo Island,Indonesia,إندونيسيا,ID
LPY,Le Puy-Loudes Airfield,Le Puy-Loudes Airfield,"Chaspuzac, Haute-Loire",لو بوي أون فيلاي,France,فرنسا,FR
LQM,Caucaya Airport,Caucaya Airport,Puerto Leguízamo,Puerto Leguízamo,Colombia,كولومبيا,CO
LRD,Laredo International Airport,Laredo International Airport,Laredo,لاريدو,United States,الولايات المتحدة,US
LRE,Longreach Airport,Longreach Airport,Longreach,Longreach,Australia,أستراليا,AU
LRH,La Rochelle Île de Ré Airport,La Rochelle Île de Ré Airport,La Rochelle,لا روشيل,France,فرنسا,FR
LRM,Casa De Campo International Airport,Casa De Campo International Airport,La Romana,لا رومانا,Dominican Republic,جمهورية الدومينيكان,DO
LRR,Lar Airport,مطار لارستان الدولي,Lar,لار,Iran,إيران,IR
LRS,Leros Airport,Leros Airport,Leros Island,ليروس,Greece,اليونان,GR
LRU,Las Cruces International Airport,Las Cruces International Airport,Las Cruces,لاس كروسيس,United States,الولايات المتحدة,US
LRV,Los Roques Airport,Los Roques Airport,Gran Roque Island,أرخبيل لوس روكيس,Venezuela,فنزويلا,VE
LSA,Losuia Airport,Losuia Airport,Losuia,Losuia,Papua New Guinea,بابوا غينيا الجديدة,PG
LSC,La Florida Airport,La Florida Airport,La Serena-Coquimbo,لا سيرينا,Chile,تشيلي,CL
LSE,La Crosse Regional Airport,La Crosse Regional Airport,La Crosse,جزر باتو,United States,الولايات المتحدة,US
LSG,Leshan Airport,Leshan Airport,Leshan (Wutongqiao),Leshan (Wutongqiao),China,الصين,CN
LSH,Lashio Airport,Lashio Airport,Lashio,Lashio,Myanmar (Burma),ميانمار (بورما),MM
LSI,Sumburgh Airport,Sumburgh Airport,"Lerwick, Shetland",شتلاند,United Kingdom,المملكة المتحدة,GB
LSP,Josefa Camejo International Airport,Josefa Camejo International Airport,Paraguaná,بونتو فيخو,Venezuela,فنزويلا,VE
LSR,Alas Leuser Airport,Alas Leuser Airport,Kutacane,Kutacane,Indonesia,إندونيسيا,ID
LST,Launceston Airport,Launceston Airport,Launceston (Western Junction),لاونسستون,Australia,أستراليا,AU
LSW,Malikus Saleh Airport,مطار مالكوس صالح,Lhok Seumawe-Sumatra Island,لوكسوماوي,Indonesia,إندونيسيا,ID
LSY,Lismore Airport,Lismore Airport,Lismore,ليزمور,Australia,أستراليا,AU
LTD,Ghadames Airport,مطار غدامس,Ghadames,Ghadames,Libya,ليبيا,LY
LTI,Altai Airport,Altai Airport,Altai,التاي,Mongolia,منغوليا,MN
LTK,Latakia International Airport,مطار اللاذقية الدولي,Latakia,اللاذقية,Syria,سوريا,SY
LTM,Lethem Airport,Lethem Airport,Lethem,Lethem,Guyana,غيانا,GY
LTN,London Luton Airport,مطار لندن لوتن,"Luton, Luton",لندن,United Kingdom,المملكة المتحدة,GB
LTO,Loreto International Airport,Loreto International Airport,Loreto,بلدية لوريتو,Mexico,المكسيك,MX
LTT,La Môle Airport,La Môle Airport,Saint-Tropez,سان تروبيه,France,فرنسا,FR
LTU,Murod Kond Airport,Murod Kond Airport,Latur,لاتور,India,الهند,IN
LTX,Cotopaxi International Airport,Cotopaxi International Airport,Latacunga,لاتاكونغا,Ecuador,الإكوادور,EC
LUA,Tenzing-Hillary Airport,مطار تنزينغ هيلاري,Lukla,Lukla,Nepal,نيبال,NP
LUD,Luderitz Airport,Luderitz Airport,Luderitz,لودريتز,Namibia,ناميبيا,NA
LUG,Lugano Airport,مطار لوغانو,Agno,لوغانو,Switzerland,سويسرا,CH
LUK,Cincinnati Municipal Airport Lunken Field,Cincinnati Municipal Airport Lunken Field,Cincinnati,سينسيناتي,United States,الولايات المتحدة,US
LUM,Dehong Mangshi International Airport,مطار ديهونغ مانغشي,Dehong (Mangshi),تفسير قانوني,China,الصين,CN
LUN,Kenneth Kaunda International Airport,مطار كينيث كاوندا الدولي,Lusaka,لوساكا,Zambia,زامبيا,ZM
LUP,Kalaupapa Airport,Kalaupapa Airport,Kalaupapa,Kalaupapa,United States,الولايات المتحدة,US
LUQ,Brigadier Mayor D Cesar Raul Ojeda Airport,Brigadier Mayor D Cesar Raul Ojeda Airport,San Luis,سان لويس,Argentina,الأرجنتين,AR
LUR,Cape Lisburne LRRS Airport,Cape Lisburne LRRS Airport,Cape Lisburne,Cape Lisburne,United States,الولايات المتحدة,US
LUV,Karel Sadsuitubun Airport,مطار كاريل سادسويتوبون,Langgur,Langgur,Indonesia,إندونيسيا,ID
LUX,Luxembourg-Findel International Airport,مطار لوكسمبورغ,Luxembourg,مدينة لوكسمبورغ,Luxembourg,لوكسمبورغ,LU
LUZ,Lublin Airport,Lublin Airport,Lublin,لوبلين,Poland,بولندا,PL
LVI,Harry Mwanga Nkumbula International Airport,مطار هاري موانغا نكومبولا الدولي,Livingstone,ليفينغستون,Zambia,زامبيا,ZM
LVO,Laverton Airport,Laverton Airport,Laverton,Laverton,Australia,أستراليا,AU
LWB,Greenbrier Valley Airport,Greenbrier Valley Airport,Lewisburg,لويسبرغ,United States,الولايات المتحدة,US
LWK,Lerwick / Tingwall Airport,Lerwick / Tingwall Airport,"Lerwick, Shetland Islands",شتلاند,United Kingdom,المملكة المتحدة,GB
LWN,Shirak International Airport,مطار غيومري شيراك الدولي,Gyumri,غيومري,Armenia,أرمينيا,AM
LWS,Lewiston Nez Perce County Airport,Lewiston Nez Perce County Airport,Lewiston,لويستون,United States,الولايات المتحدة,US
LWY,Lawas Airport,Lawas Airport,Lawas,Lawas,Malaysia,ماليزيا,MY
LXA,Lhasa Gonggar International Airport,مطار لاسا الدولي,Shannan (Gonggar),لاسا,China,الصين,CN
LXG,Luang Namtha Airport,Luang Namtha Airport,Luang Namtha,Luang Namtha,Laos,لاوس,LA
LXR,Luxor International Airport,مطار الأقصر الدولي,Luxor,الأقصر,Egypt,مصر,EG
LXS,Limnos Airport,Limnos Airport,Limnos Island,ليمنوس,Greece,اليونان,GR
LYA,Luoyang Beijiao Airport,مطار لويانغ الدولي,Luoyang (Laocheng),لويانغ,China,الصين,CN
LYC,Lycksele Airport,Lycksele Airport,Lycksele,Lycksele,Sweden,السويد,SE
LYG,Lianyungang Huaguoshan International Airport,مطار يانيونقانغ بايتابو,Lianyungang,يانيونغانغ,China,الصين,CN
LYH,Lynchburg Regional Airport - Preston Glenn Field,Lynchburg Regional Airport - Preston Glenn Field,Lynchburg,لينشبرغ,United States,الولايات المتحدة,US
LYI,Linyi Qiyang Airport,مطار ليني شوبولينغ,Linyi (Hedong),ليني,China,الصين,CN
LYP,Faisalabad International Airport,مطار فيصل آباد الدولي,Faisalabad,فيصل آباد,Pakistan,باكستان,PK
LYR,"Svalbard Airport, Longyear","Svalbard Airport, Longyear",Longyearbyen,لونغييربين,Norway,النرويج,NO
LYS,Lyon–Saint Exupéry Airport,مطار ليون سان إكزوبيري,Lyon,ليون,France,فرنسا,FR
LZG,Langzhong Gucheng Airport,Langzhong Gucheng Airport,Nanchong (Langzhong),لانغزهونغ,China,الصين,CN
LZH,Liuzhou Bailian Airport / Bailian Air Base,مطار يوتشو بيلين,Liuzhou (Liujiang),ليوشو,China,الصين,CN
LZN,Matsu Nangan Airport,Matsu Nangan Airport,Matsu (Nangan),نانغان,Taiwan,تايوان,TW
LZO,Luzhou Yunlong Airport,مطار لوئهو يونلونغ,Luzhou (Yunlong),خفي,China,الصين,CN
LZY,Nyingchi Mainling Airport,مطار نينغشهاي ماينلينغ,Nyingchi (Mainling),نينغتشى,China,الصين,CN
MAA,Chennai International Airport,مطار تشيناي الدولي,Chennai,تشيناي,India,الهند,IN
MAB,João Correa da Rocha Airport,João Correa da Rocha Airport,Marabá,مارابا,Brazil,البرازيل,BR
MAD,Adolfo Suárez Madrid–Barajas Airport,مطار مدريد باراخاس,Madrid,مدريد,Spain,إسبانيا,ES
MAF,Midland International Air and Space Port,Midland International Air and Space Port,Midland,Midland,United States,الولايات المتحدة,US
MAG,Madang Airport,Madang Airport,Madang,Madang,Papua New Guinea,بابوا غينيا الجديدة,PG
MAH,Menorca Airport,مطار منوركا,Mahón (Maó),ماون، جزر البليار,Spain,إسبانيا,ES
MAJ,Marshall Islands International Airport,مطار جزر مارشال الدولي,Majuro Atoll,ماجورو,Marshall Islands,جزر مارشال,MH
MAK,Malakal International Airport,مطار ملكال,Malakal,ملكال,South Sudan,جنوب السودان,SS
MAM,General Servando Canales International Airport,General Servando Canales International Airport,Matamoros,ماتاموروس,Mexico,المكسيك,MX
MAN,Manchester Airport,مطار مانشستر,Manchester,مانشستر,United Kingdom,المملكة المتحدة,GB
MAO,Eduardo Gomes International Airport,Eduardo Gomes International Airport,Manaus,ماناوس,Brazil,البرازيل,BR
MAQ,Mae Sot Airport,Mae Sot Airport,Mae Sot Airport,Mae Sot Airport,Thailand,تايلاند,TH
MAR,La Chinita International Airport,La Chinita International Airport,Maracaibo,ماراكايبو,Venezuela,فنزويلا,VE
MAS,Momote Airport,Momote Airport,Manus Island,Manus Island,Papua New Guinea,بابوا غينيا الجديدة,PG
MAU,Maupiti Airport,Maupiti Airport,Maupiti Airport,ماوبيتي,French Polynesia,بولينيزيا الفرنسية,PF
MAZ,Eugenio Maria De Hostos Airport,Eugenio Maria De Hostos Airport,Mayaguez,ماياجويز,Puerto Rico,بورتوريكو,PR
MBA,Moi International Airport,مطار موي الدولي,Mombasa,منباسة,Kenya,كينيا,KE
MBD,Mmabatho International Airport,Mmabatho International Airport,Mafeking,مافكينج,South Africa,جنوب أفريقيا,ZA
MBE,Monbetsu Airport,Monbetsu Airport,Monbetsu,مونبيتسو,Japan,اليابان,JP
MBI,Songwe Airport,مطار مبيا,Mbeya,Mbeya,Tanzania,تنزانيا,TZ
MBJ,Sangster International Airport,مطار سانجستر الدولي,Montego Bay,مونتيغو باي,Jamaica,جامايكا,JM
MBL,Manistee County Blacker Airport,Manistee County Blacker Airport,Manistee,مانيستي,United States,الولايات المتحدة,US
MBS,MBS International Airport,MBS International Airport,Freeland,ساغيناو,United States,الولايات المتحدة,US
MBT,Moises R. Espinosa Airport,مطار مويسيز إسبينوسا,Masbate,ماسبات,Philippines,الفلبين,PH
MBW,Melbourne Moorabbin Airport,Melbourne Moorabbin Airport,Melbourne,ملبورن,Australia,أستراليا,AU
MBX,Maribor Edvard Rusjan Airport,Maribor Edvard Rusjan Airport,Maribor,ماريبور,Slovenia,سلوفينيا,SI
MCE,Merced Regional Macready Field,Merced Regional Macready Field,Merced,ميرسيد,United States,الولايات المتحدة,US
MCG,McGrath Airport,McGrath Airport,McGrath,ماكغراث,United States,الولايات المتحدة,US
MCI,Kansas City International Airport,Kansas City International Airport,Kansas City,كانساس سيتي,United States,الولايات المتحدة,US
MCK,McCook Ben Nelson Regional Airport,McCook Ben Nelson Regional Airport,McCook,ماكوك,United States,الولايات المتحدة,US
MCN,Middle Georgia Regional Airport,Middle Georgia Regional Airport,Macon,ماكون,United States,الولايات المتحدة,US
MCO,Orlando International Airport,مطار أورلاندو الدولي,Orlando,أورلاندو,United States,الولايات المتحدة,US
MCP,Macapá - Alberto Alcolumbre International Airport,Macapá - Alberto Alcolumbre International Airport,Macapá,مرصبان,Brazil,البرازيل,BR
MCT,Muscat International Airport,مطار مسقط الدولي,Muscat,مسقط,Oman,عُمان,OM
MCV,McArthur River Mine Airport,McArthur River Mine Airport,McArthur River Mine,McArthur River Mine,Australia,أستراليا,AU
MCW,Mason City Municipal Airport,Mason City Municipal Airport,Mason City,ماسون سيتي,United States,الولايات المتحدة,US
MCX,Makhachkala Uytash International Airport,مطار محج قلعة الدولي,Makhachkala,محج قلعة,Russia,روسيا,RU
MCY,Sunshine Coast Airport,Sunshine Coast Airport,Maroochydore,سن شاين كوست,Australia,أستراليا,AU
MCZ,Zumbi dos Palmares International Airport,Zumbi dos Palmares International Airport,Maceió,ماسايو,Brazil,البرازيل,BR
MDC,Sam Ratulangi International Airport,مطار سام راتولانجي الدولي,Manado,مانادو,Indonesia,إندونيسيا,ID
MDE,Jose Maria Córdova International Airport,مطار خوسية ماريا كوردوفا الدولي,Medellín,ميديلين,Colombia,كولومبيا,CO
MDG,Mudanjiang Hailang International Airport,مطار مودانجيانغ هايلانغ,Mudanjiang,مودانجيانغ,China,الصين,CN
MDI,Makurdi Airport,Makurdi Airport,Makurdi,ماكوردي,Nigeria,نيجيريا,NG
MDK,Mbandaka Airport,Mbandaka Airport,Mbandaka,مبانداكا,Congo - Kinshasa,الكونغو - كينشاسا,CD
MDL,Mandalay International Airport,مطار ماندالاي الدولي,Mandalay,ماندالاي,Myanmar (Burma),ميانمار (بورما),MM
MDQ,Ástor Piazzola International Airport,Ástor Piazzola International Airport,Mar del Plata,مار دل بلاتا,Argentina,الأرجنتين,AR
MDT,Harrisburg International Airport,مطار هاريسبورغ الدولي,Harrisburg,هاريسبرج,United States,الولايات المتحدة,US
MDU,Mendi Airport,مطار ميندي,Mendi,Mendi,Papua New Guinea,بابوا غينيا الجديدة,PG
MDW,Chicago Midway International Airport,مطار ميدواي الدولي,Chicago,شيكاغو,United States,الولايات المتحدة,US
MDZ,Governor Francisco Gabrielli International Airport,Governor Francisco Gabrielli International Airport,Mendoza,ميندوزا,Argentina,الأرجنتين,AR
MEB,Melbourne Essendon Airport,Melbourne Essendon Airport,Essendon Fields,ملبورن,Australia,أستراليا,AU
MEC,Eloy Alfaro International Airport,Eloy Alfaro International Airport,Manta,مانتا، الإكوادور,Ecuador,الإكوادور,EC
MED,Prince Mohammad bin Abdulaziz International Airport,مطار الأمير محمد بن عبدالعزيز الدولي,Madinah,المدينة المنورة,Saudi Arabia,السعودية,SA
MEE,Maré Airport,Maré Airport,Maré,Maré,New Caledonia,كاليدونيا الجديدة,NC
MEG,Malanje Airport,Malanje Airport,Malanje,Malanje,Angola,أنغولا,AO
MEH,Mehamn Airport,Mehamn Airport,Mehamn,غامفيك,Norway,النرويج,NO
MEI,Key Field / Meridian Regional Airport,Key Field / Meridian Regional Airport,Meridian,ميريديان,United States,الولايات المتحدة,US
MEL,Melbourne Airport,مطار ملبورن,Melbourne,ملبورن,Australia,أستراليا,AU
MEM,Frederick W. Smith International Airport,مطار ممفيس الدولي,Memphis,ممفيس,United States,الولايات المتحدة,US
MEQ,Cut Nyak Dhien Airport,Cut Nyak Dhien Airport,Kuala Pesisir,Kuala Pesisir,Indonesia,إندونيسيا,ID
MEX,Mexico City International Airport,مطار مكسيكو سيتي الدولي,Mexico City,مكسيكو سيتي,Mexico,المكسيك,MX
MFA,Mafia Airport,مطار مافيا,Kilindoni,مافيا,Tanzania,تنزانيا,TZ
MFE,McAllen Miller International Airport,McAllen Miller International Airport,McAllen,ماكالين,United States,الولايات المتحدة,US
MFG,Muzaffarabad Airport,Muzaffarabad Airport,Muzaffarabad,Muzaffarabad,Pakistan,باكستان,PK
MFJ,Moala Airport,مطار موالا,Moala,موالا,Fiji,فيجي,FJ
MFK,Matsu Beigan Airport,مطار ماتسو بيغان,Matsu (Beigan),Matsu (Beigan),Taiwan,تايوان,TW
MFM,Macau International Airport,مطار ماكاو الدولي,Macau,ماكاو,Macao,ماكاو,MO
MFR,Rogue Valley International-Medford Airport,Rogue Valley International-Medford Airport,Medford,ميدفورد,United States,الولايات المتحدة,US
MFU,Mfuwe International Airport,مطار مفووي,Mfuwe,Mfuwe,Zambia,زامبيا,ZM
MGA,Augusto C. Sandino (Managua) International Airport,مطار أوغوستو سي. ساندينو الدولي,Managua,ماناغوا,Nicaragua,نيكاراغوا,NI
MGB,Mount Gambier Airport,Mount Gambier Airport,Mount Gambier,Mount Gambier,Australia,أستراليا,AU
MGC,Michigan City Municipal Airport,Michigan City Municipal Airport,Michigan City,ميشيغان سيتي,United States,الولايات المتحدة,US
MGF,Regional de Maringá - Sílvio Name Júnior Airport,Regional de Maringá - Sílvio Name Júnior Airport,Maringá,مارينغا,Brazil,البرازيل,BR
MGH,Margate Airport,Margate Airport,Margate,Margate,South Africa,جنوب أفريقيا,ZA
MGM,Montgomery Regional (Dannelly Field) Airport,Montgomery Regional (Dannelly Field) Airport,Montgomery,مونتغومري,United States,الولايات المتحدة,US
MGQ,Aden Adde International Airport,مطار عدن عدي الدولي,Mogadishu,مقديشو,Somalia,الصومال,SO
MGT,Milingimbi Airport,Milingimbi Airport,Milingimbi Island,Milingimbi Island,Australia,أستراليا,AU
MGW,Morgantown Municipal Airport Walter L. (Bill) Hart Field,Morgantown Municipal Airport Walter L. (Bill) Hart Field,Morgantown,مورغانتاون,United States,الولايات المتحدة,US
MGZ,Myeik Airport,Myeik Airport,Mkeik,ماييك، ميانمار,Myanmar (Burma),ميانمار (بورما),MM
MHC,Mocopulli Airport,Mocopulli Airport,Dalcahue,كاسترو,Chile,تشيلي,CL
MHD,Mashhad International Airport,مطار مشهد الدولي,Mashhad,مشهد,Iran,إيران,IR
MHG,Mannheim-City Airport,Mannheim-City Airport,Mannheim,منهايم,Germany,ألمانيا,DE
MHH,Leonard M. Thompson International Airport,Leonard M. Thompson International Airport,Marsh Harbour,مارش هاربر,Bahamas,جزر البهاما,BS
MHK,Manhattan Regional Airport,Manhattan Regional Airport,Manhattan,مانهاتن,United States,الولايات المتحدة,US
MHM,Manaoba Airport,Manaoba Airport,Manaoba,Manaoba,Solomon Islands,جزر سليمان,SB
MHQ,Mariehamn Airport,Mariehamn Airport,Mariehamn,فاستا أولاند,Finland,فنلندا,FI
MHT,Manchester-Boston Regional Airport,Manchester-Boston Regional Airport,Manchester,مانشستر,United States,الولايات المتحدة,US
MHU,Mount Hotham Airport,Mount Hotham Airport,Mount Hotham,Mount Hotham,Australia,أستراليا,AU
MHX,Manihiki Island Airport,Manihiki Island Airport,Manihiki Island,Manihiki Island,Cook Islands,جزر كوك,CK
MIA,Miami International Airport,مطار ميامي الدولي,Miami,ميامي,United States,الولايات المتحدة,US
MID,Manuel Crescencio Rejón International Airport,Manuel Crescencio Rejón International Airport,Mérida,ماردة,Mexico,المكسيك,MX
MIG,Mianyang Nanjiao Airport,مطار ميانيانغ نانيجو,Mianyang (Fucheng),ميانيانغ,China,الصين,CN
MII,Frank Miloye Milenkowichi–Marília State Airport,Frank Miloye Milenkowichi–Marília State Airport,Marília,ماريليا,Brazil,البرازيل,BR
MIJ,Mili Island Airport,Mili Island Airport,Mili Island,Mili Island,Marshall Islands,جزر مارشال,MH
MIM,Merimbula Airport,Merimbula Airport,Merimbula,ميريمبولا,Australia,أستراليا,AU
MIR,Monastir Habib Bourguiba International Airport,مطار الحبيب بورقيبة الدولي,Monastir,المنستير,Tunisia,تونس,TN
MIS,Misima Island Airport,Misima Island Airport,Misima Island,Misima Island,Papua New Guinea,بابوا غينيا الجديدة,PG
MIU,Maiduguri International Airport,مطار ميدغري الدولي,Maiduguri,ميدغري,Nigeria,نيجيريا,NG
MJE,Majkin Airport,Majkin Airport,Majkin,Majkin,Marshall Islands,جزر مارشال,MH
MJF,"Mosjøen Airport, Kjærstad","Mosjøen Airport, Kjærstad",Mosjøen,Mosjøen,Norway,النرويج,NO
MJI,Mitiga International Airport,مطار إمعيتيقة الدولي,Tripoli,Tripoli,Libya,ليبيا,LY
MJK,Shark Bay Airport,Shark Bay Airport,Denham,Denham,Australia,أستراليا,AU
MJM,Mbuji Mayi Airport,Mbuji Mayi Airport,Mbuji Mayi,مبوجي-مايي,Congo - Kinshasa,الكونغو - كينشاسا,CD
MJN,Amborovy Airport,Amborovy Airport,Mahajanga,ماهاجانجا,Madagascar,مدغشقر,MG
MJT,Mytilene International Airport,Mytilene International Airport,Mytilene,ميتيليني,Greece,اليونان,GR
MJY,Motygino Airport,Motygino Airport,Motygino,Motygino,Russia,روسيا,RU
MJZ,Mirny Airport,Mirny Airport,Mirny,ميرني، جمهورية ساخا,Russia,روسيا,RU
MKE,General Mitchell International Airport,General Mitchell International Airport,Milwaukee,ميلواكي,United States,الولايات المتحدة,US
MKG,Muskegon County Airport,Muskegon County Airport,Muskegon,مسكيغون,United States,الولايات المتحدة,US
MKK,Molokai Airport,Molokai Airport,Kaunakakai,Kaunakakai,United States,الولايات المتحدة,US
MKL,McKellar-Sipes Regional Airport,McKellar-Sipes Regional Airport,Jackson,جاكسون,United States,الولايات المتحدة,US
MKM,Mukah Airport,Mukah Airport,Mukah,Mukah,Malaysia,ماليزيا,MY
MKP,Makemo Airport,Makemo Airport,Makemo,Makemo,French Polynesia,بولينيزيا الفرنسية,PF
MKQ,Mopah International Airport,Mopah International Airport,Merauke,ميروكي,Indonesia,إندونيسيا,ID
MKR,Meekatharra Airport,Meekatharra Airport,Meekatharra Airport,Meekatharra Airport,Australia,أستراليا,AU
MKU,Makokou Airport,Makokou Airport,Makokou,Makokou,Gabon,الغابون,GA
MKW,Rendani Airport,Rendani Airport,Manokwari,مانوكواري,Indonesia,إندونيسيا,ID
MKY,Mackay Airport,Mackay Airport,Mackay,ماكاي,Australia,أستراليا,AU
MKZ,Malacca International Airport,Malacca International Airport,Malacca,مدينة ملقا,Malaysia,ماليزيا,MY
MLA,Malta International Airport,مطار مالطا الدولي,Malta,مالطا,Malta,مالطا,MT
MLB,Melbourne Orlando International Airport,Melbourne Orlando International Airport,Melbourne,ملبورن,United States,الولايات المتحدة,US
MLE,Velana International Airport,مطار فيلانا الدولي,Malé,ماليه,Maldives,المالديف,MV
MLG,Abdul Rachman Saleh Airport,مطار عبد الرحمن صالح,Malang,مالانغ,Indonesia,إندونيسيا,ID
MLI,Quad City International Airport,Quad City International Airport,Moline,إيست مولين,United States,الولايات المتحدة,US
MLL,Marshall Don Hunter Sr Airport,Marshall Don Hunter Sr Airport,Marshall,Marshall,United States,الولايات المتحدة,US
MLM,General Francisco J. Mujica International Airport,General Francisco J. Mujica International Airport,Morelia,موريليا,Mexico,المكسيك,MX
MLN,Melilla Airport,مطار مليلية,Melilla,مليلية,Spain,إسبانيا,ES
MLO,Milos Airport,Milos Airport,Milos Island,ميلوس,Greece,اليونان,GR
MLU,Monroe Regional Airport,Monroe Regional Airport,Monroe,مونرو,United States,الولايات المتحدة,US
MLW,Spriggs Payne Airport,Spriggs Payne Airport,Monrovia,مونروفيا,Liberia,ليبيريا,LR
MLX,Malatya Erhaç Airport,Malatya Erhaç Airport,Malatya,ملطية,Türkiye,تركيا,TR
MLY,Manley Hot Springs Airport,Manley Hot Springs Airport,Manley Hot Springs,Manley Hot Springs,United States,الولايات المتحدة,US
MMB,Memanbetsu Airport,Memanbetsu Airport,Ōzora,أوزورا,Japan,اليابان,JP
MMD,Minamidaito Airport,Minamidaito Airport,Minamidaito,Minamidaito,Japan,اليابان,JP
MME,Teesside International Airport,Teesside International Airport,"Darlington, Durham",شمال شرق انجلترا,United Kingdom,المملكة المتحدة,GB
MMG,Mount Magnet Airport,Mount Magnet Airport,Mount Magnet Airport,Mount Magnet Airport,Australia,أستراليا,AU
MMH,Mammoth Yosemite Airport,Mammoth Yosemite Airport,Mammoth Lakes,ماموث لاكيس,United States,الولايات المتحدة,US
MMJ,Shinshu-Matsumoto Airport,Shinshu-Matsumoto Airport,Matsumoto,ماتسوموتو,Japan,اليابان,JP
MMK,Emperor Nicholas II Murmansk Airport,مطار مورمانسك,Murmansk,مورمانسك,Russia,روسيا,RU
MMO,Maio Airport,مطار مايو,Vila do Maio,مدينة مايو,Cape Verde,الرأس الأخضر,CV
MMX,Malmö Sturup Airport,مطار مالمو,Malmö,مالمو,Sweden,السويد,SE
MMY,Miyako Airport,Miyako Airport,Miyakojima,مياكوجيما، أوكيناوا,Japan,اليابان,JP
MNC,Nacala International Airport,مطار نكالا,Nacala,نكالا,Mozambique,موزمبيق,MZ
MNF,Mana Island Airport,مطار جزيرة مانا,Mana Island,Mana Island,Fiji,فيجي,FJ
MNG,Maningrida Airport,Maningrida Airport,Maningrida,مانينجريدا,Australia,أستراليا,AU
MNI,John A. Osborne Airport,مطار دبليو إتش برامبل,Gerald's Park,بليموث، مونتسيرات,Montserrat,مونتسرات,MS
MNJ,Mananjary Airport,Mananjary Airport,Mananjary,ماناياري,Madagascar,مدغشقر,MG
MNL,Ninoy Aquino International Airport,مطار نينوي أكينو الدولي,Manila,مانيلا,Philippines,الفلبين,PH
MNT,Minto Al Wright Airport,Minto Al Wright Airport,Minto,Minto,United States,الولايات المتحدة,US
MNU,Mawlamyine Airport,Mawlamyine Airport,Mawlamyine,ماولاميين,Myanmar (Burma),ميانمار (بورما),MM
MNX,Manicoré Airport,Manicoré Airport,Manicoré,مانيكوري,Brazil,البرازيل,BR
MNY,Mono Airport,Mono Airport,Stirling Island,Stirling Island,Solomon Islands,جزر سليمان,SB
MOB,Mobile Regional Airport,مطار موبيل الإقليمي,Mobile,موبيل,United States,الولايات المتحدة,US
MOC,Mário Ribeiro Airport,Mário Ribeiro Airport,Montes Claros,مونتيس كلاروس,Brazil,البرازيل,BR
MOF,Frans Xavier Seda Airport,Frans Xavier Seda Airport,Waioti,موميري,Indonesia,إندونيسيا,ID
MOG,Mong Hsat Airport,Mong Hsat Airport,Mong Hsat,Mong Hsat,Myanmar (Burma),ميانمار (بورما),MM
MOH,Maleo Airport,Maleo Airport,Morowali,Morowali,Indonesia,إندونيسيا,ID
MOI,Mitiaro Island Airport,Mitiaro Island Airport,Mitiaro Island,Mitiaro Island,Cook Islands,جزر كوك,CK
MOJ,Moengo Airstrip,Moengo Airstrip,Moengo,Moengo,Suriname,سورينام,SR
MOL,"Molde Airport, Årø","Molde Airport, Årø",Årø,مولده,Norway,النرويج,NO
MOQ,Morondava Airport,Morondava Airport,Morondava,موروندافا,Madagascar,مدغشقر,MG
MOT,Minot International Airport,Minot International Airport,Minot,مينوت,United States,الولايات المتحدة,US
MOU,Mountain Village Airport,Mountain Village Airport,Mountain Village,مونتين فيليج,United States,الولايات المتحدة,US
MOV,Moranbah Airport,Moranbah Airport,Moranbah,مورانبا,Australia,أستراليا,AU
MOZ,Moorea Temae Airport,Moorea Temae Airport,Moorea-Maiao,موريا,French Polynesia,بولينيزيا الفرنسية,PF
MPA,Katima Mulilo Airport,Katima Mulilo Airport,Mpacha,كاتيما موليلو,Namibia,ناميبيا,NA
MPC,Muko Muko Airport,Muko Muko Airport,Muko Muko,Muko Muko,Indonesia,إندونيسيا,ID
MPH,Godofredo P. Ramos Airport,مطار غودوفريدو ب آموس,Caticlan,بوراكاي,Philippines,الفلبين,PH
MPL,Montpellier-Méditerranée Airport,مطار مونبلييه ميديتيراني,Montpellier/Méditerranée,مونبلييه,France,فرنسا,FR
MPM,Maputo Airport,مطار مابوتو الدولي,Maputo,مابوتو,Mozambique,موزمبيق,MZ
MPN,Mount Pleasant Airport / RAF Mount Pleasant,قاعدة جبل بليزنت الجوية,Mount Pleasant,Mount Pleasant,Falkland Islands,جزر فوكلاند,FK
MPY,Maripasoula Airport,مطار ماريباسولا,Maripasoula,ماريباسولا,French Guiana,غويانا الفرنسية,GF
MQC,Miquelon Airport,Miquelon Airport,Miquelon,Miquelon,St. Pierre & Miquelon,سان بيير ومكويلون,PM
MQF,Magnitogorsk International Airport,Magnitogorsk International Airport,Magnitogorsk,مغنيتاغورسك,Russia,روسيا,RU
MQJ,Moma Airport,Moma Airport,Khonuu,Khonuu,Russia,روسيا,RU
MQL,Mildura Airport,Mildura Airport,Mildura,ميلدورا,Australia,أستراليا,AU
MQM,Mardin Airport,مطار ماردين,Mardin,ماردين,Türkiye,تركيا,TR
MQN,"Mo i Rana Airport, Røssvoll","Mo i Rana Airport, Røssvoll",Mo i Rana,مو إي رانا,Norway,النرويج,NO
MQP,Kruger Mpumalanga International Airport,Kruger Mpumalanga International Airport,Mbombela,نيلسبرويت,South Africa,جنوب أفريقيا,ZA
MQS,Mustique Airport,Mustique Airport,Lovell,Lovell,St. Vincent & Grenadines,سانت فنسنت وجزر غرينادين,VC
MQT,Marquette Sawyer Regional Airport,Marquette Sawyer Regional Airport,Gwinn,ماركيت,United States,الولايات المتحدة,US
MQX,Mekele Alula Aba Nega Airport,Mekele Alula Aba Nega Airport,Mekele,ميكيلي,Ethiopia,إثيوبيا,ET
MRA,Misrata International Airport,مطار مصراتة الدولي,Misrata,مصراتة,Libya,ليبيا,LY
MRE,Mara Serena Lodge Airstrip,Mara Serena Lodge Airstrip,Serena,محمية ماساي مارا الوطنية,Kenya,كينيا,KE
MRI,Merrill Field,مطار ميريل فيلد,Anchorage,أنكوريج,United States,الولايات المتحدة,US
MRS,Marseille Provence Airport,مطار مرسيليا بروفانس,Marseille,مرسيليا,France,فرنسا,FR
MRU,Sir Seewoosagur Ramgoolam International Airport,مطار سير سيوساغور رامغولام الدولي,Port Louis,بورت لويس,Mauritius,موريشيوس,MU
MRV,Mineralnye Vody Airport,مطار مينيرالني فودي,Mineralnyye Vody,تشيركيسك,Russia,روسيا,RU
MRX,Mahshahr Airport,Mahshahr Airport,Mahshahr,معشور,Iran,إيران,IR
MRY,Monterey Regional Airport,Monterey Regional Airport,Monterey,مونتيري,United States,الولايات المتحدة,US
MRZ,Moree Airport,Moree Airport,Moree,موري,Australia,أستراليا,AU
MSA,Muskrat Dam Airport,Muskrat Dam Airport,Muskrat Dam,Muskrat Dam,Canada,كندا,CA
MSJ,Misawa Airport / Misawa Air Base,قاعدة ميساوا الجوية,Misawa,ميساوا,Japan,اليابان,JP
MSL,Northwest Alabama Regional Airport,Northwest Alabama Regional Airport,Muscle Shoals,مسل شولس,United States,الولايات المتحدة,US
MSN,Dane County Regional Truax Field,Dane County Regional Truax Field,Madison,ماديسون,United States,الولايات المتحدة,US
MSO,Missoula Montana Airport,Missoula Montana Airport,Missoula,ميسولا,United States,الولايات المتحدة,US
MSP,Minneapolis–Saint Paul International Airport / Wold–Chamberlain Field,مطار منيابولس سانت بول الدولي,Minneapolis,سانت بول,United States,الولايات المتحدة,US
MSQ,Minsk National Airport,مطار مينسك الدولي,Minsk,مينسك,Belarus,بيلاروس,BY
MSR,Muş Airport,مطار موش,Muş,موش,Türkiye,تركيا,TR
MSS,Massena International Airport Richards Field,Massena International Airport Richards Field,Massena,قرية ماسينا,United States,الولايات المتحدة,US
MST,Maastricht Aachen Airport,مطار ماستريخت آخن,Maastricht,ماستريخت,Netherlands,هولندا,NL
MSU,Moshoeshoe I International Airport,مطار موشويشوي الأول الدولي,Maseru(Mazenod),ماسيرو,Lesotho,ليسوتو,LS
MSY,Louis Armstrong New Orleans International Airport,مطار نيو أورلينز لويس أرمسترونغ الدولي,New Orleans,نيو أورلينز,United States,الولايات المتحدة,US
MSZ,Welwitschia Mirabilis International Airport,Welwitschia Mirabilis International Airport,Moçâmedes,ناميبي,Angola,أنغولا,AO
MTF,Mizan Teferi Airport,Mizan Teferi Airport,Mizan Teferi,Mizan Teferi,Ethiopia,إثيوبيا,ET
MTJ,Montrose Regional Airport,Montrose Regional Airport,Montrose,مونتروز,United States,الولايات المتحدة,US
MTP,Montauk Airport,Montauk Airport,Montauk,مونتوك,United States,الولايات المتحدة,US
MTR,Los Garzones Airport,Los Garzones Airport,Montería,مونتيريا,Colombia,كولومبيا,CO
MTT,Minatitlán/Coatzacoalcos International Airport,Minatitlán/Coatzacoalcos International Airport,Cosoleacaque,كواتزاكوالكوس,Mexico,المكسيك,MX
MTY,Monterrey International Airport,Monterrey International Airport,Monterrey,مونتيري,Mexico,المكسيك,MX
MUA,Munda Airport,Munda Airport,Munda,Munda,Solomon Islands,جزر سليمان,SB
MUB,Maun International Airport,Maun International Airport,Maun,ماون,Botswana,بوتسوانا,BW
MUC,Munich Airport,مطار ميونخ,Munich,ميونخ,Germany,ألمانيا,DE
MUE,Waimea Kohala Airport,Waimea Kohala Airport,Waimea (Kamuela),Waimea (Kamuela),United States,الولايات المتحدة,US
MUH,Mersa Matruh International Airport,مطار مرسى مطروح الدولي,Marsa Matruh,مرسى مطروح,Egypt,مصر,EG
MUK,Mauke Airport,Mauke Airport,Mauke Island,Mauke Island,Cook Islands,جزر كوك,CK
MUN,José Tadeo Monagas International Airport,José Tadeo Monagas International Airport,Maturín,ماتورين,Venezuela,فنزويلا,VE
MUR,Marudi Airport,Marudi Airport,Marudi,Marudi,Malaysia,ماليزيا,MY
MUX,Multan International Airport,مطار ملتان الدولي,Multan,ملتان,Pakistan,باكستان,PK
MUZ,Musoma Airport,مطار موسوما,Musoma,Musoma,Tanzania,تنزانيا,TZ
MVB,M'Vengue El Hadj Omar Bongo Ondimba International Airport,M'Vengue El Hadj Omar Bongo Ondimba International Airport,Franceville,فرانسفيل,Gabon,الغابون,GA
MVD,Carrasco General Cesáreo L. Berisso International Airport,مطار كاراسكو الدولي,Ciudad de la Costa,مونتفيدو,Uruguay,أورغواي,UY
MVF,Dix-Sept Rosado Airport,Dix-Sept Rosado Airport,Mossoró,موسورو,Brazil,البرازيل,BR
MVP,Fabio Alberto Leon Bentley Airport,Fabio Alberto Leon Bentley Airport,Mitú,ميتو,Colombia,كولومبيا,CO
MVQ,Mogilev Airport,مطار موغيلف,Mogilev,موجيلوف,Belarus,بيلاروس,BY
MVR,Salak Airport,مطار مروة سالاك الدولي,Maroua,ماروا,Cameroon,الكاميرون,CM
MVT,Mataiva Airport,Mataiva Airport,Mataiva Airport,Mataiva Airport,French Polynesia,بولينيزيا الفرنسية,PF
MVY,Martha's Vineyard Airport,Martha's Vineyard Airport,Martha's Vineyard,مقاطعة دوكس,United States,الولايات المتحدة,US
MWA,Veterans Airport of Southern Illinois,Veterans Airport of Southern Illinois,Marion,ماريون,United States,الولايات المتحدة,US
MWL,Mineral Wells Regional Airport,Mineral Wells Regional Airport,Mineral Wells,مينيرال ويلز,United States,الولايات المتحدة,US
MWQ,Magway Airport,Magway Airport,Magway,Magway,Myanmar (Burma),ميانمار (بورما),MM
MWX,Muan International Airport,مطار موان الدولي,Muan (Piseo-ri),مقاطعة جولا الجنوبية,South Korea,كوريا الجنوبية,KR
MWZ,Mwanza International Airport,مطار موانزا,Mwanza,موانزا,Tanzania,تنزانيا,TZ
MXH,Moro Airport,Moro Airport,Moro,Moro,Papua New Guinea,بابوا غينيا الجديدة,PG
MXL,General Rodolfo Sánchez Taboada International Airport,General Rodolfo Sánchez Taboada International Airport,Mexicali,مكسيكالي,Mexico,المكسيك,MX
MXP,Milan Malpensa Airport,مطار ميلانو مالبينسا,Milan,ميلانو,Italy,إيطاليا,IT
MXV,Mörön Airport,Mörön Airport,Mörön,Mörön,Mongolia,منغوليا,MN
MXW,Mandalgobi Airport,Mandalgobi Airport,Mandalgobi,Mandalgobi,Mongolia,منغوليا,MN
MXX,Mora Airport,Mora Airport,Mora,مورا,Sweden,السويد,SE
MXZ,Meizhou Meixian Changgangji International Airport,مطار ميشيان,Meizhou (Meixian),ماوزو,China,الصين,CN
MYA,Moruya Airport,Moruya Airport,Moruya,مورويا,Australia,أستراليا,AU
MYD,Malindi International Airport,Malindi International Airport,Malindi,ماليندي,Kenya,كينيا,KE
MYE,Miyakejima Airport,Miyakejima Airport,Miyakejima,مياكي جيما,Japan,اليابان,JP
MYG,Mayaguana Airport,Mayaguana Airport,Abraham Bay Settlement,Abraham Bay Settlement,Bahamas,جزر البهاما,BS
MYI,Murray Island Airport,Murray Island Airport,Murray Island,Murray Island,Australia,أستراليا,AU
MYJ,Matsuyama Airport,Matsuyama Airport,Matsuyama,ماتسوياما,Japan,اليابان,JP
MYK,May Creek Airport,May Creek Airport,May Creek,May Creek,United States,الولايات المتحدة,US
MYL,McCall Municipal Airport,McCall Municipal Airport,McCall,ماكال,United States,الولايات المتحدة,US
MYP,Mary International Airport,Mary International Airport,Mary,ماري,Turkmenistan,تركمانستان,TM
MYQ,Mysore Airport,مطار مايسور,Mysore,ميسور,India,الهند,IN
MYR,Myrtle Beach International Airport,Myrtle Beach International Airport,Myrtle Beach,ميرتل بيتش,United States,الولايات المتحدة,US
MYT,Myitkyina Airport,Myitkyina Airport,Myitkyina,ميتكيينا,Myanmar (Burma),ميانمار (بورما),MM
MYU,Mekoryuk Airport,Mekoryuk Airport,Mekoryuk,ميكوريوك,United States,الولايات المتحدة,US
MYW,Mtwara Airport,مطار متوارا,Mtwara,متوارا,Tanzania,تنزانيا,TZ
MYY,Miri Airport,مطار ميري,Miri,ميري,Malaysia,ماليزيا,MY
MZG,Penghu Magong Airport,مطار ماغونغ,Huxi,بسكادورز,Taiwan,تايوان,TW
MZH,Amasya Merzifon Airport,Amasya Merzifon Airport,Amasya,أماسية,Türkiye,تركيا,TR
MZI,Mopti Airport,مطار موبتي,Sévaré,موبتي,Mali,مالي,ML
MZL,La Nubia Airport,La Nubia Airport,Manizales,مانيزاليس,Colombia,كولومبيا,CO
MZO,Sierra Maestra International Airport,Sierra Maestra International Airport,Manzanillo,مانزانيلو,Cuba,كوبا,CU
MZQ,Mkuze Airport,Mkuze Airport,Mkuze,Mkuze,South Africa,جنوب أفريقيا,ZA
MZR,Mazar-i-Sharif International Airport,مطار مزار شريف الدولي,Mazar-i-Sharif,مزار شريف,Afghanistan,أفغانستان,AF
MZS,Moradabad Airport,Moradabad Airport,Moradabad,Moradabad,India,الهند,IN
MZT,General Rafael Buelna International Airport,General Rafael Buelna International Airport,Mazatlàn,مازاتلان,Mexico,المكسيك,MX
MZV,Mulu Airport,Mulu Airport,Mulu,حديقة جبل مولو الوطنية,Malaysia,ماليزيا,MY
MZW,Mecheria Airport,مطار المشرية,Mecheria,المشرية,Algeria,الجزائر,DZ
NAA,Narrabri Airport,Narrabri Airport,Narrabri,نارابري,Australia,أستراليا,AU
NAG,Dr. Babasaheb Ambedkar International Airport,مطار د. باباساحب أمبدكار الدولي,Nagpur,ناغبور,India,الهند,IN
NAH,Naha Airport,Naha Airport,"Tabukan Utara, Sangihe Islands","Tabukan Utara, Sangihe Islands",Indonesia,إندونيسيا,ID
NAJ,Nakhchivan International Airport,مطار ناختشفان الدولي,Nakhchivan,Nakhchivan,Azerbaijan,أذربيجان,AZ
NAL,Nalchik Airport,Nalchik Airport,Nalchik,نالتشيك,Russia,روسيا,RU
NAM,Namniwel Airport,Namniwel Airport,Namniwel,Namniwel,Indonesia,إندونيسيا,ID
NAN,Nadi International Airport,نادي,Nadi,نادي,Fiji,فيجي,FJ
NAO,Nanchong Gaoping Airport,مطار نانشونغ غاوبينغ,Nanchong (Gaoping),نانتشونغ,China,الصين,CN
NAP,Naples International Airport,مطار نابولي الدولي,Naples,نابولي,Italy,إيطاليا,IT
NAQ,Qaanaaq Airport,مطار كاناك,Qaanaaq,كاناك,Greenland,غرينلاند,GL
NAS,Lynden Pindling International Airport,Lynden Pindling International Airport,Nassau,ناساو,Bahamas,جزر البهاما,BS
NAT,Rio Grande do Norte/São Gonçalo do Amarante–Governador Aluízio Alves International Airport,Rio Grande do Norte/São Gonçalo do Amarante–Governador Aluízio Alves International Airport,Natal,ناتال,Brazil,البرازيل,BR
NAU,Napuka Island Airport,Napuka Island Airport,Napuka Island,Napuka Island,French Polynesia,بولينيزيا الفرنسية,PF
NAV,Nevşehir Kapadokya Airport,Nevşehir Kapadokya Airport,Nevşehir,نوشهر,Türkiye,تركيا,TR
NAW,Narathiwat Airport,Narathiwat Airport,Narathiwat Airport,Narathiwat Airport,Thailand,تايلاند,TH
NBC,Begishevo Airport,Begishevo Airport,Nizhnekamsk,نيجنكامسك,Russia,روسيا,RU
NBE,Enfidha–Hammamet Airport,مطار النفيضة الحمامات,Enfidha,النفيضة,Tunisia,تونس,TN
NBJ,Dr. Antonio Agostinho Neto International Airport,مطار أنغولا الدولي,Luanda (Ícolo e Bengo),لواندا,Angola,أنغولا,AO
NBN,Annobón Airport,مطار أنوبون,San Antonio de Palé,سان أنطونيو دي بالي,Equatorial Guinea,غينيا الاستوائية,GQ
NBO,Jomo Kenyatta International Airport,مطار جومو كينياتا الدولي,Nairobi,نيروبي,Kenya,كينيا,KE
NBS,Changbaishan Airport,مطار تشانغبايشان,Baishan,جبل بايكتو,China,الصين,CN
NCA,North Caicos Airport,North Caicos Airport,North Caicos,شمال كايكوس,Turks & Caicos Islands,جزر توركس وكايكوس,TC
NCE,Nice Côte d'Azur Airport,مطار نيس كوت دازور,Nice,نيس,France,فرنسا,FR
NCL,Newcastle International Airport,مطار نيوكاسل,"Newcastle upon Tyne, Tyne and Wear",تاين ووير,United Kingdom,المملكة المتحدة,GB
NCN,Chenega Bay Airport,Chenega Bay Airport,Chenega,Chenega,United States,الولايات المتحدة,US
NCU,Nukus International Airport,Nukus International Airport,Nukus,نكوص,Uzbekistan,أوزبكستان,UZ
NCY,Annecy Meythet airport,مطار آنسي - هوت سافوي - مونت بلانك,Annecy,آنسي,France,فرنسا,FR
NDB,Nouadhibou International Airport,مطار نواذيبو الدولي,Nouadhibou,نواذيبو,Mauritania,موريتانيا,MR
NDC,Nanded Airport,Nanded Airport,Nanded,نانديد,India,الهند,IN
NDG,Qiqihar Sanjiazi Airport,مطار كيكيهار سانجيازي,Qiqihar,كيكيهار,China,الصين,CN
NDJ,N'Djamena International Airport,مطار انجمينا الدولي,N'Djamena,انجمينا,Chad,تشاد,TD
NDR,Nador Al Aaroui International Airport,مطار الناظور العروي,Al Aaroui,الناظور,Morocco,المغرب,MA
NDU,Rundu Airport,Rundu Airport,Rundu,روندو,Namibia,ناميبيا,NA
NDY,Sanday Airport,Sanday Airport,Sanday,Sanday,United Kingdom,المملكة المتحدة,GB
NEC,Necochea Airport,Necochea Airport,Necochea,نيكوتشيا,Argentina,الأرجنتين,AR
NER,Chulman Airport,Chulman Airport,Neryungri,Neryungri,Russia,روسيا,RU
NEV,Vance W. Amory International Airport,Vance W. Amory International Airport,Charlestown,Charlestown,St. Kitts & Nevis,سانت كيتس ونيفيس,KN
NGB,Ningbo Lishe International Airport,مطار نينغبو ليش الدولي,Ningbo,نينغبو,China,الصين,CN
NGE,N'Gaoundéré Airport,N'Gaoundéré Airport,N'Gaoundéré,نغاونديري,Cameroon,الكاميرون,CM
NGI,Ngau Airport,مطار جاو,Ngau,Ngau,Fiji,فيجي,FJ
NGK,Nogliki Airport,Nogliki Airport,Nogliki,ريف نوغليكي,Russia,روسيا,RU
NGO,Chubu Centrair International Airport,مطار تشوبو سنتراير الدولي,Tokoname,ناغويا,Japan,اليابان,JP
NGQ,Ngari Gunsa Airport,مطار نغاري غونشا,Shiquanhe,شيكوانهي,China,الصين,CN
NGS,Nagasaki Airport,Nagasaki Airport,Nagasaki,ناغاساكي، ناغاساكي,Japan,اليابان,JP
NHV,Nuku Hiva Airport,Nuku Hiva Airport,Nuku Hiva,Nuku Hiva,French Polynesia,بولينيزيا الفرنسية,PF
NIB,Nikolai Airport,Nikolai Airport,Nikolai,نيكولاي,United States,الولايات المتحدة,US
NIM,Diori Hamani International Airport,مطار ديوري حماني,Niamey,نيامي,Niger,النيجر,NE
NIU,Naiu Airport,Naiu Airport,Naiu Atoll,Naiu Atoll,French Polynesia,بولينيزيا الفرنسية,PF
NJC,Nizhnevartovsk Airport,Nizhnevartovsk Airport,Nizhnevartovsk,نيجنفارتوفسك,Russia,روسيا,RU
NJF,Al Najaf International Airport,مطار النجف الدولي,Najaf,النجف,Iraq,العراق,IQ
NKC,Nouakchott–Oumtounsy International Airport,مطار نواكشوط الدولي,Nouakchott,نواكشوط,Mauritania,موريتانيا,MR
NKG,Nanjing Lukou International Airport,مطار نانجينغ الدولي,Nanjing,نانجينغ,China,الصين,CN
NKM,Nagoya Airport / JASDF Komaki Air Base,مطار ناغويا,Nagoya,ناغويا,Japan,اليابان,JP
NKT,Şırnak Şerafettin Elçi Airport,مطار الشرناق,Şırnak,ولاية شرناق,Türkiye,تركيا,TR
NLA,Simon Mwansa Kapwepwe International Airport,Simon Mwansa Kapwepwe International Airport,Ndola,ندولا,Zambia,زامبيا,ZM
NLD,Quetzalcóatl International Airport,Quetzalcóatl International Airport,Nuevo Laredo,نويفو لاريدو,Mexico,المكسيك,MX
NLF,Darnley Island Airport,Darnley Island Airport,Darnley Island,Darnley Island,Australia,أستراليا,AU
NLG,Nelson Lagoon Airport,Nelson Lagoon Airport,Nelson Lagoon,Nelson Lagoon,United States,الولايات المتحدة,US
NLH,Ninglang Luguhu Airport,مطار نينغ لانغ وبحيرة لوقو,Ninglang,Ninglang,China,الصين,CN
NLI,Nikolayevsk-na-Amure Airport,Nikolayevsk-na-Amure Airport,Nikolayevsk-na-Amure Airport,نيكولايفسك-نا-أمور,Russia,روسيا,RU
NLK,Norfolk Island International Airport,مطار جزيرة نورفولك,Burnt Pine,كينغستون,Norfolk Island,جزيرة نورفولك,NF
NLT,Xinyuan Nalati Airport,مطار شينيوان نالاتي,Xinyuan,Xinyuan,China,الصين,CN
NLU,Felipe Ángeles International Airport,مطار فيليبي أنجيليس الدولي,Mexico City,Mexico City,Mexico,المكسيك,MX
NMA,Namangan International Airport,مطار نمنكان,Namangan,Namangan,Uzbekistan,أوزبكستان,UZ
NME,Nightmute Airport,Nightmute Airport,Nightmute,نيتموت,United States,الولايات المتحدة,US
NMF,Maafaru International Airport,Maafaru International Airport,Noonu Atoll,Noonu Atoll,Maldives,المالديف,MV
NMI,Navi Mumbai International Airport,مطار نافي مومباي الدولي,Navi Mumbai,نافي مومباي,India,الهند,IN
NNB,Santa Ana Airport,Santa Ana Airport,Santa Ana Island,Santa Ana Island,Solomon Islands,جزر سليمان,SB
NNG,Nanning Wuxu International Airport,مطار نانينغ وشو الدولي,Nanning (Jiangnan),ناننينغ,China,الصين,CN
NNM,Naryan Mar Airport,Naryan Mar Airport,Naryan Mar,ناريان-مار,Russia,روسيا,RU
NNR,Connemara Regional Airport,Connemara Regional Airport,Inverin,Inverin,Ireland,أيرلندا,IE
NNT,Nan Airport,Nan Airport,Nan Airport,Nan Airport,Thailand,تايلاند,TH
NNY,Nanyang Jiangying Airport,مطار نانيانغ جيانغ يينغ,Nanyang (Wancheng),نانيانغ,China,الصين,CN
NOB,Nosara Airport,Nosara Airport,Nicoya,Nicoya,Costa Rica,كوستاريكا,CR
NOC,Ireland West Airport Knock,Ireland West Airport Knock,Charlestown,ساعة,Ireland,أيرلندا,IE
NOD,Norden-Norddeich Airport,Norden-Norddeich Airport,Norddeich,Norddeich,Germany,ألمانيا,DE
NOJ,Noyabrsk Airport,Noyabrsk Airport,Noyabrsk,نويابرسك,Russia,روسيا,RU
NOP,Sinop Airport,Sinop Airport,Sinop,سينوب,Türkiye,تركيا,TR
NOS,Nosy Be International Airport,Nosy Be International Airport,Nosy Be,Nosy Be,Madagascar,مدغشقر,MG
NOU,La Tontouta International Airport,مطار لا تونتوتا الدولي,Nouméa (La Tontouta),نوميا,New Caledonia,كاليدونيا الجديدة,NC
NOV,Albano Machado Airport,Albano Machado Airport,Huambo,هوامبو,Angola,أنغولا,AO
NOZ,Spichenkovo Airport,Spichenkovo Airport,Novokuznetsk,نوفوكوزنتسك,Russia,روسيا,RU
NPE,Hawke's Bay Airport,Hawke's Bay Airport,Napier,نيبيار,New Zealand,نيوزيلندا,NZ
NPL,New Plymouth Airport,New Plymouth Airport,New Plymouth,نيو بلايموث,New Zealand,نيوزيلندا,NZ
NPO,Nanga Pinoh Airport,Nanga Pinoh Airport,Nanga Pinoh-Borneo Island,Nanga Pinoh-Borneo Island,Indonesia,إندونيسيا,ID
NPT,Newport State Airport,Newport State Airport,Newport,نيوبورت,United States,الولايات المتحدة,US
NQN,Presidente Perón International Airport,Presidente Perón International Airport,Neuquén,نيوكوين,Argentina,الأرجنتين,AR
NQU,Reyes Murillo Airport,Reyes Murillo Airport,Nuquí,بلدية نوكوي,Colombia,كولومبيا,CO
NQY,Cornwall Airport Newquay,Cornwall Airport Newquay,Newquay,Newquay,United Kingdom,المملكة المتحدة,GB
NQZ,Astana International Airport,مطار أستانا الدولي,Astana,أستانا,Kazakhstan,كازاخستان,KZ
NRA,Narrandera Airport,Narrandera Airport,Narrandera,نرندارة,Australia,أستراليا,AU
NRD,Norderney Airport,Norderney Airport,Norderney,Norderney,Germany,ألمانيا,DE
NRK,Norrköping Airport,Norrköping Airport,Norrköping,نورشوبينغ,Sweden,السويد,SE
NRL,North Ronaldsay Airport,North Ronaldsay Airport,North Ronaldsay,North Ronaldsay,United Kingdom,المملكة المتحدة,GB
NRN,Weeze (Niederrhein) Airport,مطار ويزي,Weeze,Weeze,Germany,ألمانيا,DE
NRR,José Aponte de la Torre Airport,José Aponte de la Torre Airport,Ceiba,Ceiba,Puerto Rico,بورتوريكو,PR
NRT,Narita International Airport,مطار ناريتا الدولي,Tokyo,طوكيو,Japan,اليابان,JP
NSH,Nowshahr Airport,Nowshahr Airport,Nowshahr,نوشهر,Iran,إيران,IR
NSI,Yaoundé Nsimalen International Airport,مطار ياوندي,Yaoundé,ياوندي,Cameroon,الكاميرون,CM
NSK,Alykel International Airport,Alykel International Airport,Norilsk,نوريلسك,Russia,روسيا,RU
NSN,Nelson Airport,Nelson Airport,Nelson,نيلسون,New Zealand,نيوزيلندا,NZ
NST,Nakhon Si Thammarat Airport,Nakhon Si Thammarat Airport,Nakhon Si Thammarat,ناخون سي ثامارات,Thailand,تايلاند,TH
NTE,Nantes Atlantique Airport,مطار نانت,Nantes,نانت,France,فرنسا,FR
NTG,Nantong Xingdong International Airport,مطار نانتونغ شينغ دونغ,Nantong (Tongzhou),نانتونغ,China,الصين,CN
NTL,Newcastle Airport,Newcastle Airport,Williamtown,نيوكاسل,Australia,أستراليا,AU
NTN,Normanton Airport,Normanton Airport,Normanton,Normanton,Australia,أستراليا,AU
NTQ,Noto Satoyama Airport,Noto Satoyama Airport,Wajima,واجيما، إيشيكاوا,Japan,اليابان,JP
NTT,Kuini Lavenia Airport,Kuini Lavenia Airport,Niuatoputapu,Niuatoputapu,Tonga,تونغا,TO
NTX,Ranai Airport,مطار راناي ناتونا,Ranai-Natuna Besar Island,Ranai-Natuna Besar Island,Indonesia,إندونيسيا,ID
NUE,Nuremberg Airport,مطار نورمبرغ,Nuremberg,نورنبرغ,Germany,ألمانيا,DE
NUI,Nuiqsut Airport,Nuiqsut Airport,Nuiqsut,نويكوسوت,United States,الولايات المتحدة,US
NUL,Nulato Airport,Nulato Airport,Nulato,نولاتو,United States,الولايات المتحدة,US
NUM,Neom Bay Airport,مطار خليج نيوم,Neom,نيوم,Saudi Arabia,السعودية,SA
NUP,Nunapitchuk Airport,Nunapitchuk Airport,Nunapitchuk,نونابيتشوك,United States,الولايات المتحدة,US
NUS,Norsup Airport,Norsup Airport,Norsup,Norsup,Vanuatu,فانواتو,VU
NUX,Novy Urengoy Airport,Novy Urengoy Airport,Novy Urengoy,نوفي يورنغوي,Russia,روسيا,RU
NVA,Benito Salas Airport,Benito Salas Airport,Neiva,نيفا,Colombia,كولومبيا,CO
NVI,Navoi International Airport,Navoi International Airport,Navoi,نواوي,Uzbekistan,أوزبكستان,UZ
NVT,Ministro Victor Konder International Airport,Ministro Victor Konder International Airport,Navegantes,Navegantes,Brazil,البرازيل,BR
NWI,Norwich Airport,Norwich Airport,"Norwich, Norfolk",نورتش,United Kingdom,المملكة المتحدة,GB
NYA,Nyagan Airport,Nyagan Airport,Nyagan,نياغان,Russia,روسيا,RU
NYI,Sunyani Airport,مطار سونياتي,Sunyani,سونياتي,Ghana,غانا,GH
NYK,Nanyuki Civil Airport,Nanyuki Civil Airport,Gathiuru,Gathiuru,Kenya,كينيا,KE
NYM,Nadym Airport,Nadym Airport,Nadym,ناديم,Russia,روسيا,RU
NYO,Stockholm Skavsta Airport,Stockholm Skavsta Airport,Nyköping,ستوكهولم,Sweden,السويد,SE
NYT,Nay Pyi Taw International Airport,Nay Pyi Taw International Airport,Naypyitaw,نايبيداو,Myanmar (Burma),ميانمار (بورما),MM
NYU,Bagan Airport,Bagan Airport,Nyaung U,باغان,Myanmar (Burma),ميانمار (بورما),MM
NZC,Maria Reiche Neuman Airport,Maria Reiche Neuman Airport,Nazca,نازكا,Peru,بيرو,PE
NZG,Nizhneangarsk International Airport,Nizhneangarsk International Airport,Nizhneangarsk,Nizhneangarsk,Russia,روسيا,RU
NZH,Manzhouli Xijiao Airport,مطار مانزهولوي شيجياو,Manzhouli,Manzhouli,China,الصين,CN
NZL,Zhalantun Genghis Khan Airport,مطار زالانتون جنكيز خان,Zhalantun,زالانتون,China,الصين,CN
OAJ,Albert J Ellis Airport,Albert J Ellis Airport,Richlands,جاكسونفيل,United States,الولايات المتحدة,US
OAK,Oakland San Francisco Bay Airport,مطار أوكلاند الدولي,Oakland,منطقة خليج سان فرانسيسكو,United States,الولايات المتحدة,US
OAL,Cacoal Airport,Cacoal Airport,Cacoal,Cacoal,Brazil,البرازيل,BR
OAX,Xoxocotlán International Airport,Xoxocotlán International Airport,Oaxaca,أوخاكا,Mexico,المكسيك,MX
OBN,Oban Airport,Oban Airport,North Connel,North Connel,United Kingdom,المملكة المتحدة,GB
OBO,Tokachi-Obihiro Airport,Tokachi-Obihiro Airport,Obihiro,أوبيهيرو,Japan,اليابان,JP
OBU,Kobuk Airport,Kobuk Airport,Kobuk,كوبوك,United States,الولايات المتحدة,US
OBX,Obo Airport,Obo Airport,Obo,Obo,Papua New Guinea,بابوا غينيا الجديدة,PG
OCC,Francisco De Orellana Airport,Francisco De Orellana Airport,Coca,Puerto Francisco de Orellana,Ecuador,الإكوادور,EC
OCE,Ocean City Municipal Airport,Ocean City Municipal Airport,Ocean City,الساحل الشرقي لماريلند,United States,الولايات المتحدة,US
OCJ,Ian Fleming International Airport,Ian Fleming International Airport,Boscobel,أوتشو ريوس,Jamaica,جامايكا,JM
OCS,Corisco International Airport,Corisco International Airport,Corisco Island,Corisco Island,Equatorial Guinea,غينيا الاستوائية,GQ
ODB,Córdoba Airport,مطار قرطبة,Córdoba,قرطبة,Spain,إسبانيا,ES
ODE,Odense Hans Christian Andersen Airport,Odense Hans Christian Andersen Airport,Odense,أودنسه,Denmark,الدنمارك,DK
ODN,Long Seridan Airport,مطار لونغ سيريدان,Long Seridan,Long Seridan,Malaysia,ماليزيا,MY
ODO,Bodaybo Airport,Bodaybo Airport,Bodaybo,بودايبو,Russia,روسيا,RU
ODY,Oudomsay Airport,Oudomsay Airport,Oudomsay,Oudomsay,Laos,لاوس,LA
OEC,Oecusse Route of the Sandalwood International Airport,Oecusse Route of the Sandalwood International Airport,Oecussi-Ambeno,Oecussi-Ambeno,Timor-Leste,تيمور - ليشتي,TL
OER,Örnsköldsvik Airport,Örnsköldsvik Airport,Örnsköldsvik,أورنشولدسفيك,Sweden,السويد,SE
OES,Antoine de Saint Exupéry Airport,Antoine de Saint Exupéry Airport,San Antonio Oeste,سان أنطونيو أويستي,Argentina,الأرجنتين,AR
OFU,Ofu Airport,Ofu Airport,Ofu,اوفو-اولوسيغا,American Samoa,ساموا الأمريكية,AS
OGD,Ogden Hinckley Airport,Ogden Hinckley Airport,Ogden,Ogden,United States,الولايات المتحدة,US
OGG,Kahului International Airport,Kahului International Airport,Kahului,كاولوي,United States,الولايات المتحدة,US
OGL,Eugene F. Correia International Airport,Eugene F. Correia International Airport,Ogle,جورج تاون,Guyana,غيانا,GY
OGN,Yonaguni Airport,Yonaguni Airport,Yonaguni,يوناغوني,Japan,اليابان,JP
OGS,Ogdensburg International Airport,Ogdensburg International Airport,Ogdensburg,أوغدينسبورغ,United States,الولايات المتحدة,US
OGU,Ordu–Giresun Airport,مطار أردو غيرسون,Ordu,أردو,Türkiye,تركيا,TR
OGX,Ain Beida Airport,مطار ورقلة - عين البيضاء,Ouargla,ورقلة,Algeria,الجزائر,DZ
OGZ,Vladikavkaz Beslan International Airport,Vladikavkaz Beslan International Airport,Beslan,فلاديقوقاز,Russia,روسيا,RU
OHD,Ohrid St. Paul the Apostle Airport,Ohrid St. Paul the Apostle Airport,Ohrid,أوخريد,North Macedonia,مقدونيا الشمالية,MK
OHE,Mohe Gulian Airport,مطار موخه جوليان,Mohe,Mohe,China,الصين,CN
OHO,Okhotsk Airport,Okhotsk Airport,Okhotsk,أوخوتسك,Russia,روسيا,RU
OHS,Suhar International Airport,مطار صحار الدولي,Suhar,ولاية صحار,Oman,عُمان,OM
OIM,Oshima Airport,Oshima Airport,Izu Oshima,Izu Oshima,Japan,اليابان,JP
OIR,Okushiri Airport,Okushiri Airport,Okushiri Island,Okushiri Island,Japan,اليابان,JP
OIT,Oita Airport,Oita Airport,Oita,أويتا، أويتا,Japan,اليابان,JP
OJU,Tanjung Api Airport,Tanjung Api Airport,Tojo Una-Una,Tojo Una-Una,Indonesia,إندونيسيا,ID
OKA,Naha International Airport,Naha International Airport,Naha,ناها، أوكيناوا,Japan,اليابان,JP
OKC,OKC Will Rogers World Airport,OKC Will Rogers World Airport,Oklahoma City,أوكلاهوما سيتي,United States,الولايات المتحدة,US
OKD,Sapporo Okadama Airport,Sapporo Okadama Airport,Sapporo,سابورو,Japan,اليابان,JP
OKE,Okinoerabu Airport,Okinoerabu Airport,Wadomari,Wadomari,Japan,اليابان,JP
OKI,Oki Global Geopark Airport,Oki Global Geopark Airport,Okinoshima,أوكينوشيما,Japan,اليابان,JP
OKJ,Okayama Momotaro Airport,Okayama Momotaro Airport,Okayama,أوكاياما، أوكاياما,Japan,اليابان,JP
OKL,Oksibil Airport,Oksibil Airport,Oksibil,Oksibil,Indonesia,إندونيسيا,ID
OKR,Yorke Island Airport,Yorke Island Airport,Yorke Island,Yorke Island,Australia,أستراليا,AU
OKY,Oakey Army Aviation Centre,Oakey Army Aviation Centre,Oakey Army Aviation Centre,Oakey Army Aviation Centre,Australia,أستراليا,AU
OLA,Ørland Airport,Ørland Airport,Ørland,أورلاند,Norway,النرويج,NO
OLB,Olbia Costa Smeralda Airport,Olbia Costa Smeralda Airport,Olbia (SS),أولبيا,Italy,إيطاليا,IT
OLF,L M Clayton Airport,L M Clayton Airport,Wolf Point,وولف بوينت,United States,الولايات المتحدة,US
OLH,Old Harbor Airport,Old Harbor Airport,Old Harbor,أولد هاربور,United States,الولايات المتحدة,US
OLJ,North West Santo Airport,North West Santo Airport,Olpoi,Olpoi,Vanuatu,فانواتو,VU
OLM,Olympia Regional Airport,Olympia Regional Airport,Olympia,أولمبيا,United States,الولايات المتحدة,US
OLP,Olympic Dam Airport,Olympic Dam Airport,Olympic Dam,Olympic Dam,Australia,أستراليا,AU
OLZ,Olyokminsk Airport,Olyokminsk Airport,Olyokminsk,أولومنسك,Russia,روسيا,RU
OMA,Eppley Airfield,Eppley Airfield,Omaha,أوماها,United States,الولايات المتحدة,US
OMD,Oranjemund Airport,Oranjemund Airport,Oranjemund,Oranjemund,Namibia,ناميبيا,NA
OME,Nome Airport,Nome Airport,Nome,نوم,United States,الولايات المتحدة,US
OMH,Urmia Airport,مطار أورمية شهيد بكري الدولي,Urmia,أرومية,Iran,إيران,IR
OMN,Zomin Airport,Zomin Airport,Zomin,Zomin,Uzbekistan,أوزبكستان,UZ
OMO,Mostar International Airport,Mostar International Airport,Mostar,موستار,Bosnia and Herzegovina,البوسنة والهرسك,BA
OMR,Oradea International Airport,Oradea International Airport,Oradea,أوراديا,Romania,رومانيا,RO
OMS,Omsk Central Airport,مطار أومسك,Omsk,أومسك,Russia,روسيا,RU
OND,Ondangwa Airport,Ondangwa Airport,Ondangwa,أوندانغوا,Namibia,ناميبيا,NA
ONG,Mornington Island Airport,Mornington Island Airport,Mornington Island Airport,جزيرة مورنينغتون,Australia,أستراليا,AU
ONJ,Odate Noshiro Airport,Odate Noshiro Airport,Kitaakita,أوداته، أكيتا,Japan,اليابان,JP
ONQ,Zonguldak Çaycuma Airport,Zonguldak Çaycuma Airport,Zonguldak,Zonguldak,Türkiye,تركيا,TR
ONT,Ontario International Airport,Ontario International Airport,Ontario,أونتاريو,United States,الولايات المتحدة,US
ONX,Enrique Adolfo Jimenez Airport,Enrique Adolfo Jimenez Airport,Colón,Colón,Panama,بنما,PA
OOK,Toksook Bay Airport,Toksook Bay Airport,Toksook Bay,توكسوك باي,United States,الولايات المتحدة,US
OOL,Gold Coast Airport,مطار جولد كوست,Gold Coast,غولد كوست,Australia,أستراليا,AU
OOM,Cooma Snowy Mountains Airport,Cooma Snowy Mountains Airport,Cooma,Cooma,Australia,أستراليا,AU
OPF,Miami-Opa Locka Executive Airport,Miami-Opa Locka Executive Airport,Miami,ميامي,United States,الولايات المتحدة,US
OPO,Francisco Sá Carneiro Airport,مطار بورتو,Porto,بورتو,Portugal,البرتغال,PT
OPP,Salinópolis Airport,Salinópolis Airport,Salinópolis,Salinópolis,Brazil,البرازيل,BR
OPS,Presidente João Batista Figueiredo Airport,مطار سينوب,Sinop,سينوب,Brazil,البرازيل,BR
OPU,Balimo Airport,Balimo Airport,Balimo,Balimo,Papua New Guinea,بابوا غينيا الجديدة,PG
ORB,Örebro Airport,Örebro Airport,Örebro,أوربرو,Sweden,السويد,SE
ORD,O'Hare International Airport,مطار أوهير الدولي,Chicago,شيكاغو,United States,الولايات المتحدة,US
ORF,Norfolk International Airport,Norfolk International Airport,Norfolk,نورفولك,United States,الولايات المتحدة,US
ORG,Zorg en Hoop Airport,Zorg en Hoop Airport,Paramaribo,باراماريبو,Suriname,سورينام,SR
ORH,Worcester Regional Airport,Worcester Regional Airport,Worcester,Worcester,United States,الولايات المتحدة,US
ORI,Port Lions Airport,Port Lions Airport,Port Lions,بورت ليونز,United States,الولايات المتحدة,US
ORK,Cork International Airport,مطار كورك,Cork,كورك,Ireland,أيرلندا,IE
ORN,Oran Es Sénia Airport,مطار وهران السانيا,Oran,وهران,Algeria,الجزائر,DZ
ORT,Northway Airport,Northway Airport,Northway,نورثواي,United States,الولايات المتحدة,US
ORU,Juan Mendoza International Airport,Juan Mendoza International Airport,Oruro,أورورو,Bolivia,بوليفيا,BO
ORV,Robert (Bob) Curtis Memorial Airport,Robert (Bob) Curtis Memorial Airport,Noorvik,نورفيك,United States,الولايات المتحدة,US
ORY,Paris Orly Airport,مطار باريس أورلي,Paris,باريس,France,فرنسا,FR
ORZ,H.E Alfredo Martinez (Tower Hill) Airstrip,H.E Alfredo Martinez (Tower Hill) Airstrip,Orange Walk,Orange Walk,Belize,بليز,BZ
OSD,Åre Östersund Airport,Åre Östersund Airport,Östersund,إوسترسوند,Sweden,السويد,SE
OSI,Osijek Airport,Osijek Airport,Osijek(Klisa),أوسييك,Croatia,كرواتيا,HR
OSL,"Oslo Airport, Gardermoen",مطار أوسلو,Oslo,أوسلو,Norway,النرويج,NO
OSR,Leoš Janáček Airport Ostrava,Leoš Janáček Airport Ostrava,Mošnov,أوسترافا,Czechia,التشيك,CZ
OSS,Osh International Airport,مطار أوش الدولي,Osh,أوش,Kyrgyzstan,قيرغيزستان,KG
OST,Ostend-Bruges International Airport,Ostend-Bruges International Airport,Oostende,بروج,Belgium,بلجيكا,BE
OSW,Orsk Airport,Orsk Airport,Orsk,أورسك,Russia,روسيا,RU
OSY,Namsos Airport,Namsos Airport,Namsos,نامسوس,Norway,النرويج,NO
OTD,Raul Arias Espinoza Airport,Raul Arias Espinoza Airport,Contadora Island,Contadora Island,Panama,بنما,PA
OTH,Southwest Oregon Regional Airport,Southwest Oregon Regional Airport,North Bend,North Bend,United States,الولايات المتحدة,US
OTP,Henri Coandă International Airport,مطار هنري كواندا الدولي,Bucharest,بوخارست,Romania,رومانيا,RO
OTS,Anacortes Airport,Anacortes Airport,Anacortes,أناكورتس,United States,الولايات المتحدة,US
OTZ,Ralph Wien Memorial Airport,Ralph Wien Memorial Airport,Kotzebue,كوتزبيو,United States,الولايات المتحدة,US
OUA,Ouagadougou Thomas Sankara International Airport,مطار واغادوغو,Ouagadougou,واغادوغو,Burkina Faso,بوركينا فاسو,BF
OUD,Oujda Angads Airport,مطار وجدة أنجاد,Ahl Angad,وجدة,Morocco,المغرب,MA
OUI,Ouessant Airport,Ouessant Airport,Ushant,أوشا,France,فرنسا,FR
OUL,Oulu Airport,Oulu Airport,Oulu / Oulunsalo,أولو,Finland,فنلندا,FI
OUZ,Tazadit Airport,مطار ازويرات,Zouérate,الزويرات,Mauritania,موريتانيا,MR
OVB,Novosibirsk Tolmachevo Airport,مطار نوفوسيبيرسك,Novosibirsk,نوفوسيبيرسك,Russia,روسيا,RU
OVD,Asturias Airport,مطار أستورياس,Ranón,أبيط,Spain,إسبانيا,ES
OVS,Sovetskiy Airport,Sovetskiy Airport,Sovetskiy,سوفتسكاي، أوكروغ خانتي-مانسي الذاتية,Russia,روسيا,RU
OWB,Owensboro Daviess County Airport,Owensboro Daviess County Airport,Owensboro,أوينسبورو,United States,الولايات المتحدة,US
OXB,Osvaldo Vieira International Airport,مطار أوزفالدو فييرا الدولي,Bissau,بيساو,Guinea-Bissau,غينيا بيساو,GW
OYE,Oyem Airport,Oyem Airport,Oyem,Oyem,Gabon,الغابون,GA
OZC,Labo Airport,مطار لابو,Ozamiz,اوزاميز,Philippines,الفلبين,PH
OZG,Zagora Airport,مطار زاكورة,Zagora,زاكورة,Morocco,المغرب,MA
OZZ,Ouarzazate International Airport,مطار ورزازات,Ouarzazate,ورزازات,Morocco,المغرب,MA
PAB,Bilaspur Airport,مطار بيلاس بور,Bilaspur,Bilaspur,India,الهند,IN
PAC,Marcos A. Gelabert International Airport,Marcos A. Gelabert International Airport,Albrook,مدينة بنما,Panama,بنما,PA
PAD,Paderborn Lippstadt Airport,Paderborn Lippstadt Airport,Büren,ليبشتات,Germany,ألمانيا,DE
PAE,Seattle Paine Field International Airport,مطار باين فيلد,Everett,مقاطعة سنوهوميش,United States,الولايات المتحدة,US
PAG,Pagadian Airport,مطار باجاديان,Pagadian,باجاديان,Philippines,الفلبين,PH
PAH,Barkley Regional Airport,Barkley Regional Airport,Paducah,بادوكا,United States,الولايات المتحدة,US
PAP,Toussaint Louverture International Airport,Toussaint Louverture International Airport,Port-au-Prince,بورت أو برانس,Haiti,هايتي,HT
PAS,Paros National Airport,Paros National Airport,Paros,Paros,Greece,اليونان,GR
PAT,Jay Prakash Narayan Airport,Jay Prakash Narayan Airport,Patna,بتنة,India,الهند,IN
PAV,Paulo Afonso Airport,Paulo Afonso Airport,Paulo Afonso,باولو أفونسو,Brazil,البرازيل,BR
PAZ,El Tajín National Airport,El Tajín National Airport,Poza Rica,Poza Rica,Mexico,المكسيك,MX
PBC,Hermanos Serdán International Airport,Hermanos Serdán International Airport,Puebla,مدينة بويبلا,Mexico,المكسيك,MX
PBD,Porbandar Airport,مطار بوربندر,Porbandar,بوربندر,India,الهند,IN
PBG,Plattsburgh International Airport,Plattsburgh International Airport,Plattsburgh,بلاتسبورغ,United States,الولايات المتحدة,US
PBH,Paro International Airport,مطار بارو الدولي,Paro,تيمفو,Bhutan,بوتان,BT
PBJ,Tavie Airport,Tavie Airport,Paama Island,Paama Island,Vanuatu,فانواتو,VU
PBM,Johan Adolf Pengel International Airport,Johan Adolf Pengel International Airport,Paramaribo,باراماريبو,Suriname,سورينام,SR
PBO,Paraburdoo Airport,Paraburdoo Airport,Paraburdoo,Paraburdoo,Australia,أستراليا,AU
PBR,Puerto Barrios Airport,Puerto Barrios Airport,Puerto Barrios,بويرتو باريوس,Guatemala,غواتيمالا,GT
PBU,Putao Airport,Putao Airport,Putao,Putao,Myanmar (Burma),ميانمار (بورما),MM
PCL,Cap FAP David Abenzur Rengifo International Airport,Cap FAP David Abenzur Rengifo International Airport,Pucallpa,بوكالبا,Peru,بيرو,PE
PCN,Picton Aerodrome,Picton Aerodrome,Koromiko,Koromiko,New Zealand,نيوزيلندا,NZ
PCP,Principe Airport,Principe Airport,São Tomé & Príncipe,برينسيبي,São Tomé & Príncipe,ساو تومي وبرينسيبي,ST
PCR,German Olano Airport,German Olano Airport,Puerto Carreño,بويرتو كارينيو,Colombia,كولومبيا,CO
PDA,Obando Cesar Gaviria Trujillo Airport,Obando Cesar Gaviria Trujillo Airport,Puerto Inírida,إنيريدا,Colombia,كولومبيا,CO
PDB,Pedro Bay Airport,Pedro Bay Airport,Pedro Bay,Pedro Bay,United States,الولايات المتحدة,US
PDG,Minangkabau International Airport,مطار مينانغكاباو الدولي,Padang (Katapiang),بادنغ,Indonesia,إندونيسيا,ID
PDK,DeKalb Peachtree Airport,DeKalb Peachtree Airport,Atlanta,أتلانتا,United States,الولايات المتحدة,US
PDL,João Paulo II Airport,João Paulo II Airport,Ponta Delgada,بُنتة دِلغَادة,Portugal,البرتغال,PT
PDM,Capt. J. Montenegro Airport,Capt. J. Montenegro Airport,Pedasí,Pedasí,Panama,بنما,PA
PDO,Pendopo Airport,Pendopo Airport,Talang Gudang-Sumatra Island,Talang Gudang-Sumatra Island,Indonesia,إندونيسيا,ID
PDP,Capitan Corbeta CA Curbelo International Airport,Capitan Corbeta CA Curbelo International Airport,Punta del Este,بونتا دل إيستي,Uruguay,أورغواي,UY
PDS,Piedras Negras International Airport,Piedras Negras International Airport,Piedras Negras,بيدراس نيغراس,Mexico,المكسيك,MX
PDT,Eastern Oregon Regional Airport at Pendleton,Eastern Oregon Regional Airport at Pendleton,Pendleton,بيندلينتون,United States,الولايات المتحدة,US
PDV,Plovdiv International Airport,Plovdiv International Airport,Plovdiv,بلوفديف,Bulgaria,بلغاريا,BG
PDX,Portland International Airport,مطار بورتلاند الدولي,Portland,بورتلاند,United States,الولايات المتحدة,US
PED,Pardubice Airport,Pardubice Airport,Pardubice,باردوبيتسه,Czechia,التشيك,CZ
PEE,Perm International Airport,مطار بيرم الدولي,Perm,بيرم,Russia,روسيا,RU
PEG,Perugia San Francesco d'Assisi – Umbria International Airport,Perugia San Francesco d'Assisi – Umbria International Airport,Perugia (PG),بِروجَة,Italy,إيطاليا,IT
PEI,Matecaña International Airport,Matecaña International Airport,Pereira,بيريرا,Colombia,كولومبيا,CO
PEK,Beijing Capital International Airport,مطار بكين الدولي,Beijing,بكين,China,الصين,CN
PEM,Padre Aldamiz International Airport,Padre Aldamiz International Airport,Puerto Maldonado,بويرتو مالدونادو,Peru,بيرو,PE
PEN,Penang International Airport,مطار بينانغ الدولي,Penang,بينانغ,Malaysia,ماليزيا,MY
PER,Perth Airport,مطار بيرث,Perth,بيرث,Australia,أستراليا,AU
PES,Petrozavodsk Airport,Petrozavodsk Airport,Petrozavodsk,بيتروزوفودسك,Russia,روسيا,RU
PET,João Simões Lopes Neto International Airport,João Simões Lopes Neto International Airport,Pelotas,بيلوتاس,Brazil,البرازيل,BR
PEU,Puerto Lempira Airport,Puerto Lempira Airport,Puerto Lempira,بويرتو لمبيرا,Honduras,هندوراس,HN
PEV,Pécs-Pogány International Airport,Pécs-Pogány International Airport,Pécs,بيتش,Hungary,المجر,HU
PEW,Bacha Khan International Airport,مطار باشا خان الدولي,Peshawar,بيشاور,Pakistan,باكستان,PK
PEX,Pechora Airport,Pechora Airport,Pechora,بيتشورا,Russia,روسيا,RU
PEZ,Penza Airport,مطار بينزا,Penza,بينزا,Russia,روسيا,RU
PFB,Lauro Kurtz Airport,Lauro Kurtz Airport,Passo Fundo,باسو فوندو,Brazil,البرازيل,BR
PFO,Paphos International Airport,Paphos International Airport,Paphos,منطقة بافوس,Cyprus,قبرص,CY
PFQ,Parsabad-Moghan Airport,Parsabad-Moghan Airport,Parsabad,بارس أباد,Iran,إيران,IR
PFR,Ilebo Airport,Ilebo Airport,Ilebo,Ilebo,Congo - Kinshasa,الكونغو - كينشاسا,CD
PGA,Page Municipal Airport,Page Municipal Airport,Page,بيج,United States,الولايات المتحدة,US
PGD,Punta Gorda Airport,Punta Gorda Airport,Punta Gorda,سيفتي هاربور,United States,الولايات المتحدة,US
PGF,Perpignan-Rivesaltes (Llabanère) Airport,مطار بيربينيا,Perpignan/Rivesaltes,بربنية,France,فرنسا,FR
PGH,Pantnagar Airport,Pantnagar Airport,Pantnagar,Pantnagar,India,الهند,IN
PGK,Depati Amir Airport,Depati Amir Airport,Pangkal Pinang,بانغكال بينانغ,Indonesia,إندونيسيا,ID
PGM,Port Graham Airport,Port Graham Airport,Port Graham,بورت غراهام,United States,الولايات المتحدة,US
PGU,Persian Gulf International Airport,Persian Gulf International Airport,Khiyaroo,عسلوية,Iran,إيران,IR
PGV,Pitt-Greenville Airport,Pitt-Greenville Airport,Greenville,Greenville,United States,الولايات المتحدة,US
PGZ,Ponta Grossa Airport - Comandante Antonio Amilton Beraldo,Ponta Grossa Airport - Comandante Antonio Amilton Beraldo,Ponta Grossa,بونتا غروسا,Brazil,البرازيل,BR
PHB,Parnaíba - Prefeito Doutor João Silva Filho International Airport,Parnaíba - Prefeito Doutor João Silva Filho International Airport,Parnaíba,بارنايبا,Brazil,البرازيل,BR
PHC,Port Harcourt International Airport,مطار بورت هاركورت الدولي,Port Harcourt,بورت هاركورت,Nigeria,نيجيريا,NG
PHE,Port Hedland International Airport,Port Hedland International Airport,Port Hedland,Port Hedland,Australia,أستراليا,AU
PHF,Newport News Williamsburg International Airport,Newport News Williamsburg International Airport,Newport News,شبه جزيرة فرجينيا,United States,الولايات المتحدة,US
PHG,Port Harcourt City Airport / Port Harcourt Air Force Base,Port Harcourt City Airport / Port Harcourt Air Force Base,Port Harcourt,Port Harcourt,Nigeria,نيجيريا,NG
PHH,Pokhara International Airport,Pokhara International Airport,Pokhara,بوخارا,Nepal,نيبال,NP
PHL,Philadelphia International Airport,مطار فيلادلفيا الدولي,Philadelphia,فيلادلفيا,United States,الولايات المتحدة,US
PHO,Point Hope Airport,Point Hope Airport,Point Hope,بوينت هوب,United States,الولايات المتحدة,US
PHS,Phitsanulok Airport,Phitsanulok Airport,Phitsanulok,محافظة أوتاراديت,Thailand,تايلاند,TH
PHW,Hendrik Van Eck Airport,Hendrik Van Eck Airport,Phalaborwa,Phalaborwa,South Africa,جنوب أفريقيا,ZA
PHX,Phoenix Sky Harbor International Airport,مطار فينيكس سكاي هاربر الدولي,Phoenix,فينيكس,United States,الولايات المتحدة,US
PHY,Phetchabun Airport,مطار فيتشابون,Phetchabun Airport,Phetchabun Airport,Thailand,تايلاند,TH
PIA,General Wayne A. Downing Peoria International Airport,General Wayne A. Downing Peoria International Airport,Peoria,بيوريا,United States,الولايات المتحدة,US
PIB,Hattiesburg Laurel Regional Airport,Hattiesburg Laurel Regional Airport,Moselle,هاتيسبورغ,United States,الولايات المتحدة,US
PIE,St. Petersburg Clearwater International Airport,St. Petersburg Clearwater International Airport,Pinellas Park,سانت بيترسبرغ,United States,الولايات المتحدة,US
PIH,Pocatello Regional Airport,Pocatello Regional Airport,Pocatello,بوكاتيلو,United States,الولايات المتحدة,US
PIK,Glasgow Prestwick Airport,Glasgow Prestwick Airport,"Prestwick, South Ayrshire",غلاسكو,United Kingdom,المملكة المتحدة,GB
PIP,Pilot Point Airport,Pilot Point Airport,Pilot Point,بايلوت بوينت,United States,الولايات المتحدة,US
PIR,Pierre Regional Airport,Pierre Regional Airport,Pierre,بيير,United States,الولايات المتحدة,US
PIS,Poitiers-Biard Airport,مطار بواتييه,Poitiers/Biard,بواتييه,France,فرنسا,FR
PIT,Pittsburgh International Airport,مطار بيتسبرغ الدولي,Pittsburgh,بيتسبرغ,United States,الولايات المتحدة,US
PIU,PAF Captain Guillermo Concha Iberico International Airport,PAF Captain Guillermo Concha Iberico International Airport,Piura,بيورا,Peru,بيرو,PE
PIX,Pico Airport,Pico Airport,Pico Island,Pico Island,Portugal,البرتغال,PT
PIZ,Point Lay LRRS Airport,Point Lay LRRS Airport,Point Lay,Point Lay,United States,الولايات المتحدة,US
PJA,Pajala Airport,Pajala Airport,Pajala,بايالا,Sweden,السويد,SE
PJM,Puerto Jimenez Airport,Puerto Jimenez Airport,Puerto Jimenez,Puerto Jimenez,Costa Rica,كوستاريكا,CR
PKA,Napaskiak Airport,Napaskiak Airport,Napaskiak,ناباسكياك,United States,الولايات المتحدة,US
PKB,Mid Ohio Valley Regional Airport,Mid Ohio Valley Regional Airport,Parkersburg (Williamstown),باركرسبورغ,United States,الولايات المتحدة,US
PKC,Yelizovo Airport,مطار فيتوس بيرنغ,Petropavlovsk-Kamchatsky,بيتروبافلوفسك-كامتشاتسكي,Russia,روسيا,RU
PKE,Parkes Airport,Parkes Airport,Parkes,متنزه,Australia,أستراليا,AU
PKG,Pulau Pangkor Airport,Pulau Pangkor Airport,Pangkor Island,جزيرة بانكور,Malaysia,ماليزيا,MY
PKN,Iskandar Airport,مطار إسكندر,Pangkalanbun,Pangkalanbun,Indonesia,إندونيسيا,ID
PKP,Puka Puka Airport,Puka Puka Airport,Puka Puka Airport,Puka Puka Airport,French Polynesia,بولينيزيا الفرنسية,PF
PKR,Pokhara Domestic Airport,Pokhara Domestic Airport,Pokhara,بوخارا,Nepal,نيبال,NP
PKU,Sultan Syarif Kasim II International Airport / Roesmin Nurjadin AFB,مطار سلطان سريف قاسم الثاني الدولي,Pekanbaru,بيكانبارو,Indonesia,إندونيسيا,ID
PKV,Princess Olga Pskov International Airport,Princess Olga Pskov International Airport,Pskov,بسكوف,Russia,روسيا,RU
PKX,Beijing Daxing International Airport,مطار بكين داشينغ الدولي,Beijing,بكين,China,الصين,CN
PKY,Tjilik Riwut Airport,مطار تشيليك ريووت,Palangkaraya,بالانغكارايا,Indonesia,إندونيسيا,ID
PKZ,Pakse International Airport,مطار باكسي الدولي,Pakse,باكسي,Laos,لاوس,LA
PLJ,Placencia Airport,Placencia Airport,Placencia,Placencia,Belize,بليز,BZ
PLM,Sultan Mahmud Badaruddin II Airport,مطار السلطان محمود بدر الدين الثاني الدولي,Palembang,فلمبان,Indonesia,إندونيسيا,ID
PLN,Pellston Regional Airport of Emmet County Airport,Pellston Regional Airport of Emmet County Airport,Pellston,بيلستون,United States,الولايات المتحدة,US
PLO,Port Lincoln Airport,Port Lincoln Airport,Port Lincoln,بورت لينكولن,Australia,أستراليا,AU
PLQ,Palanga International Airport,Palanga International Airport,Palanga,بالانغا (لتوانيا),Lithuania,ليتوانيا,LT
PLS,Providenciales International Airport,Providenciales International Airport,Providenciales,بروفيدنسياليس,Turks & Caicos Islands,جزر توركس وكايكوس,TC
PLW,Mutiara - SIS Al-Jufrie Airport,Mutiara - SIS Al-Jufrie Airport,Palu,بالو,Indonesia,إندونيسيا,ID
PLX,Semei International Airport,Semei International Airport,Semey,سيماي,Kazakhstan,كازاخستان,KZ
PLZ,Chief Dawid Stuurman International Airport,Chief Dawid Stuurman International Airport,Gqeberha (Port Elizabeth),بورت إليزابيث,South Africa,جنوب أفريقيا,ZA
PMC,El Tepual International Airport,El Tepual International Airport,Puerto Montt,Puerto Montt,Chile,تشيلي,CL
PMF,Parma Airport,Parma Airport,Parma (PR),بارما,Italy,إيطاليا,IT
PMG,Ponta Porã Airport,Ponta Porã Airport,Ponta Porã,Ponta Porã,Brazil,البرازيل,BR
PMI,Palma de Mallorca Airport,مطار بالما دي مايوركا,Palma de Mallorca,بالما دي مايوركا,Spain,إسبانيا,ES
PMK,Palm Island Airport,Palm Island Airport,Palm Island Airport,جزيرة النخلة في كوينزلاند,Australia,أستراليا,AU
PMO,Falcone–Borsellino Airport,مطار باليرمو الدولي,Palermo,باليرمو,Italy,إيطاليا,IT
PMQ,Perito Moreno Jalil Hamer Airport,Perito Moreno Jalil Hamer Airport,Perito Moreno,Perito Moreno,Argentina,الأرجنتين,AR
PMR,Palmerston North Airport,Palmerston North Airport,Palmerston North,بالميرستون نورث,New Zealand,نيوزيلندا,NZ
PMV,Del Caribe Santiago Mariño International Airport,Del Caribe Santiago Mariño International Airport,Isla Margarita,بورلامار,Venezuela,فنزويلا,VE
PMW,Brigadeiro Lysias Rodrigues Airport,Brigadeiro Lysias Rodrigues Airport,Palmas,بالماس,Brazil,البرازيل,BR
PMY,El Tehuelche Airport,El Tehuelche Airport,Puerto Madryn,بويرتو مادرين,Argentina,الأرجنتين,AR
PNA,Pamplona Airport,مطار بامبلونا,Pamplona,بنبلونة,Spain,إسبانيا,ES
PND,Punta Gorda Airport,Punta Gorda Airport,Punta Gorda,بونتا جوردا,Belize,بليز,BZ
PNH,Phnom Penh International Airport,مطار بنوم بنه الدولي,Phnom Penh,بنوم بنه,Cambodia,كمبوديا,KH
PNI,Pohnpei International Airport,مطار بونبي الدولي,Pohnpei Island,بونبي,Micronesia,ميكرونيزيا,FM
PNK,Supadio International Airport,مطار سوباديو الدولي,Pontianak,بونتياناك,Indonesia,إندونيسيا,ID
PNL,Pantelleria Airport,مطار بانتيليريا,Pantelleria (TP),بانتليريا,Italy,إيطاليا,IT
PNP,Girua Airport,Girua Airport,Popondetta,بوبونديتا,Papua New Guinea,بابوا غينيا الجديدة,PG
PNQ,Pune International Airport,مطار بوني الدولي,Pune,بونه,India,الهند,IN
PNR,Antonio Agostinho-Neto International Airport,مطار بوانت نوار,Pointe Noire,بوانت-نوار,Congo - Brazzaville,الكونغو - برازافيل,CG
PNS,Pensacola International Airport,Pensacola International Airport,Pensacola,بينساكولا,United States,الولايات المتحدة,US
PNT,Lieutenant Julio Gallardo Airport,Lieutenant Julio Gallardo Airport,Puerto Natales,بويرتو نتالز,Chile,تشيلي,CL
PNY,Pondicherry Airport,Pondicherry Airport,Puducherry (Pondicherry),بودوتشيري,India,الهند,IN
PNZ,Senador Nilo Coelho Airport,Senador Nilo Coelho Airport,Petrolina,بترولينا,Brazil,البرازيل,BR
POA,Porto Alegre-Salgado Filho International Airport,Porto Alegre-Salgado Filho International Airport,Porto Alegre,بورتو أليغري,Brazil,البرازيل,BR
POG,Port Gentil International Airport,Port Gentil International Airport,Port Gentil,بورت جنتيل,Gabon,الغابون,GA
POL,Pemba Airport,مطار بيمبا,Pemba,بيمبا,Mozambique,موزمبيق,MZ
POM,Port Moresby Jacksons International Airport,مطار جاكسونز الدولي,Port Moresby,بورت مورسبي,Papua New Guinea,بابوا غينيا الجديدة,PG
POP,Gregorio Luperon International Airport,Gregorio Luperon International Airport,Puerto Plata,بويرتو بلاتا,Dominican Republic,جمهورية الدومينيكان,DO
POR,Pori Airport,مطار بوري,Pori,بوري,Finland,فنلندا,FI
POS,Piarco International Airport,Piarco International Airport,Port of Spain,بورت أوف سبين,Trinidad & Tobago,ترينيداد وتوباغو,TT
POZ,Poznań-Ławica Airport,Poznań-Ławica Airport,Poznań,بوزنان,Poland,بولندا,PL
PPB,Presidente Prudente Airport,Presidente Prudente Airport,Presidente Prudente,بريزيدينت برودينت,Brazil,البرازيل,BR
PPE,Mar de Cortés International Airport,Mar de Cortés International Airport,Puerto Peñasco,"بورتو , بيناسكو",Mexico,المكسيك,MX
PPG,Pago Pago International Airport,Pago Pago International Airport,Pago Pago,باغو باغو,American Samoa,ساموا الأمريكية,AS
PPK,Petropavl International Airport,مطار بتروبافل,Petropavl,بتروبافل,Kazakhstan,كازاخستان,KZ
PPN,Guillermo León Valencia Airport,Guillermo León Valencia Airport,Popayán,بوبايان,Colombia,كولومبيا,CO
PPP,Proserpine Whitsunday Coast Airport,Proserpine Whitsunday Coast Airport,Proserpine,بلدية بروسيرباين,Australia,أستراليا,AU
PPS,Puerto Princesa International Airport / PAF Antonio Bautista Air Base,مطار بويرتو برينسيسا الدولي,Puerto Princesa,بورتوبرنسس,Philippines,الفلبين,PH
PPT,Fa'a'ā International Airport,مطار فا الدولي,Papeete,تاهيتي,French Polynesia,بولينيزيا الفرنسية,PF
PPW,Papa Westray Airport,Papa Westray Airport,"Papa Westray, Orkney Islands","Papa Westray, Orkney Islands",United Kingdom,المملكة المتحدة,GB
PQC,Phú Quốc International Airport,مطار فو كوك الدولي,Phu Quoc Island,فو كوك,Vietnam,فيتنام,VN
PQI,Presque Isle International Airport,مطار بريسكايل الدولي,Presque Isle,بريسكيو إزلي,United States,الولايات المتحدة,US
PQQ,Port Macquarie Airport,Port Macquarie Airport,Port Macquarie,بورت ماكواري,Australia,أستراليا,AU
PQS,Pilot Station Airport,Pilot Station Airport,Pilot Station,بايلوت ستيشن,United States,الولايات المتحدة,US
PRA,General Urquiza Airport,General Urquiza Airport,Parana,بارانا، انتري ريوس,Argentina,الأرجنتين,AR
PRC,Prescott Regional Airport - Ernest A. Love Field,Prescott Regional Airport - Ernest A. Love Field,Prescott,بريسكوت,United States,الولايات المتحدة,US
PRG,Václav Havel Airport Prague,مطار براغ,Prague,براغ,Czechia,التشيك,CZ
PRI,Praslin Island Airport,Praslin Island Airport,Praslin Island,براسلين,Seychelles,سيشل,SC
PRM,Portimão Airport,Portimão Airport,Portimão,بُرتِماو,Portugal,البرتغال,PT
PRN,Priština Adem Jashari International Airport,مطار بريشتينا الدولي,Prishtina,برشتينة,Kosovo,كوسوفو,XK
PSA,Pisa International Airport,مطار بيزا الدولي,Pisa (PI),بيزا,Italy,إيطاليا,IT
PSC,Tri Cities Airport,Tri Cities Airport,Pasco,باسكو,United States,الولايات المتحدة,US
PSD,Port Said International Airport,مطار بورسعيد,Port Said,بورسعيد,Egypt,مصر,EG
PSE,Mercedita International Airport,Mercedita International Airport,Ponce,بونس,Puerto Rico,بورتوريكو,PR
PSG,Petersburg James A Johnson Airport,Petersburg James A Johnson Airport,Petersburg,بطرسبورغ,United States,الولايات المتحدة,US
PSM,Portsmouth International Airport at Pease,Portsmouth International Airport at Pease,Portsmouth,بورتسموث,United States,الولايات المتحدة,US
PSO,Antonio Nariño Airport,Antonio Nariño Airport,Chachagüí,عشب صناعي,Colombia,كولومبيا,CO
PSP,Palm Springs International Airport,Palm Springs International Airport,Palm Springs,بالم سبرينغس,United States,الولايات المتحدة,US
PSR,Abruzzo Airport,مطار أبروتسو الدولي,Pescara,بسكارا,Italy,إيطاليا,IT
PSS,Libertador Gral D Jose De San Martin Airport,Libertador Gral D Jose De San Martin Airport,Posadas,بوساداس، ميسيونيس,Argentina,الأرجنتين,AR
PSU,Pangsuma Airport,Pangsuma Airport,Putussibau-Borneo Island,Putussibau-Borneo Island,Indonesia,إندونيسيا,ID
PSY,Port Stanley Airport,Port Stanley Airport,Stanley,ستانلي,Falkland Islands,جزر فوكلاند,FK
PSZ,Capitán Av. Salvador Ogaya G. airport,Capitán Av. Salvador Ogaya G. airport,Puerto Suárez,Puerto Suárez,Bolivia,بوليفيا,BO
PTA,Port Alsworth Airport,Port Alsworth Airport,Port Alsworth,بورت ألسوورث,United States,الولايات المتحدة,US
PTF,Malolo Lailai Island Airport,مطار مالولو ليلى,Malolo Lailai Island,Malolo Lailai Island,Fiji,فيجي,FJ
PTG,Polokwane International Airport,Polokwane International Airport,Polokwane,بولوكوان,South Africa,جنوب أفريقيا,ZA
PTH,Port Heiden Airport,Port Heiden Airport,Port Heiden,بورت هايدن,United States,الولايات المتحدة,US
PTJ,Portland Airport,Portland Airport,Portland Airport,فكتوريا,Australia,أستراليا,AU
PTO,Juvenal Loureiro Cardoso Airport,Juvenal Loureiro Cardoso Airport,Pato Branco,Pato Branco,Brazil,البرازيل,BR
PTP,Maryse Condé International Airport,Maryse Condé International Airport,Pointe-à-Pitre,بوانت-آه-بيتر,Guadeloupe,غوادلوب,GP
PTU,Platinum Airport,Platinum Airport,Platinum,بلاتينوم,United States,الولايات المتحدة,US
PTY,Tocumen International Airport,مطار توكومين الدولي,Panama City,مدينة بنما,Panama,بنما,PA
PUB,Pueblo Memorial Airport,Pueblo Memorial Airport,Pueblo,بويبلو,United States,الولايات المتحدة,US
PUD,Puerto Deseado Airport,Puerto Deseado Airport,Puerto Deseado,بورتو ديسادو,Argentina,الأرجنتين,AR
PUF,Pau Pyrénées Airport,مطار بو,Pau/Pyrénées (Uzein),بو,France,فرنسا,FR
PUG,Port Augusta Airport,Port Augusta Airport,Port Augusta Airport,ميناء أوغستا,Australia,أستراليا,AU
PUJ,Punta Cana International Airport,Punta Cana International Airport,Punta Cana,بونتا كانا,Dominican Republic,جمهورية الدومينيكان,DO
PUQ,President Carlos Ibáñez International Airport,President Carlos Ibáñez International Airport,Punta Arenas,بونتا أريناس,Chile,تشيلي,CL
PUR,Puerto Rico Airport,Puerto Rico Airport,Puerto Rico/Manuripi,Puerto Rico/Manuripi,Bolivia,بوليفيا,BO
PUS,Gimhae International Airport,مطار غيمهاي الدولي,Busan,بوسان,South Korea,كوريا الجنوبية,KR
PUU,Tres De Mayo Airport,Tres De Mayo Airport,Puerto Asís,Puerto Asís,Colombia,كولومبيا,CO
PUW,Pullman-Moscow Regional Airport,Pullman-Moscow Regional Airport,Pullman,بولمان,United States,الولايات المتحدة,US
PUY,Pula Airport,Pula Airport,Pula,بولا,Croatia,كرواتيا,HR
PUZ,Puerto Cabezas Airport,Puerto Cabezas Airport,Puerto Cabezas,Puerto Cabezas,Nicaragua,نيكاراغوا,NI
PVA,El Embrujo Airport,El Embrujo Airport,Providencia,Providencia,Colombia,كولومبيا,CO
PVD,Rhode Island T. F. Green International Airport,Rhode Island T. F. Green International Airport,Providence/Warwick,بروفيدنس,United States,الولايات المتحدة,US
PVG,Shanghai Pudong International Airport,مطار شنغهاي بودونغ الدولي,Shanghai,شنغهاي,China,الصين,CN
PVH,Governador Jorge Teixeira de Oliveira International Airport,Governador Jorge Teixeira de Oliveira International Airport,Porto Velho,بورتو فاليو,Brazil,البرازيل,BR
PVK,Aktion National Airport,Aktion National Airport,Preveza,بروزة,Greece,اليونان,GR
PVR,Puerto Vallarta International Airport,Puerto Vallarta International Airport,Puerto Vallarta,بويرتو فالارتا,Mexico,المكسيك,MX
PVU,Provo Municipal Airport,Provo Municipal Airport,Provo,بروفو,United States,الولايات المتحدة,US
PWE,Pevek Airport,مطار بيفيك,Apapelgino,بيفيك,Russia,روسيا,RU
PWM,Portland International Jetport,Portland International Jetport,Portland,بورتلاند,United States,الولايات المتحدة,US
PWQ,Pavlodar International Airport,Pavlodar International Airport,Pavlodar,بافلودار,Kazakhstan,كازاخستان,KZ
PXH,Prominent Hill Airport,Prominent Hill Airport,Mount Eba,Mount Eba,Australia,أستراليا,AU
PXM,Puerto Escondido International Airport,Puerto Escondido International Airport,Puerto Escondido,Puerto Escondido,Mexico,المكسيك,MX
PXO,Porto Santo Airport,Porto Santo Airport,Vila Baleira,بورتو سانتو,Portugal,البرتغال,PT
PXR,Surin Airport,Surin Airport,Surin,Surin,Thailand,تايلاند,TH
PXU,Pleiku Airport,مطار بليكو,Pleiku,بليكو,Vietnam,فيتنام,VN
PYJ,Polyarny Airport,Polyarny Airport,Yakutia,أوداتشني,Russia,روسيا,RU
PYK,Payam International Airport,مطار بايام الدولي,Karaj,Karaj,Iran,إيران,IR
PYT,Pedro Rabelo de Souza Airport,Pedro Rabelo de Souza Airport,Paracatu,Paracatu,Brazil,البرازيل,BR
PZB,Pietermaritzburg Airport,Pietermaritzburg Airport,Pietermaritzburg,بيترماريتزبرغ,South Africa,جنوب أفريقيا,ZA
PZH,Zhob Airport,Zhob Airport,Fort Sandeman,Fort Sandeman,Pakistan,باكستان,PK
PZI,Panzhihua Bao'anying Airport,مطار بانزهيوها باوأنينغ,Panzhihua (Renhe),بانتشيهوا,China,الصين,CN
PZO,General Manuel Carlos Piar International Airport,General Manuel Carlos Piar International Airport,Guyana City,بويرتو أورداز,Venezuela,فنزويلا,VE
PZU,Port Sudan New International Airport,مطار بورتسودان الدولي,Port Sudan,بورتسودان,Sudan,السودان,SD
QBC,Bella Coola Airport,Bella Coola Airport,Bella Coola,Bella Coola,Canada,كندا,CA
QOW,Sam Mbakwe International Cargo Airport,Sam Mbakwe International Cargo Airport,Owerri,أويري,Nigeria,نيجيريا,NG
QRO,Querétaro Intercontinental Airport,Querétaro Intercontinental Airport,Querétaro,ولاية كيريتارو,Mexico,المكسيك,MX
QRW,Warri Airport,Warri Airport,Okpe,Okpe,Nigeria,نيجيريا,NG
QSF,Ain Arnat Airport,مطار سطيف - 8 ماي 1945,Sétif,سطيف,Algeria,الجزائر,DZ
QSR,Salerno Costa d'Amalfi Airport,Salerno Costa d'Amalfi Airport,Salerno,سلرنو,Italy,إيطاليا,IT
QSZ,Shache Airport,مطار شياجي,Shache,ياركند,China,الصين,CN
QUO,Akwa Ibom International Airport,Akwa Ibom International Airport,Uyo,أويو,Nigeria,نيجيريا,NG
RAB,Tokua Airport,Tokua Airport,Kokopo,رابول,Papua New Guinea,بابوا غينيا الجديدة,PG
RAE,Arar Airport,مطار عرعر,Arar,عرعر,Saudi Arabia,السعودية,SA
RAH,Rafha Domestic Airport,مطار رفحاء,Rafha,رفحاء,Saudi Arabia,السعودية,SA
RAI,Nelson Mandela International Airport,مطار فرانسيسكو منديس الدولي,Praia,برايا,Cape Verde,الرأس الأخضر,CV
RAK,Marrakesh Menara Airport,مطار مراكش المنارة,Marrakesh,مراكش,Morocco,المغرب,MA
RAM,Ramingining Airport,Ramingining Airport,Ramingining Airport,Ramingining Airport,Australia,أستراليا,AU
RAO,Leite Lopes Airport,Leite Lopes Airport,Ribeirão Preto,ريبيراو بريتو,Brazil,البرازيل,BR
RAP,Rapid City Regional Airport,Rapid City Regional Airport,Rapid City,رابيد سيتي,United States,الولايات المتحدة,US
RAR,Rarotonga International Airport,مطار راروتونجا الدولي,Avarua,آواروآ,Cook Islands,جزر كوك,CK
RAS,Sardar-e-Jangal Airport,مطار رشت الدولي,Rasht,رشت,Iran,إيران,IR
RBA,Rabat–Salé Airport,مطار الرباط سلا,Rabat,الرباط,Morocco,المغرب,MA
RBB,Borba Airport,Borba Airport,Borba,Borba,Brazil,البرازيل,BR
RBQ,Rurrenabaque Airport,Rurrenabaque Airport,Rurrenabaque,روريناباكوي,Bolivia,بوليفيا,BO
RBR,Rio Branco-Plácido de Castro International Airport,Rio Branco-Plácido de Castro International Airport,Rio Branco,ريو برانكو,Brazil,البرازيل,BR
RBV,Ramata Airport,Ramata Airport,Ramata,Ramata,Solomon Islands,جزر سليمان,SB
RBY,Ruby Airport,Ruby Airport,Ruby,روبي,United States,الولايات المتحدة,US
RCB,Richards Bay Airport,Richards Bay Airport,Richards Bay,Richards Bay,South Africa,جنوب أفريقيا,ZA
RCE,Roche Harbor Airport,Roche Harbor Airport,Roche Harbor,Roche Harbor,United States,الولايات المتحدة,US
RCH,Almirante Padilla Airport,Almirante Padilla Airport,Riohacha,ريوهاتشا,Colombia,كولومبيا,CO
RCM,Richmond Airport,Richmond Airport,Richmond Airport,ريتشموند,Australia,أستراليا,AU
RDD,Redding Municipal Airport,Redding Municipal Airport,Redding,ردينغ,United States,الولايات المتحدة,US
RDM,Roberts Field,Roberts Field,Redmond,Redmond,United States,الولايات المتحدة,US
RDO,Warsaw Radom Airport,Warsaw Radom Airport,Radom,رادوم,Poland,بولندا,PL
RDP,Kazi Nazrul Islam Airport,مطار نذر الإسلام,Durgapur,درغابور,India,الهند,IN
RDU,Raleigh-Durham International Airport,Raleigh-Durham International Airport,Raleigh/Durham,رالي,United States,الولايات المتحدة,US
RDV,Red Devil Airport,Red Devil Airport,Red Devil,Red Devil,United States,الولايات المتحدة,US
RDZ,Rodez–Aveyron Airport,روديز - مطار أفيرون,Rodez/Marcillac,روديز,France,فرنسا,FR
REC,Recife/Guararapes - Gilberto Freyre International Airport,Recife/Guararapes - Gilberto Freyre International Airport,Recife,ريسيفي,Brazil,البرازيل,BR
REG,Reggio Calabria Airport,Reggio Calabria Airport,Reggio Calabria,رية قلورية,Italy,إيطاليا,IT
REL,Almirante Marco Andres Zar Airport,Almirante Marco Andres Zar Airport,Rawson,تريليو,Argentina,الأرجنتين,AR
REN,Orenburg Central Airport,Orenburg Central Airport,Orenburg,أورينبورغ,Russia,روسيا,RU
REP,Siem Reap Angkor International Airport,مطار سييم ريب أنكور الدولي,Siem Reap,سييم ريب,Cambodia,كمبوديا,KH
RER,Retalhuleu Airport,Retalhuleu Airport,Retalhuleu,Retalhuleu,Guatemala,غواتيمالا,GT
RES,Resistencia International Airport,Resistencia International Airport,Resistencia,ريسيستينسيا,Argentina,الأرجنتين,AR
RET,Røst Airport,Røst Airport,Røst,Røst,Norway,النرويج,NO
REU,Reus Airport,مطار ريوس,Reus,ريوس,Spain,إسبانيا,ES
REW,"Rewa Airport, Chorhata, REWA","Rewa Airport, Chorhata, REWA",Rewa,Rewa,India,الهند,IN
REX,General Lucio Blanco International Airport,General Lucio Blanco International Airport,Reynosa,رينوسا,Mexico,المكسيك,MX
RFD,Chicago Rockford International Airport,مطار شيكاغو روكفورد الدولي,Chicago/Rockford,روكفورد,United States,الولايات المتحدة,US
RFP,Raiatea Airport,Raiatea Airport,Uturoa,راياتيا,French Polynesia,بولينيزيا الفرنسية,PF
RGA,Gobernador Ramón Trejo Noel International Airport,Gobernador Ramón Trejo Noel International Airport,Rio Grande,ريو غراندي، تييرا ديل فويغو,Argentina,الأرجنتين,AR
RGI,Rangiroa Airport,Rangiroa Airport,Rangiroa Airport,Rangiroa Airport,French Polynesia,بولينيزيا الفرنسية,PF
RGL,Piloto Civil Norberto Fernández International Airport,Piloto Civil Norberto Fernández International Airport,Rio Gallegos,ريو غاليغوس، سانتا كروز,Argentina,الأرجنتين,AR
RGN,Yangon International Airport,Yangon International Airport,Yangon,يانغون,Myanmar (Burma),ميانمار (بورما),MM
RGO,Orang (Chongjin) Airport,Orang (Chongjin) Airport,Hoemun-ri,تشونغجين,North Korea,كوريا الشمالية,KP
RHD,Termas de Río Hondo international Airport,Termas de Río Hondo international Airport,Termas de Río Hondo,Termas de Río Hondo,Argentina,الأرجنتين,AR
RHI,Rhinelander Oneida County Airport,Rhinelander Oneida County Airport,Rhinelander,رينلاندر,United States,الولايات المتحدة,US
RHO,Rhodes International Airport,مطار رودس الدولي,Rhodes,رودس,Greece,اليونان,GR
RHT,Alxa Right Banner Badanjilin Airport,مطار ألكسا رايت بانير بادانجيلين,Badanjilin,Badanjilin,China,الصين,CN
RIA,Santa Maria Airport,Santa Maria Airport,Santa Maria,سانتا ماريا، ريو غراندي دو سول,Brazil,البرازيل,BR
RIB,Capitán Av. Selin Zeitun Lopez Airport,Capitán Av. Selin Zeitun Lopez Airport,Riberalta,Riberalta,Bolivia,بوليفيا,BO
RIC,Richmond International Airport,Richmond International Airport,Richmond,ريتشموند,United States,الولايات المتحدة,US
RIH,Scarlett Martinez International Airport,Scarlett Martinez International Airport,Río Hato,Río Hato,Panama,بنما,PA
RIS,Rishiri Airport,Rishiri Airport,Rishiri,ريشيري,Japan,اليابان,JP
RIW,Central Wyoming Regional Airport,Central Wyoming Regional Airport,Riverton,ريفرتون,United States,الولايات المتحدة,US
RIX,Riga International Airport,مطار ريغا الدولي,Riga,ريغا,Latvia,لاتفيا,LV
RIY,Riyan International Airport,مطار الريان الدولي,Mukalla(Riyan),المكلا,Yemen,اليمن,YE
RIZ,Rizhao Shanzihe Airport,مطار ريتشاو,Rizhao (Donggang),ريتشاو,China,الصين,CN
RJA,Rajahmundry Airport,مطار راجا ماهندري,Madhurapudi,راجا ماهندري,India,الهند,IN
RJH,Shah Makhdum Airport,مطار شاه مخدوم,Rajshahi,راجشاهي,Bangladesh,بنغلاديش,BD
RJK,Rijeka Airport,مطار رييكا,Rijeka(Omišalj),رييكا,Croatia,كرواتيا,HR
RJL,Logroño-Agoncillo Airport,Logroño-Agoncillo Airport,Logroño,لوغرونيو,Spain,إسبانيا,ES
RJM,Marinda Airport,Marinda Airport,Waisai,Waisai,Indonesia,إندونيسيا,ID
RJN,Rafsanjan Airport,Rafsanjan Airport,Rafsanjan,رفسنجان,Iran,إيران,IR
RKD,Knox County Regional Airport,Knox County Regional Airport,Rockland,روكلاند,United States,الولايات المتحدة,US
RKE,Copenhagen Roskilde Airport,Copenhagen Roskilde Airport,Roskilde,كوبنهاغن,Denmark,الدنمارك,DK
RKI,Mentawai Airport,Mentawai Airport,Sipura Island,سيبورا,Indonesia,إندونيسيا,ID
RKS,Southwest Wyoming Regional Airport,Southwest Wyoming Regional Airport,Rock Springs,روك سبرينغز,United States,الولايات المتحدة,US
RKT,Ras Al Khaimah International Airport,مطار رأس الخيمة الدولي,Ras Al Khaimah,رأس الخيمة,United Arab Emirates,الإمارات,AE
RKV,Reykjavík Domestic Airport,مطار ريكيافيك,Reykjavík,ريكيافيك,Iceland,آيسلندا,IS
RKZ,Xigaze Peace Airport / Shigatse Air Base,مطار شيغاتسي بيس,Xigazê (Samzhubzê),شيغاتسي,China,الصين,CN
RLG,Rostock-Laage Airport,Rostock-Laage Airport,Laage,روستوك,Germany,ألمانيا,DE
RLK,Bayannur Tianjitai Airport,مطار بايانور تيانجيتاي,Bayannur,بايانور,China,الصين,CN
RMA,Roma Airport,Roma Airport,Roma,روما,Australia,أستراليا,AU
RMF,Marsa Alam International Airport,مطار مرسى علم الدولي,Marsa Alam,مرسى علم,Egypt,مصر,EG
RMI,Federico Fellini International Airport,Federico Fellini International Airport,Rimini (RN),ريميني,Italy,إيطاليا,IT
RML,Colombo Ratmalana International Airport,Colombo Ratmalana International Airport,Colombo,كولمبو,Sri Lanka,سريلانكا,LK
RMO,Chişinău International Airport,مطار كيشيناو الدولي,Chişinău,كيشيناو,Moldova,مولدوفا,MD
RMP,Rampart Airport,Rampart Airport,Rampart,Rampart,United States,الولايات المتحدة,US
RMQ,Taichung International Airport / Ching Chuang Kang Air Base,مطار تايتشونغ,Taichung (Qingshui),تاي شانغ,Taiwan,تايوان,TW
RMT,Rimatara Airport,Rimatara Airport,Rimatara Island,ريماتارا,French Polynesia,بولينيزيا الفرنسية,PF
RMU,Region of Murcia International Airport,مطار مرسية الدولي,Corvera,منطقة مرسية,Spain,إسبانيا,ES
RMZ,Tobolsk Remezov Airport,Tobolsk Remezov Airport,Tobolsk,Tobolsk,Russia,روسيا,RU
RNB,Ronneby Airport,Ronneby Airport,Ronneby,كارلسكرونا,Sweden,السويد,SE
RNI,Corn Island Airport,Corn Island Airport,Corn Island,Corn Island,Nicaragua,نيكاراغوا,NI
RNJ,Yoron Airport,Yoron Airport,Yoron,Yoron,Japan,اليابان,JP
RNL,Rennell/Tingoa Airport,Rennell/Tingoa Airport,Rennell Island,Rennell Island,Solomon Islands,جزر سليمان,SB
RNN,Bornholm Airport,Bornholm Airport,Rønne,بورنهولم,Denmark,الدنمارك,DK
RNO,Reno Tahoe International Airport,مطار رينو تاهو الدولي,Reno,رينو,United States,الولايات المتحدة,US
RNP,Rongelap Island Airport,Rongelap Island Airport,Rongelap Island,Rongelap Island,Marshall Islands,جزر مارشال,MH
RNS,Rennes-Saint-Jacques Airport,مطار رين بروتون,"Saint-Jacques-de-la-Lande, Ille-et-Vilaine",رين,France,فرنسا,FR
ROA,Roanoke–Blacksburg Regional Airport,Roanoke–Blacksburg Regional Airport,Roanoke,روانوك,United States,الولايات المتحدة,US
ROB,Roberts International Airport,مطار روبرتس,Monrovia,مونروفيا,Liberia,ليبيريا,LR
ROC,Frederick Douglass Greater Rochester International Airport,Frederick Douglass Greater Rochester International Airport,Rochester,روتشستر,United States,الولايات المتحدة,US
ROI,Roi Et Airport,Roi Et Airport,Roi Et,Roi Et,Thailand,تايلاند,TH
ROK,Rockhampton Airport,Rockhampton Airport,Rockhampton,روكهامبتون,Australia,أستراليا,AU
ROO,Maestro Marinho Franco Airport,Maestro Marinho Franco Airport,Rondonópolis,روندونوبوليس,Brazil,البرازيل,BR
ROP,Rota International Airport,Rota International Airport,Rota Island,Rota Island,Northern Mariana Islands,جزر ماريانا الشمالية,MP
ROR,Roman Tmetuchl International Airport,مطار ميتشيل رومان الدولي,Babelthuap Island,Babelthuap Island,Palau,بالاو,PW
ROS,Rosario Islas Malvinas International Airport,مطار روزاريو الدولية,Rosario,روساريو,Argentina,الأرجنتين,AR
ROT,Rotorua Regional Airport,Rotorua Regional Airport,Rotorua,روتوروا,New Zealand,نيوزيلندا,NZ
ROW,Roswell Air Center Airport,Roswell Air Center Airport,Roswell,روزويل,United States,الولايات المتحدة,US
RPR,Swami Vivekananda Airport,مطار سوامي فيفي كاناندا,Raipur,رايبور,India,الهند,IN
RQA,Ruoqiang Loulan Airport,مطار روغيانغ لولان,Ruoqiang Town,مقاطعة روتشيانغ,China,الصين,CN
RRG,Sir Charles Gaetan Duval Airport,Sir Charles Gaetan Duval Airport,Port Mathurin,Port Mathurin,Mauritius,موريشيوس,MU
RRR,Raroia Airport,Raroia Airport,Raroia,Raroia,French Polynesia,بولينيزيا الفرنسية,PF
RRS,Røros Airport,Røros Airport,Røros,روروس,Norway,النرويج,NO
RSA,Santa Rosa Airport,Santa Rosa Airport,Santa Rosa,سانتا روزا,Argentina,الأرجنتين,AR
RSD,Rock Sound International Airport,Rock Sound International Airport,Rock Sound,Rock Sound,Bahamas,جزر البهاما,BS
RSH,Russian Mission Airport,Russian Mission Airport,Russian Mission,روسيان ميسجن,United States,الولايات المتحدة,US
RSI,Red Sea International Airport,مطار البحر الأحمر,Hanak,Hanak,Saudi Arabia,السعودية,SA
RST,Rochester International Airport,Rochester International Airport,Rochester,Rochester,United States,الولايات المتحدة,US
RSU,Yeosu Airport,Yeosu Airport,Yeosu,يوسو,South Korea,كوريا الجنوبية,KR
RSW,Southwest Florida International Airport,Southwest Florida International Airport,Fort Myers,فورت مايرز,United States,الولايات المتحدة,US
RTA,Rotuma Airport,مطار روتوما,Rotuma,روتوما,Fiji,فيجي,FJ
RTB,Juan Manuel Gálvez International Airport,Juan Manuel Gálvez International Airport,Coxen Hole,رواتان,Honduras,هندوراس,HN
RTG,Frans Sales Lega Airport,Frans Sales Lega Airport,"Satar Tacik, Manggarai","Satar Tacik, Manggarai",Indonesia,إندونيسيا,ID
RTI,David Constantijn Saudale Airport,David Constantijn Saudale Airport,Ba'a - Rote Island,Ba'a - Rote Island,Indonesia,إندونيسيا,ID
RTM,Rotterdam The Hague Airport,مطار روتردام لاهاي,Rotterdam,روتردام,Netherlands,هولندا,NL
RUA,Arua Airport,Arua Airport,Arua,أروا,Uganda,أوغندا,UG
RUH,King Khalid International Airport,مطار الملك خالد الدولي,Riyadh,الرياض,Saudi Arabia,السعودية,SA
RUL,Maavaarulaa Airport,Maavaarulaa Airport,Maavaarulu,Maavaarulu,Maldives,المالديف,MV
RUN,Roland Garros Airport,Roland Garros Airport,Sainte-Marie,سان ديني,Réunion,روينيون,RE
RUR,Rurutu Airport,Rurutu Airport,Rurutu Airport,روروتو,French Polynesia,بولينيزيا الفرنسية,PF
RUS,Marau Airport,Marau Airport,Marau,Marau,Solomon Islands,جزر سليمان,SB
RUT,Rutland - Southern Vermont Regional Airport,Rutland - Southern Vermont Regional Airport,Rutland,روتلاند,United States,الولايات المتحدة,US
RVE,Los Colonizadores Airport,Los Colonizadores Airport,Saravena,Saravena,Colombia,كولومبيا,CO
RVK,"Rørvik Airport, Ryum","Rørvik Airport, Ryum",Rørvik,رورفيك,Norway,النرويج,NO
RVN,Rovaniemi Airport,Rovaniemi Airport,Rovaniemi,روفانييمي,Finland,فنلندا,FI
RVV,Raivavae Airport,Raivavae Airport,Raivavae Airport,رايفافاي,French Polynesia,بولينيزيا الفرنسية,PF
RVY,Pres. Gral. Óscar D. Gestido Binational Airport,Pres. Gral. Óscar D. Gestido Binational Airport,Rivera/Santana do Livramento,ريفيرا,Uruguay,أورغواي,UY
RXS,Roxas Airport,مطار روكساس,Roxas City,روكساس,Philippines,الفلبين,PH
RYK,Shaikh Zaid Airport,Shaikh Zaid Airport,Rahim Yar Khan,رحيم يار خان,Pakistan,باكستان,PK
RYO,28 de Noviembre Airport,28 de Noviembre Airport,Rio Turbio,Rio Turbio,Argentina,الأرجنتين,AR
RZE,Rzeszów-Jasionka Airport,Rzeszów-Jasionka Airport,Jasionka,جيشوف,Poland,بولندا,PL
RZR,Ramsar Airport,Ramsar Airport,Ramsar,رامسر,Iran,إيران,IR
RZV,Rize–Artvin Airport,مطار ريزا-أرتوين,Rize,ولاية أرتوين,Türkiye,تركيا,TR
SAB,Juancho E. Yrausquin Airport,Juancho E. Yrausquin Airport,Zion's Hill,ذي بوتوم,Caribbean Netherlands,هولندا الكاريبية,BQ
SAF,Santa Fe Municipal Airport,Santa Fe Municipal Airport,Santa Fe,سانتا فيه,United States,الولايات المتحدة,US
SAG,Shirdi International Airport,Shirdi International Airport,Kakadi,Kakadi,India,الهند,IN
SAH,Sanaa International Airport,مطار صنعاء الدولي,Sanaa,صنعاء,Yemen,اليمن,YE
SAI,Siem Reap-Angkor International Airport,Siem Reap-Angkor International Airport,Siem Reap,Siem Reap,Cambodia,كمبوديا,KH
SAL,El Salvador International Airport Saint Óscar Arnulfo Romero y Galdámez,مطار إل سلفادور الدولي,San Salvador (San Luis Talpa),السلفادور,El Salvador,السلفادور,SV
SAN,San Diego International Airport,مطار سان دييغو الدولي,San Diego,سان دييغو,United States,الولايات المتحدة,US
SAP,Ramón Villeda Morales International Airport,مطار رامون فييدا موراليس الدولي,San Pedro Sula,سان بيدرو سولا,Honduras,هندوراس,HN
SAQ,San Andros Airport,San Andros Airport,Andros Island,Andros Island,Bahamas,جزر البهاما,BS
SAT,San Antonio International Airport,مطار سان أنطونيو الدولي,San Antonio,سان أنطونيو,United States,الولايات المتحدة,US
SAV,Savannah Hilton Head International Airport,Savannah Hilton Head International Airport,Savannah,سافانا,United States,الولايات المتحدة,US
SAW,Sabiha Gökçen International Airport,مطار صبيحة كوكجن الدولي,Istanbul,إسطنبول,Türkiye,تركيا,TR
SBA,Santa Barbara Municipal Airport,Santa Barbara Municipal Airport,Santa Barbara,سانتا باربارا,United States,الولايات المتحدة,US
SBD,San Bernardino International Airport,San Bernardino International Airport,San Bernardino,سان برناردينو,United States,الولايات المتحدة,US
SBH,St. Jean Airport,St. Jean Airport,Gustavia,سان بارتيلمي,St. Barthélemy,سان بارتليمي,BL
SBN,South Bend International Airport,South Bend International Airport,South Bend,ساوث بند,United States,الولايات المتحدة,US
SBP,San Luis County Regional Airport,San Luis County Regional Airport,San Luis Obispo,سان لويس أوبيسبو,United States,الولايات المتحدة,US
SBR,Saibai Island Airport,Saibai Island Airport,Saibai Island,جزيرة سيباي,Australia,أستراليا,AU
SBT,Sabetta International Airport,Sabetta International Airport,Sabetta,Sabetta,Russia,روسيا,RU
SBW,Sibu Airport,Sibu Airport,Sibu,Sibu,Malaysia,ماليزيا,MY
SBY,Salisbury Ocean City Wicomico Regional Airport,Salisbury Ocean City Wicomico Regional Airport,Salisbury,سالزبوري,United States,الولايات المتحدة,US
SBZ,Sibiu International Airport,مطار سيبيو الدولي,Sibiu,سيبيو,Romania,رومانيا,RO
SCC,Deadhorse Airport,مطار ديدهورس,Deadhorse,Deadhorse,United States,الولايات المتحدة,US
SCE,State College Regional Airport,State College Regional Airport,State College,ستيت كولج,United States,الولايات المتحدة,US
SCK,Stockton Metropolitan Airport,Stockton Metropolitan Airport,Stockton,ستوكتون,United States,الولايات المتحدة,US
SCL,Arturo Merino Benítez International Airport,مطار سانتياغو الدولي,Santiago,سانتياغو,Chile,تشيلي,CL
SCM,Scammon Bay Airport,Scammon Bay Airport,Scammon Bay,سكامون باي,United States,الولايات المتحدة,US
SCN,Saarbrücken Airport,Saarbrücken Airport,Saarbrücken,ساربروكن,Germany,ألمانيا,DE
SCO,Aktau International Airport,مطار آكتاو,Aktau,أكتاو,Kazakhstan,كازاخستان,KZ
SCQ,Santiago-Rosalía de Castro Airport,Santiago-Rosalía de Castro Airport,Santiago de Compostela,شنت ياقُب,Spain,إسبانيا,ES
SCR,Scandinavian Mountains Airport,Scandinavian Mountains Airport,Malung-Sälen,تريسيل,Sweden,السويد,SE
SCT,Socotra Airport,مطار سقطرى,Mori,سقطرى,Yemen,اليمن,YE
SCU,Antonio Maceo International Airport,Antonio Maceo International Airport,Santiago,سانتياغو دي كوبا,Cuba,كوبا,CU
SCV,Suceava Ștefan cel Mare International Airport,مطار سوسيفا,Suceava,سجاوة,Romania,رومانيا,RO
SCW,Syktyvkar Airport,Syktyvkar Airport,Syktyvkar,سيكتيفكار,Russia,روسيا,RU
SCY,San Cristóbal Airport,San Cristóbal Airport,Puerto Baquerizo Moreno,أرخبيل غالاباغوس,Ecuador,الإكوادور,EC
SCZ,Santa Cruz/Graciosa Bay/Luova Airport,Santa Cruz/Graciosa Bay/Luova Airport,Santa Cruz/Graciosa Bay/Luova,Santa Cruz/Graciosa Bay/Luova,Solomon Islands,جزر سليمان,SB
SDD,Lubango Mukanka International Airport,Lubango Mukanka International Airport,Lubango,لوبانغو,Angola,أنغولا,AO
SDE,Vicecomodoro Angel D. La Paz Aragonés Airport,Vicecomodoro Angel D. La Paz Aragonés Airport,Santiago del Estero,سانتياغو ديل استيرو,Argentina,الأرجنتين,AR
SDF,Louisville Muhammad Ali International Airport,مطار محمد علي الدولي,Louisville,لويفيل,United States,الولايات المتحدة,US
SDG,Sanandaj Airport,Sanandaj Airport,Sanandaj Airport,سنندج,Iran,إيران,IR
SDJ,Sendai Airport,مطار سنداي,Natori,سنداي,Japan,اليابان,JP
SDK,Sandakan Airport,Sandakan Airport,Sandakan,إقليم سانداكان,Malaysia,ماليزيا,MY
SDL,Sundsvall-Härnösand Airport,Sundsvall-Härnösand Airport,Sundsvall/ Härnösand,Sundsvall/ Härnösand,Sweden,السويد,SE
SDN,"Sandane Airport, Anda","Sandane Airport, Anda",Sandane,Sandane,Norway,النرويج,NO
SDP,Sand Point Airport,Sand Point Airport,Sand Point,ساند بوينت,United States,الولايات المتحدة,US
SDQ,Las Américas International Airport,مطار لاس أمريكا الدولي,Santo Domingo,سانتو دومينغو,Dominican Republic,جمهورية الدومينيكان,DO
SDR,Seve Ballesteros-Santander Airport,مطار سانتاندير,Santander,شنت أندر,Spain,إسبانيا,ES
SDS,Sado Airport,Sado Airport,Sado,سادو,Japan,اليابان,JP
SDU,Santos Dumont Airport,Santos Dumont Airport,Rio de Janeiro,ريو دي جانيرو,Brazil,البرازيل,BR
SDW,Sindhudurg Airport,Sindhudurg Airport,Chipi,Chipi,India,الهند,IN
SDY,Sidney - Richland Regional Airport,Sidney - Richland Regional Airport,Sidney,سيدني,United States,الولايات المتحدة,US
SEA,Seattle–Tacoma International Airport,مطار سياتل تاكوما الدولي,Seattle,سياتل,United States,الولايات المتحدة,US
SEB,Sabha Airport,مطار سبها الدولي,Sabha,سبها,Libya,ليبيا,LY
SEK,Srednekolymsk Airport,Srednekolymsk Airport,Srednekolymsk,سريدنكوليمسك,Russia,روسيا,RU
SEN,London Southend Airport,مطار لندن ساوثند,"Southend-on-Sea, Essex",لندن,United Kingdom,المملكة المتحدة,GB
SET,Santa Magalhães Airport,Santa Magalhães Airport,Serra Talhada,Serra Talhada,Brazil,البرازيل,BR
SEU,Seronera Airport,Seronera Airport,Seronera,Seronera,Tanzania,تنزانيا,TZ
SEZ,Seychelles International Airport,مطار سيشل الدولي,Mahé,ماهي,Seychelles,سيشل,SC
SFA,Sfax Thyna International Airport,مطار صفاقس طينة الدولي,Sfax,صفاقس,Tunisia,تونس,TN
SFB,Orlando Sanford International Airport,مطار أورلاندو سانفورد الدولي,Orlando,أورلاندو,United States,الولايات المتحدة,US
SFC,St-François Airport,St-François Airport,St-François,سان فرانسوا,Guadeloupe,غوادلوب,GP
SFG,Grand Case-l'Espérance Airport,Grand Case-l'Espérance Airport,Grand Case,سانت مارتن,St. Martin,سان مارتن,MF
SFJ,Kangerlussuaq International Airport,مطار كانجرلوسواك,Kangerlussuaq,كانجرلوسواك,Greenland,غرينلاند,GL
SFL,São Filipe Airport,São Filipe Airport,São Filipe,São Filipe,Cape Verde,الرأس الأخضر,CV
SFN,Sauce Viejo Airport,Sauce Viejo Airport,Santa Fe,سانتا في,Argentina,الأرجنتين,AR
SFO,San Francisco International Airport,مطار سان فرانسيسكو الدولي,San Francisco,سان فرانسيسكو,United States,الولايات المتحدة,US
SFS,Subic Bay International Airport / Naval Air Station Cubi Point,Subic Bay International Airport / Naval Air Station Cubi Point,Olongapo,زامباله,Philippines,الفلبين,PH
SFT,Skellefteå Airport,Skellefteå Airport,Skellefteå,سكيلفتيا,Sweden,السويد,SE
SGC,Surgut International Airport,مطار سورغوت,Surgut,سورغوت,Russia,روسيا,RU
SGD,Sønderborg Airport,Sønderborg Airport,Sønderborg,Sønderborg,Denmark,الدنمارك,DK
SGF,Springfield Branson National Airport,Springfield Branson National Airport,Springfield,سبرينغفيلد,United States,الولايات المتحدة,US
SGN,Tan Son Nhat International Airport,مطار تان سون نات الدولي,Ho Chi Minh City,هو تشي منه,Vietnam,فيتنام,VN
SGO,St George Airport,St George Airport,St George Airport,St George Airport,Australia,أستراليا,AU
SGU,St George Regional Airport,St George Regional Airport,St George,سانت جورج,United States,الولايات المتحدة,US
SGY,Skagway Airport,Skagway Airport,Skagway,سكاغواي,United States,الولايات المتحدة,US
SHA,Shanghai Hongqiao International Airport,مطار شانغهاي هونغكياو الدولي,Shanghai (Minhang),شانغهاي,China,الصين,CN
SHB,Nakashibetsu Airport,Nakashibetsu Airport,Nakashibetsu,ناكاشيبيتسو,Japan,اليابان,JP
SHC,Shire Inda Selassie Airport,Shire Inda Selassie Airport,Shire Inda Selassie,Shire Inda Selassie,Ethiopia,إثيوبيا,ET
SHD,Shenandoah Valley Regional Airport,Shenandoah Valley Regional Airport,Weyers Cave,ستونتون,United States,الولايات المتحدة,US
SHE,Shenyang Taoxian International Airport,مطار شنيانغ تاوكسيان الدولي,Shenyang,شنيانغ,China,الصين,CN
SHF,Shihezi Huayuan Airport,مطار شيهيزي هوايوان,Shihezi,Shihezi,China,الصين,CN
SHG,Shungnak Airport,Shungnak Airport,Shungnak,شونغناك,United States,الولايات المتحدة,US
SHH,Shishmaref Airport,Shishmaref Airport,Shishmaref,شيشماريف,United States,الولايات المتحدة,US
SHI,Shimojishima Airport,Shimojishima Airport,Miyakojima,Miyakojima,Japan,اليابان,JP
SHJ,Sharjah International Airport,مطار الشارقة الدولي,Sharjah,الشارقة,United Arab Emirates,الإمارات,AE
SHL,Shillong Airport,مطار شيلونغ,Shillong,شيلونغ,India,الهند,IN
SHM,Nanki Shirahama Airport,Nanki Shirahama Airport,Shirahama,Shirahama,Japan,اليابان,JP
SHO,King Mswati III International Airport,مطار مسواتي الثالث الدولي,Mpaka,منزيني,Eswatini,إسواتيني,SZ
SHR,Sheridan County Airport,Sheridan County Airport,Sheridan,شيريدان,United States,الولايات المتحدة,US
SHS,Jingzhou Shashi Airport,Jingzhou Shashi Airport,Jingzhou (Shashi),جينغتشو,China,الصين,CN
SHV,Shreveport Regional Airport,Shreveport Regional Airport,Shreveport,شريفبورت,United States,الولايات المتحدة,US
SHW,Sharurah Airport,مطار شرورة,Sharurah,شرورة,Saudi Arabia,السعودية,SA
SHY,Shinyanga Airport,مطار شينيانغا,Shinyanga,شينيانغا,Tanzania,تنزانيا,TZ
SID,Amílcar Cabral International Airport,مطار أميلكار كابرال الدولي,Espargos,سال، الرأس الأخضر,Cape Verde,الرأس الأخضر,CV
SIF,Simara Airport,Simara Airport,Simara,Simara,Nepal,نيبال,NP
SIG,Fernando Luis Ribas Dominicci Airport,Fernando Luis Ribas Dominicci Airport,San Juan,سان خوان,Puerto Rico,بورتوريكو,PR
SIH,Silgadi Doti Airport,Silgadi Doti Airport,Silgadi Doti,Silgadi Doti,Nepal,نيبال,NP
SIN,Singapore Changi Airport,مطار سنغافورة شانغي,Singapore,سنغافورة,Singapore,سنغافورة,SG
SIS,Sishen Airport,Sishen Airport,Sishen,Sishen,South Africa,جنوب أفريقيا,ZA
SIT,Sitka Rocky Gutierrez Airport,Sitka Rocky Gutierrez Airport,Sitka,سيتكا,United States,الولايات المتحدة,US
SJC,Mineta San Jose International Airport,مطار سان خوسيه الدولي,San Jose,سان خوسيه,United States,الولايات المتحدة,US
SJD,Los Cabos International Airport,Los Cabos International Airport,San José del Cabo,كابو سان لوكاس,Mexico,المكسيك,MX
SJE,Jorge E. Gonzalez Torres Airport,Jorge E. Gonzalez Torres Airport,San José Del Guaviare,سان خوسيه ديل غوافياري,Colombia,كولومبيا,CO
SJI,San Jose Airport,مطار سان خوسيه,San Jose,سان خوسيه، الفلبين,Philippines,الفلبين,PH
SJJ,Sarajevo International Airport,مطار سراييفو الدولي,Sarajevo,سراييفو,Bosnia and Herzegovina,البوسنة والهرسك,BA
SJK,Professor Urbano Ernesto Stumpf Airport,Professor Urbano Ernesto Stumpf Airport,São José Dos Campos,ساو جوزيه دوس كامبوس,Brazil,البرازيل,BR
SJL,São Gabriel da Cachoeira Airport,São Gabriel da Cachoeira Airport,São Gabriel da Cachoeira,سائو غابريل دا كاشويرا,Brazil,البرازيل,BR
SJO,Juan Santamaría International Airport,مطار خوان سانتاماريا الدولي,San José (Alajuela),سان خوسيه,Costa Rica,كوستاريكا,CR
SJP,Prof. Eribelto Manoel Reino State Airport,Prof. Eribelto Manoel Reino State Airport,São José do Rio Preto,ساو جوزية دو ريو بريتو,Brazil,البرازيل,BR
SJT,San Angelo Regional Mathis Field,San Angelo Regional Mathis Field,San Angelo,San Angelo,United States,الولايات المتحدة,US
SJU,Luis Munoz Marin International Airport,مطار لويس مارين مونيوز,San Juan,سان خوان,Puerto Rico,بورتوريكو,PR
SJW,Shijiazhuang Zhengding International Airport,مطار شيجياتشوانغ تشنغدينغ الدولي,Shijiazhuang,شيجياتشوانغ,China,الصين,CN
SJZ,São Jorge Airport,São Jorge Airport,Velas,Velas,Portugal,البرتغال,PT
SKB,Robert L. Bradshaw International Airport,Robert L. Bradshaw International Airport,Basseterre,باستير,St. Kitts & Nevis,سانت كيتس ونيفيس,KN
SKD,Samarkand International Airport,مطار سمرقند الدولي,Samarkand,سمرقند,Uzbekistan,أوزبكستان,UZ
SKG,Thessaloniki Airport,مطار ثيسالونيكي,Thessaloniki,ثيسالونيكي,Greece,اليونان,GR
SKH,Surkhet Airport,Surkhet Airport,Surkhet,بريندريغار,Nepal,نيبال,NP
SKK,Shaktoolik Airport,Shaktoolik Airport,Shaktoolik,شاكتوليك,United States,الولايات المتحدة,US
SKN,"Stokmarknes Airport, Skagen","Stokmarknes Airport, Skagen",Hadsel,Hadsel,Norway,النرويج,NO
SKO,Sadiq Abubakar III International Airport,مطار صديق أبو بكر الثالث الدولي,Sokoto,ولاية سقطو,Nigeria,نيجيريا,NG
SKP,Skopje International Airport,مطار سكوبيه الدولي,Skopje,سكوبيه,North Macedonia,مقدونيا الشمالية,MK
SKT,Sialkot International Airport,مطار سيالكوت الدولي,Sialkot,سيالكوت,Pakistan,باكستان,PK
SKU,Skiros Airport,Skiros Airport,Skiros Island,سكيروس,Greece,اليونان,GR
SKX,Saransk International Airport,Saransk International Airport,Saransk,سارانسك,Russia,روسيا,RU
SKZ,Begum Nusrat Bhutto International Airport Sukkur,Begum Nusrat Bhutto International Airport Sukkur,Sukkur,سكھر,Pakistan,باكستان,PK
SLA,Martín Miguel de Güemes International Airport,Martín Miguel de Güemes International Airport,Salta,سالتا,Argentina,الأرجنتين,AR
SLC,Salt Lake City International Airport,مطار سولت ليك سيتي الدولي,Salt Lake City,سولت ليك سيتي,United States,الولايات المتحدة,US
SLD,Sliač Airport,Sliač Airport,Sliač,سلياتس,Slovakia,سلوفاكيا,SK
SLE,Salem-Willamette Valley Airport/McNary Field,Salem-Willamette Valley Airport/McNary Field,Salem,سايلم,United States,الولايات المتحدة,US
SLH,Sola Airport,Sola Airport,Sola,فانوا لافا,Vanuatu,فانواتو,VU
SLI,Solwesi Airport,مطار سولويزي,Solwesi,Solwesi,Zambia,زامبيا,ZM
SLK,Adirondack Regional Airport,Adirondack Regional Airport,Saranac Lake,سارانك ليك,United States,الولايات المتحدة,US
SLL,Salalah International Airport,مطار صلالة الدولي,Salalah,صلالة,Oman,عُمان,OM
SLM,Salamanca Airport,مطار شلمنقة,Salamanca,شلمنقة,Spain,إسبانيا,ES
SLN,Salina Municipal Airport,Salina Municipal Airport,Salina,سالينا,United States,الولايات المتحدة,US
SLP,Ponciano Arriaga International Airport,Ponciano Arriaga International Airport,San Luis Potosí,سان لويس بوتوسي,Mexico,المكسيك,MX
SLQ,Sleetmute Airport,Sleetmute Airport,Sleetmute,Sleetmute,United States,الولايات المتحدة,US
SLU,George F. L. Charles Airport,George F. L. Charles Airport,Castries,كاستريس,St. Lucia,سانت لوسيا,LC
SLW,Plan de Guadalupe International Airport,Plan de Guadalupe International Airport,Saltillo,سالتيو,Mexico,المكسيك,MX
SLX,Salt Cay Airport,Salt Cay Airport,Salt Cay,Salt Cay,Turks & Caicos Islands,جزر توركس وكايكوس,TC
SLY,Salekhard Airport,Salekhard Airport,Salekhard,سالخارد,Russia,روسيا,RU
SLZ,Marechal Cunha Machado International Airport,Marechal Cunha Machado International Airport,São Luís,ساو لويز,Brazil,البرازيل,BR
SMA,Santa Maria Airport,Santa Maria Airport,Vila do Porto,Vila do Porto,Portugal,البرتغال,PT
SMF,Sacramento International Airport,Sacramento International Airport,Sacramento,ساكرامنتو,United States,الولايات المتحدة,US
SMI,Samos Airport,Samos Airport,Samos Island,فاثي,Greece,اليونان,GR
SMK,St Michael Airport,St Michael Airport,St Michael,سانت مايكل,United States,الولايات المتحدة,US
SML,Stella Maris Airport,Stella Maris Airport,Stella Maris,جزيرة لونغ,Bahamas,جزر البهاما,BS
SMN,Lemhi County Airport,Lemhi County Airport,Salmon,Salmon,United States,الولايات المتحدة,US
SMQ,Sampit (H.Asan) Airport,Sampit (H.Asan) Airport,Sampit,Sampit,Indonesia,إندونيسيا,ID
SMR,Simón Bolívar International Airport,Simón Bolívar International Airport,Santa Marta,سانتا مارتا,Colombia,كولومبيا,CO
SMS,Sainte Marie Airport,Sainte Marie Airport,Vohilava,جزيرة سانت ماري,Madagascar,مدغشقر,MG
SMT,Adolino Bedin Regional Airport,Adolino Bedin Regional Airport,Sorriso,Sorriso,Brazil,البرازيل,BR
SMW,Smara Airport,مطار السمارة,Smara,السمارة,Western Sahara,الصحراء الغربية,EH
SMX,Santa Maria Public Airport Captain G Allan Hancock Field,Santa Maria Public Airport Captain G Allan Hancock Field,Santa Maria,سانتا ماريا,United States,الولايات المتحدة,US
SNA,John Wayne Orange County International Airport,John Wayne Orange County International Airport,Santa Ana,مقاطعة أورانج,United States,الولايات المتحدة,US
SNB,Snake Bay Airport,Snake Bay Airport,Milikapiti,جزيرة ملفيل,Australia,أستراليا,AU
SNC,General Ulpiano Paez International Airport,General Ulpiano Paez International Airport,Salinas/La Libertad,ساليناس,Ecuador,الإكوادور,EC
SNE,Preguiça Airport,Preguiça Airport,Preguiça,ساو نيكولاو,Cape Verde,الرأس الأخضر,CV
SNN,Shannon Airport,مطار شانون,Shannon,ليمريك,Ireland,أيرلندا,IE
SNO,Sakon Nakhon Airport,Sakon Nakhon Airport,Sakon Nakhon Airport,Sakon Nakhon Airport,Thailand,تايلاند,TH
SNP,St Paul Island Airport,St Paul Island Airport,St Paul Island,St Paul Island,United States,الولايات المتحدة,US
SNU,Abel Santamaria International Airport,Abel Santamaria International Airport,Santa Clara,سانتا كلارا,Cuba,كوبا,CU
SNV,Santa Elena de Uairén Airport,Santa Elena de Uairén Airport,Santa Elena de Uairén,سانتا إلينا دي وايرن,Venezuela,فنزويلا,VE
SNW,Thandwe Airport,Thandwe Airport,Thandwe,Thandwe,Myanmar (Burma),ميانمار (بورما),MM
SNX,Semnan Municipal Airport,Semnan Municipal Airport,Semnan,مدينة سمنان,Iran,إيران,IR
SOB,Hévíz–Balaton Airport,Hévíz–Balaton Airport,Sármellék,Sármellék,Hungary,المجر,HU
SOC,Adisoemarmo International Airport,مطار أديسومارمو,Surakarta,سوراكارتا,Indonesia,إندونيسيا,ID
SOD,Sorocaba Airport,Sorocaba Airport,Sorocaba,سوروكابا,Brazil,البرازيل,BR
SOF,Sofia Airport,مطار صوفيا,Sofia,صوفيا,Bulgaria,بلغاريا,BG
SOG,"Sogndal Airport, Haukåsen","Sogndal Airport, Haukåsen",Sogndal,Sogndal,Norway,النرويج,NO
SOJ,Sørkjosen Airport,Sørkjosen Airport,Sørkjosen,Sørkjosen,Norway,النرويج,NO
SOM,San Tomé Airport,San Tomé Airport,El Tigre,إل تيغري,Venezuela,فنزويلا,VE
SON,Santo Pekoa International Airport,Santo Pekoa International Airport,Luganville,لوغانفيل,Vanuatu,فانواتو,VU
SOQ,Domine Eduard Osok Airport,Domine Eduard Osok Airport,Sorong,سورونغ,Indonesia,إندونيسيا,ID
SOU,Southampton Airport,مطار ساوثهامبتون,Southampton,ساوثهامبتون,United Kingdom,المملكة المتحدة,GB
SOV,Seldovia Airport,Seldovia Airport,Seldovia,Seldovia,United States,الولايات المتحدة,US
SOW,Show Low Regional Airport,Show Low Regional Airport,Show Low,شو لو,United States,الولايات المتحدة,US
SOY,Stronsay Airport,Stronsay Airport,Stronsay,Stronsay,United Kingdom,المملكة المتحدة,GB
SPC,La Palma Airport,مطار لا بالما,"Sta Cruz de la Palma, La Palma Island",سانتا كروث دي لا بالما,Spain,إسبانيا,ES
SPD,Saidpur Airport,مطار سيدبور,Saidpur,منطقة سيدفور,Bangladesh,بنغلاديش,BD
SPI,Abraham Lincoln Capital Airport,مطار أبراهام لينكون العاصمة,Springfield,سبرينغفيلد,United States,الولايات المتحدة,US
SPN,Saipan International Airport,Saipan International Airport,"I Fadang, Saipan","I Fadang, Saipan",Northern Mariana Islands,جزر ماريانا الشمالية,MP
SPP,Menongue Airport,Menongue Airport,Menongue,مينونغي,Angola,أنغولا,AO
SPR,John Greif II Airport,John Greif II Airport,San Pedro,جزيرة أمبرغريس كاي,Belize,بليز,BZ
SPS,Wichita Falls Municipal Airport / Sheppard Air Force Base,Wichita Falls Municipal Airport / Sheppard Air Force Base,Wichita Falls,ويتشيتا فولز,United States,الولايات المتحدة,US
SPU,Split Airport,مطار سبليت,Split,سبليت,Croatia,كرواتيا,HR
SPX,Sphinx International Airport,مطار خليج هيوستن,Al Jiza,هيوستن,Egypt,مصر,EG
SPY,San Pedro Airport,San Pedro Airport,San Pedro Airport,سان بيدرو,Côte d’Ivoire,ساحل العاج,CI
SQD,Shangrao Sanqingshan Airport,مطار شيانغراو سانغينغشان,Shangrao (Hengfeng),شانغراو,China,الصين,CN
SQG,Tebelian Airport,Tebelian Airport,Sintang,Sintang,Indonesia,إندونيسيا,ID
SQJ,Sanming Shaxian Airport,مطار سانمينغ شياتشيان,Sanming (Sha),سامينغ,China,الصين,CN
SQL,San Carlos Airport,مطار سان كارلوس (كاليفورنيا),San Carlos,سان كارلوس,United States,الولايات المتحدة,US
SRA,Luis Alberto Lehr Airport,Luis Alberto Lehr Airport,Santa Rosa,Santa Rosa,Brazil,البرازيل,BR
SRE,Alcantarí International Airport,Alcantarí International Airport,Sucre,سوكري,Bolivia,بوليفيا,BO
SRG,Jenderal Ahmad Yani Airport,مطار أحمد ياني الدولي,Semarang,سمارانغ,Indonesia,إندونيسيا,ID
SRL,Palo Verde Airport,Palo Verde Airport,Mulegé,سانتا روزاليا,Mexico,المكسيك,MX
SRP,"Stord Airport, Sørstokken","Stord Airport, Sørstokken",Leirvik,Leirvik,Norway,النرويج,NO
SRQ,Sarasota Bradenton International Airport,Sarasota Bradenton International Airport,Sarasota/Bradenton,ساراسوتا,United States,الولايات المتحدة,US
SRT,Soroti Airport,Soroti Airport,Soroti,سوروتي,Uganda,أوغندا,UG
SRV,Stony River 2 Airport,Stony River 2 Airport,Stony River,Stony River,United States,الولايات المتحدة,US
SRY,Sari Dasht-e Naz International Airport,Sari Dasht-e Naz International Airport,Sari,Sari,Iran,إيران,IR
SRZ,El Trompillo Airport,El Trompillo Airport,Santa Cruz,سانتا كروز دي لا سييرا,Bolivia,بوليفيا,BO
SSA,Deputado Luiz Eduardo Magalhães International Airport,Deputado Luiz Eduardo Magalhães International Airport,Salvador,سالفادور,Brazil,البرازيل,BR
SSG,Malabo International Airport,مطار مالابو,Malabo,مالابو,Equatorial Guinea,غينيا الاستوائية,GQ
SSH,Sharm El Sheikh International Airport,مطار شرم الشيخ الدولي,Sharm El Sheikh,شرم الشيخ,Egypt,مصر,EG
SSJ,"Sandnessjøen Airport, Stokka","Sandnessjøen Airport, Stokka",Alstahaug,ساندنشان,Norway,النرويج,NO
SSR,Sara Airport,Sara Airport,Pentecost Island,Pentecost Island,Vanuatu,فانواتو,VU
SST,Santa Teresita Airport,Santa Teresita Airport,Santa Teresita,Santa Teresita,Argentina,الأرجنتين,AR
SSW,Stuart Island Airpark,Stuart Island Airpark,Friday Harbor,Friday Harbor,United States,الولايات المتحدة,US
SSY,Mbanza Congo Airport,Mbanza Congo Airport,Mbanza Congo,Mbanza Congo,Angola,أنغولا,AO
STC,Saint Cloud Regional Airport,Saint Cloud Regional Airport,Saint Cloud,سانت كلاود,United States,الولايات المتحدة,US
STD,Mayor Buenaventura Vivas International Airport,Mayor Buenaventura Vivas International Airport,Santo Domingo,سان كريستوبال,Venezuela,فنزويلا,VE
STG,St George Airport,St George Airport,St George,سانت جورج,United States,الولايات المتحدة,US
STI,Cibao International Airport,Cibao International Airport,Santiago,سانتياغو دي لوس كاباليروس,Dominican Republic,جمهورية الدومينيكان,DO
STL,St. Louis Lambert International Airport,مطار سانت لويس الدولي,St Louis,سانت لويس,United States,الولايات المتحدة,US
STM,Santarém - Maestro Wilson Fonseca International Airport,Santarém - Maestro Wilson Fonseca International Airport,Santarém,سانتاريم,Brazil,البرازيل,BR
STN,London Stansted Airport,مطار لندن ستانستد,London,لندن,United Kingdom,المملكة المتحدة,GB
STR,Stuttgart Airport,مطار شتوتغارت الدولي,Stuttgart,شتوتغارت,Germany,ألمانيا,DE
STS,Charles M. Schulz Sonoma County Airport,Charles M. Schulz Sonoma County Airport,Santa Rosa,سانتا روسا,United States,الولايات المتحدة,US
STT,Cyril E. King Airport,Cyril E. King Airport,Charlotte Amalie,شارلوت أمالي,U.S. Virgin Islands,جزر فيرجن الأمريكية,VI
STV,Surat International Airport,مطار سورت,Surat,Surat,India,الهند,IN
STW,Stavropol Shpakovskoye Airport,Stavropol Shpakovskoye Airport,Stavropol,ستافروبول,Russia,روسيا,RU
STX,Henry E. Rohlsen Airport,Henry E. Rohlsen Airport,Christiansted,سينت كروا,U.S. Virgin Islands,جزر فيرجن الأمريكية,VI
SUB,Juanda International Airport,مطار جواندا الدولي,Surabaya,سورابايا,Indonesia,إندونيسيا,ID
SUF,Lamezia Terme Sant'Eufemia International Airport,Lamezia Terme Sant'Eufemia International Airport,Lamezia Terme (CZ),لاميتسيا تيرمي,Italy,إيطاليا,IT
SUG,Surigao Airport,Surigao Airport,Surigao City,مدينة سوريجاو,Philippines,الفلبين,PH
SUI,Vladislav Ardzinba Sukhum International Airport,Vladislav Ardzinba Sukhum International Airport,Sukhumi,سوخومي,Georgia,جورجيا,GE
SUJ,Satu Mare International Airport,Satu Mare International Airport,Satu Mare,ساتو ماري,Romania,رومانيا,RO
SUK,Sakkyryr Airport,Sakkyryr Airport,Batagay-Alyta,باتاغاي-آليتا,Russia,روسيا,RU
SUN,Friedman Memorial Airport,Friedman Memorial Airport,Hailey,كيتشوم,United States,الولايات المتحدة,US
SUR,Summer Beaver Airport,Summer Beaver Airport,Summer Beaver,Summer Beaver,Canada,كندا,CA
SUV,Nausori International Airport,مطار ناوسوري الدولي,Nausori,سوفا,Fiji,فيجي,FJ
SUX,Sioux Gateway Airport / Brigadier General Bud Day Field,مطار سيوكس سيتي,Sioux City,سو سيتي,United States,الولايات المتحدة,US
SUY,Suntar Airport,Suntar Airport,Suntar,Suntar,Russia,روسيا,RU
SVA,Savoonga Airport,Savoonga Airport,Savoonga,سافونغا,United States,الولايات المتحدة,US
SVB,Sambava Airport,Sambava Airport,Sambava,محافظة سامبافا,Madagascar,مدغشقر,MG
SVC,Grant County Airport,Grant County Airport,Silver City,سيلفر سيتي,United States,الولايات المتحدة,US
SVD,Argyle International Airport,Argyle International Airport,Kingstown,كينغستاون,St. Vincent & Grenadines,سانت فنسنت وجزر غرينادين,VC
SVG,"Stavanger Airport, Sola",مطار ستافانغر الدولي,Stavanger,ستافانغر,Norway,النرويج,NO
SVI,Eduardo Falla Solano Airport,Eduardo Falla Solano Airport,San Vicente Del Caguán,سان فيسينت ديل كاغوان,Colombia,كولومبيا,CO
SVJ,"Svolvær Airport, Helle","Svolvær Airport, Helle",Svolvær,Svolvær,Norway,النرويج,NO
SVL,Savonlinna Airport,مطار سافونلينا,Savonlinna,سافونلينا,Finland,فنلندا,FI
SVO,Sheremetyevo International Airport,مطار شيريميتيفو الدولي,Moscow,موسكو,Russia,روسيا,RU
SVQ,Seville Airport,مطار إشبيلية,Seville,إشبيلية,Spain,إسبانيا,ES
SVS,Stevens Village Airport,Stevens Village Airport,Stevens Village,Stevens Village,United States,الولايات المتحدة,US
SVU,Savusavu Airport,مطار سافوسافو,Savusavu,Savusavu,Fiji,فيجي,FJ
SVX,Koltsovo Airport,مطار كولتسوفو الدولي,Yekaterinburg,يكاترينبورغ,Russia,روسيا,RU
SVZ,Juan Vicente Gómez International Airport,Juan Vicente Gómez International Airport,San Antonio del Tachira,San Antonio del Tachira,Venezuela,فنزويلا,VE
SWA,Jieyang Chaoshan International Airport,مطار جييانغ شاوشان,Jieyang (Rongcheng),جي يانغ,China,الصين,CN
SWF,New York Stewart International Airport,New York Stewart International Airport,Newburgh,وادي هدسون,United States,الولايات المتحدة,US
SWL,San Vicente Airport,San Vicente Airport,San Vicente,San Vicente,Philippines,الفلبين,PH
SWO,Stillwater Regional Airport,Stillwater Regional Airport,Stillwater,ستيلووتر,United States,الولايات المتحدة,US
SWQ,Sultan Muhammad Kaharuddin III Airport,Sultan Muhammad Kaharuddin III Airport,Sumbawa Besar,سمباوا بيسار,Indonesia,إندونيسيا,ID
SWX,Shakawe Airport,Shakawe Airport,Shakawe,Shakawe,Botswana,بوتسوانا,BW
SXB,Strasbourg Airport,مطار ستراسبورغ,Strasbourg,ستراسبورغ,France,فرنسا,FR
SXK,Mathilda Batlayeri Airport,مطار ماتيلدا باتلايري,Saumlaki-Yamdena Island,Saumlaki-Yamdena Island,Indonesia,إندونيسيا,ID
SXM,Princess Juliana International Airport,مطار الأميرة جوليانا الدولي,Sint Maarten,فيليبسبورغ,Sint Maarten,سانت مارتن,SX
SXP,Nunam Iqua Airport,Nunam Iqua Airport,Nunam Iqua,Nunam Iqua,United States,الولايات المتحدة,US
SXR,Srinagar International Airport,مطار سرينغر,Srinagar,سري نكر,India,الهند,IN
SYD,Sydney Kingsford Smith Airport,مطار سيدني,Sydney,سيدني,Australia,أستراليا,AU
SYM,Pu'er Simao Airport,مطار بوير سيماو,Pu'er,مدينة بوير,China,الصين,CN
SYO,Shonai Airport,Shonai Airport,Shonai,ساكاتا، ياماغاتا,Japan,اليابان,JP
SYQ,Tobías Bolaños International Airport,Tobías Bolaños International Airport,San Jose,سان خوسيه,Costa Rica,كوستاريكا,CR
SYR,Syracuse Hancock International Airport,Syracuse Hancock International Airport,Syracuse,سيراكيوز,United States,الولايات المتحدة,US
SYS,Saskylakh Airport,Saskylakh Airport,Saskylakh,Saskylakh,Russia,روسيا,RU
SYU,Warraber Island Airport,Warraber Island Airport,Sue Islet,Sue Islet,Australia,أستراليا,AU
SYX,Sanya Phoenix International Airport,مطار سانيا فينيكس الدولي,Sanya (Tianya),سانيا,China,الصين,CN
SYY,Stornoway Airport,Stornoway Airport,"Stornoway, Western Isles","Stornoway, Western Isles",United Kingdom,المملكة المتحدة,GB
SYZ,Shiraz Shahid Dastghaib International Airport,مطار شيراز الدولي,Shiraz,شيراز,Iran,إيران,IR
SZA,Soyo Airport,Soyo Airport,Soyo,سويو,Angola,أنغولا,AO
SZB,Sultan Abdul Aziz Shah International Airport,مطار السلطان عبد العزيز شاه,Subang,سوبانغ جايا,Malaysia,ماليزيا,MY
SZE,Semera Airport,Semera Airport,Semera,سمرا,Ethiopia,إثيوبيا,ET
SZF,Samsun-Çarşamba Airport,Samsun-Çarşamba Airport,Samsun,سمسون,Türkiye,تركيا,TR
SZG,Salzburg Airport,مطار سالزبورغ,Salzburg,سالزبورغ,Austria,النمسا,AT
SZH,Shuozhou Zirun Airport,Shuozhou Zirun Airport,Shuozhou,Shuozhou,China,الصين,CN
SZI,Zaysan Airport,Zaysan Airport,Zaysan,زايسان,Kazakhstan,كازاخستان,KZ
SZK,Skukuza Airport,Skukuza Airport,Skukuza,متنزه كروغر الوطني,South Africa,جنوب أفريقيا,ZA
SZX,Shenzhen Bao'an International Airport,مطار شنتشن باوان الدولي,Shenzhen,شنتشن,China,الصين,CN
SZY,Olsztyn-Mazury Airport,Olsztyn-Mazury Airport,Szymany,Szymany,Poland,بولندا,PL
SZZ,Solidarity Szczecin–Goleniów Airport,Solidarity Szczecin–Goleniów Airport,Szczecin(Glewice),شتشيتشين,Poland,بولندا,PL
TAB,A.N.R. Robinson International Airport,A.N.R. Robinson International Airport,Scarborough,سكاربوروغ,Trinidad & Tobago,ترينيداد وتوباغو,TT
TAC,Daniel Z. Romualdez Airport,مطار تاكلوبان,Tacloban City,تاكلوبان,Philippines,الفلبين,PH
TAE,Daegu International Airport,Daegu International Airport,Daegu,دايغو,South Korea,كوريا الجنوبية,KR
TAG,Bohol-Panglao International Airport,مطار تاغبيلاران,Panglao,تاغبيلاران,Philippines,الفلبين,PH
TAH,Whitegrass Airport,Whitegrass Airport,Tanna Island,Tanna Island,Vanuatu,فانواتو,VU
TAI,Taiz International Airport,مطار تعز الدولي,Taiz,تعز,Yemen,اليمن,YE
TAK,Takamatsu Airport,Takamatsu Airport,Takamatsu,تاكاماتسو، كاغاوا,Japan,اليابان,JP
TAL,Ralph M Calhoun Memorial Airport,Ralph M Calhoun Memorial Airport,Tanana,تانانا,United States,الولايات المتحدة,US
TAM,General Francisco Javier Mina International Airport,General Francisco Javier Mina International Airport,Ciudad Madero,تامبيكو,Mexico,المكسيك,MX
TAO,Qingdao Jiaodong International Airport,مطار تشينغداو ليوتينغ الدولي,Qingdao (Jiaozhou),تشينغداو,China,الصين,CN
TAP,Tapachula International Airport,Tapachula International Airport,Tapachula,تاباتشولا، غواتيمالا,Mexico,المكسيك,MX
TAS,Tashkent International Airport,مطار طشقند الدولي,Tashkent,طشقند,Uzbekistan,أوزبكستان,UZ
TAT,Poprad-Tatry Airport,Poprad-Tatry Airport,Poprad,بوبراد,Slovakia,سلوفاكيا,SK
TAY,Tartu Airport,Tartu Airport,Tartu,تارتو,Estonia,إستونيا,EE
TAZ,Dashoguz International Airport,Dashoguz International Airport,Daşoguz,داشوغوز,Turkmenistan,تركمانستان,TM
TBB,Dong Tac Airport,Dong Tac Airport,Tuy Hoa,توي هوا,Vietnam,فيتنام,VN
TBG,Tabubil Airport,Tabubil Airport,Tabubil,Tabubil,Papua New Guinea,بابوا غينيا الجديدة,PG
TBH,Tugdan Airport,Tugdan Airport,Tablas Island,Tablas Island,Philippines,الفلبين,PH
TBI,New Bight Airport,New Bight Airport,Cat Island,Cat Island,Bahamas,جزر البهاما,BS
TBJ,Tabarka-Aïn Draham International Airport,مطار طبرقة عين دراهم الدولي,Tabarka,طبرقة,Tunisia,تونس,TN
TBM,Tumbang Samba Airport,Tumbang Samba Airport,Tumbang Samba-Borneo Island,Tumbang Samba-Borneo Island,Indonesia,إندونيسيا,ID
TBN,Waynesville-St. Robert Regional Airport-Forney Field,Waynesville-St. Robert Regional Airport-Forney Field,Fort Leonard Wood,وينسفيل,United States,الولايات المتحدة,US
TBO,Tabora Airport,مطار تابورا,Tabora,Tabora,Tanzania,تنزانيا,TZ
TBP,Captain Pedro Canga Rodríguez International Airport,Captain Pedro Canga Rodríguez International Airport,Tumbes,تومبيس,Peru,بيرو,PE
TBS,Tbilisi International Airport,مطار تبليسي الدولي,Tbilisi,تبليسي,Georgia,جورجيا,GE
TBT,Tabatinga International Airport,Tabatinga International Airport,Tabatinga,تاباتينغا,Brazil,البرازيل,BR
TBU,Fua'amotu International Airport,Fua'amotu International Airport,Nuku'alofa,نوكو ألوفا,Tonga,تونغا,TO
TBZ,Tabriz International Airport,مطار تبريز الدولي,Tabriz,تبريز,Iran,إيران,IR
TCA,Tennant Creek Airport,Tennant Creek Airport,Tennant Creek,Tennant Creek,Australia,أستراليا,AU
TCB,Treasure Cay Airport,Treasure Cay Airport,Treasure Cay,Treasure Cay,Bahamas,جزر البهاما,BS
TCD,Tarapacá Airport,Tarapacá Airport,Tarapacá,Tarapacá,Colombia,كولومبيا,CO
TCG,Tacheng Qianquan Airport,مطار تاشيهينغ قيانتشوان,Tacheng,تاتشنغ,China,الصين,CN
TCO,La Florida Airport,La Florida Airport,Tumaco,توماكو,Colombia,كولومبيا,CO
TCP,Taba International Airport,مطار طابا الدولي,Taba,طابا,Egypt,مصر,EG
TCQ,Coronel FAP Carlos Ciriani Santa Rosa International Airport,Coronel FAP Carlos Ciriani Santa Rosa International Airport,Tacna,تاكنا,Peru,بيرو,PE
TCR,Tuticorin Airport,Tuticorin Airport,Vagaikulam,ذوثوكدي,India,الهند,IN
TCT,Takotna Airport,Takotna Airport,Takotna,Takotna,United States,الولايات المتحدة,US
TCZ,Tengchong Tuofeng Airport,مطار تينغشونغ توفينغ,Baoshan (Tengchong),تنغتشونغ,China,الصين,CN
TDD,Teniente Av. Jorge Henrich Arauz Airport,Teniente Av. Jorge Henrich Arauz Airport,Trinidad,ترينيداد، بوليفيا,Bolivia,بوليفيا,BO
TDK,Taldykorgan Airport,Taldykorgan Airport,Taldykorgan,تالديكورغان,Kazakhstan,كازاخستان,KZ
TDS,Sasereme Airport,Sasereme Airport,Sasereme,Sasereme,Papua New Guinea,بابوا غينيا الجديدة,PG
TDX,Trat Airport,Trat Airport,Laem Ngop,محافظة ترات,Thailand,تايلاند,TH
TEB,Teterboro Airport,Teterboro Airport,Teterboro,Teterboro,United States,الولايات المتحدة,US
TEE,Cheikh Larbi Tébessi Airport,مطار تبسة - الشيخ العربي التبسي,Tébessi,تبسة,Algeria,الجزائر,DZ
TEK,Tatitlek Airport,Tatitlek Airport,Tatitlek,Tatitlek,United States,الولايات المتحدة,US
TEN,Tongren Fenghuang Airport,مطار تونغرين فينغوانغ,Tongren (Daxing),تونغران,China,الصين,CN
TEQ,Tekirdağ Çorlu Airport,Tekirdağ Çorlu Airport,Çorlu,جورلي,Türkiye,تركيا,TR
TER,Lajes Airport,قاعدة لاجيس فيلد,Praia da Vitória,برايا دي فيتوريا,Portugal,البرتغال,PT
TET,Tete Airport,Tete Airport,Tete,تيتي,Mozambique,موزمبيق,MZ
TEX,Telluride Regional Airport,Telluride Regional Airport,Telluride,تيلورايد,United States,الولايات المتحدة,US
TEZ,Tezpur Airport,Tezpur Airport,Tezpur Airport,Tezpur Airport,India,الهند,IN
TFF,Tefé Airport,Tefé Airport,Tefé,تيفي,Brazil,البرازيل,BR
TFI,Tufi Airport,Tufi Airport,Tufi,Tufi,Papua New Guinea,بابوا غينيا الجديدة,PG
TFN,Tenerife Norte-Ciudad de La Laguna Airport,مطار تنريفه الشمالي,Tenerife,سانتا كروث دي تنريفه,Spain,إسبانيا,ES
TFS,Tenerife South Airport,مطار تينيريفي الجنوبي,Tenerife,تينيريفي,Spain,إسبانيا,ES
TFU,Chengdu Tianfu International Airport,مطار تشنغدو تيانفو الدولي,Chengdu (Jianyang),تشنغدو,China,الصين,CN
TGD,Podgorica Airport,مطار بودغوريتسا,Podgorica,بودغوريتسا,Montenegro,الجبل الأسود,ME
TGG,Sultan Mahmud Airport,Sultan Mahmud Airport,Kuala Terengganu,ترغكانو,Malaysia,ماليزيا,MY
TGH,Tongoa Airport,Tongoa Airport,Tongoa Island,Tongoa Island,Vanuatu,فانواتو,VU
TGJ,Tiga Airport,Tiga Airport,Tiga,Tiga,New Caledonia,كاليدونيا الجديدة,NC
TGM,Târgu Mureş Transilvania International Airport,Târgu Mureş Transilvania International Airport,Recea,تارغو موريش,Romania,رومانيا,RO
TGO,Tongliao Airport,مطار تونغلياو,Tongliao,تونغلياو,China,الصين,CN
TGQ,Tangará da Serra Airport,Tangará da Serra Airport,Tangará da Serra,Tangará da Serra,Brazil,البرازيل,BR
TGR,Touggourt Sidi Madhi Airport,مطار تقرت - سيدي مهدي,Touggourt,تقرت,Algeria,الجزائر,DZ
TGT,Tanga Airport,مطار تانغا,Tanga,تنجا,Tanzania,تنزانيا,TZ
TGU,Toncontín Airport,Toncontín Airport,Tegucigalpa,تيغوسيغالبا,Honduras,هندوراس,HN
TGZ,Angel Albino Corzo International Airport,Angel Albino Corzo International Airport,Tuxtla Gutiérrez,توكستلا غوتيريز,Mexico,المكسيك,MX
THD,Tho Xuan Airport,مطار ثو شوان,Thanh Hóa,تان هوا,Vietnam,فيتنام,VN
THE,Senador Petrônio Portela Airport,Senador Petrônio Portela Airport,Teresina,تيريسينا,Brazil,البرازيل,BR
THG,Thangool Airport,Thangool Airport,Biloela,بيلويلا,Australia,أستراليا,AU
THL,Tachileik Airport,Tachileik Airport,Tachileik,Tachileik,Myanmar (Burma),ميانمار (بورما),MM
THN,Trollhättan-Vänersborg Airport,Trollhättan-Vänersborg Airport,Trollhättan,ترولهتان,Sweden,السويد,SE
THO,Þórshöfn Airport,Þórshöfn Airport,Þórshöfn,Þórshöfn,Iceland,آيسلندا,IS
THQ,Tianshui Maijishan Airport,مطار تيانشوي ماجيشهان,Tianshui (Maiji),تيانشوي,China,الصين,CN
THR,Mehrabad International Airport,مطار مهر آباد الدولي,Tehran,طهران,Iran,إيران,IR
THS,Sukhothai Airport,Sukhothai Airport,Sukhothai Airport,محافظة سوكوتاي,Thailand,تايلاند,TH
THX,Turukhansk Airport,Turukhansk Airport,Turukhansk,ريف توروخانسك,Russia,روسيا,RU
TIA,Tirana International Airport,مطار تيرانا الدولي,Tirana,تيرانا,Albania,ألبانيا,AL
TIE,Tippi Airport,Tippi Airport,Tippi,Tippi,Ethiopia,إثيوبيا,ET
TIF,Taif International Airport,مطار الطائف الدولي,Taif,الطائف,Saudi Arabia,السعودية,SA
TIH,Tikehau Airport,Tikehau Airport,Tuherahera,Tuherahera,French Polynesia,بولينيزيا الفرنسية,PF
TIJ,General Abelardo L. Rodriguez International Airport,General Abelardo L. Rodriguez International Airport,Tijuana,باها كاليفورنيا,Mexico,المكسيك,MX
TIM,Mozes Kilangin Airport,Mozes Kilangin Airport,Timika,تيميكا,Indonesia,إندونيسيا,ID
TIN,Tindouf Airport,مطار تندوف,Tindouf,تندوف,Algeria,الجزائر,DZ
TIQ,Francisco Manglona Borja / Tinian International Airport,Francisco Manglona Borja / Tinian International Airport,Tinian Island,Tinian Island,Northern Mariana Islands,جزر ماريانا الشمالية,MP
TIR,Tirupati International Airport,مطار تيروباتي,Tirupati,تيروباتي,India,الهند,IN
TIU,Timaru Airport,Timaru Airport,Timaru Airport,تيمارو,New Zealand,نيوزيلندا,NZ
TIV,Tivat Airport,Tivat Airport,Tivat,تيفات,Montenegro,الجبل الأسود,ME
TIW,Tacoma Narrows Airport,Tacoma Narrows Airport,Tacoma,تاكوما,United States,الولايات المتحدة,US
TIZ,Tari Airport,Tari Airport,Tari,Tari,Papua New Guinea,بابوا غينيا الجديدة,PG
TJA,Capitan Oriel Lea Plaza Airport,Capitan Oriel Lea Plaza Airport,Tarija,تاريخا، بوليفيا,Bolivia,بوليفيا,BO
TJG,Warukin Airport,Warukin Airport,Tanta-Tabalong,Tanta-Tabalong,Indonesia,إندونيسيا,ID
TJH,Konotori Tajima Airport,Konotori Tajima Airport,Toyooka,تويوكا، هيوغو,Japan,اليابان,JP
TJK,Tokat Airport,مطار توقاد,Tokat,توقاد,Türkiye,تركيا,TR
TJL,Plínio Alarcom Airport,Plínio Alarcom Airport,Três Lagoas,تريس لاغواس,Brazil,البرازيل,BR
TJM,Roshchino International Airport,مطار روشينو الدولي,Tyumen,تيومين,Russia,روسيا,RU
TJQ,H A S Hanandjoeddin International Airport,مطار هاناند جودين الدولي,Tanjung Pandan,Tanjung Pandan,Indonesia,إندونيسيا,ID
TJS,Tanjung Harapan Airport,Tanjung Harapan Airport,Tanjung Selor-Borneo Island,Tanjung Selor-Borneo Island,Indonesia,إندونيسيا,ID
TJU,Kulob International Airport,Kulob International Airport,Kulob,كولاب,Tajikistan,طاجيكستان,TJ
TKD,Takoradi Airport,مطار تاكورادي,Sekondi-Takoradi,سيكوندي تاكورادي,Ghana,غانا,GH
TKF,Truckee Tahoe Airport,Truckee Tahoe Airport,Truckee,تروكي,United States,الولايات المتحدة,US
TKG,Radin Inten II International Airport,مطار رادين إنتن الثاني الدولي,Bandar Lampung,لامبونغ,Indonesia,إندونيسيا,ID
TKJ,Tok Junction Airport,Tok Junction Airport,Tok,توك,United States,الولايات المتحدة,US
TKK,Chuuk International Airport,Chuuk International Airport,Weno Island,Weno Island,Micronesia,ميكرونيزيا,FM
TKM,Taksimo Airport,Taksimo Airport,Taksimo,Taksimo,Russia,روسيا,RU
TKN,Tokunoshima Airport,Tokunoshima Airport,Amagi,Amagi,Japan,اليابان,JP
TKP,Takapoto Airport,Takapoto Airport,Takapoto Airport,Takapoto Airport,French Polynesia,بولينيزيا الفرنسية,PF
TKQ,Kigoma Airport,مطار كيغوما,Kigoma,كيغوما,Tanzania,تنزانيا,TZ
TKS,Tokushima Awaodori Airport / JMSDF Tokushima Air Base,Tokushima Awaodori Airport / JMSDF Tokushima Air Base,Tokushima,توكوشيما,Japan,اليابان,JP
TKU,Turku Airport,Turku Airport,Turku,توركو,Finland,فنلندا,FI
TKV,Tatakoto Airport,Tatakoto Airport,Tatakoto,Tatakoto,French Polynesia,بولينيزيا الفرنسية,PF
TKX,Takaroa Airport,Takaroa Airport,Takaroa Airport,Takaroa Airport,French Polynesia,بولينيزيا الفرنسية,PF
TLA,Teller Airport,Teller Airport,Teller,تيلير,United States,الولايات المتحدة,US
TLC,Adolfo López Mateos International Airport,Adolfo López Mateos International Airport,Toluca,تولوكا,Mexico,المكسيك,MX
TLE,Toliara Airport,Toliara Airport,Toliara,توليارا,Madagascar,مدغشقر,MG
TLH,Tallahassee International Airport,Tallahassee International Airport,Tallahassee,تالاهاسي,United States,الولايات المتحدة,US
TLI,Sultan Bantilan Airport,Sultan Bantilan Airport,Toli Toli-Celebes Island,Toli Toli-Celebes Island,Indonesia,إندونيسيا,ID
TLL,Tallinn Airport,مطار تالين,Tallinn,تالين,Estonia,إستونيا,EE
TLM,Zenata – Messali El Hadj Airport,مطار تلمسان - زناتة - مصالي الحاج,Zenata,تلمسان,Algeria,الجزائر,DZ
TLN,Toulon-Hyères Airport,مطار تولون هيريس,"Hyères, Var",تولون,France,فرنسا,FR
TLQ,Turpan Jiaohe Airport,مطار توربان جياهوي,Turpan,توربان,China,الصين,CN
TLS,Toulouse-Blagnac Airport,مطار تولوز بلانياك,Toulouse/Blagnac,تولوز,France,فرنسا,FR
TLT,Tuluksak Airport,Tuluksak Airport,Tuluksak,تولوكساك,United States,الولايات المتحدة,US
TLU,Golfo de Morrosquillo Airport,Golfo de Morrosquillo Airport,Santiago de Tolú,Santiago de Tolú,Colombia,كولومبيا,CO
TLV,Ben Gurion International Airport,مطار بن غوريون الدولي,Tel Aviv,القدس,Israel,إسرائيل,IL
TLY,Plastun Airport,Plastun Airport,Plastun,Plastun,Russia,روسيا,RU
TMC,Tambolaka Airport,Tambolaka Airport,Radamata,Radamata,Indonesia,إندونيسيا,ID
TME,Gustavo Vargas Airport,Gustavo Vargas Airport,Tame,Tame,Colombia,كولومبيا,CO
TMF,Thimarafushi Airport,Thimarafushi Airport,Thimarafushi,كولهومادولهو أتول,Maldives,المالديف,MV
TMG,Tomanggong Airport,Tomanggong Airport,Tomanggong,Tomanggong,Malaysia,ماليزيا,MY
TMH,Tanah Merah Airport,Tanah Merah Airport,Tanah Merah,Tanah Merah,Indonesia,إندونيسيا,ID
TMI,Tumling Tar Airport,Tumling Tar Airport,Tumling Tar,Tumling Tar,Nepal,نيبال,NP
TMJ,Termez Airport,Termez Airport,Termez,ترمذ,Uzbekistan,أوزبكستان,UZ
TML,Yakubu Tali International Airport,Yakubu Tali International Airport,Tamale,تامالي,Ghana,غانا,GH
TMM,Toamasina Ambalamanasy Airport,Toamasina Ambalamanasy Airport,Toamasina,تواماسينا,Madagascar,مدغشقر,MG
TMP,Tampere-Pirkkala Airport,Tampere-Pirkkala Airport,Tampere / Pirkkala,تامبيري,Finland,فنلندا,FI
TMR,Aguenar – Hadj Bey Akhamok Airport,مطار تمنراست أقنار - حاج باي أخاموك,Tamanrasset,تمنراست,Algeria,الجزائر,DZ
TMS,São Tomé International Airport,مطار ساو تومي,São Tomé,ساو تومي,São Tomé & Príncipe,ساو تومي وبرينسيبي,ST
TMT,Trombetas Airport,Trombetas Airport,Oriximiná,أوريكسمينا,Brazil,البرازيل,BR
TMW,Tamworth Airport,Tamworth Airport,Tamworth,تامورث,Australia,أستراليا,AU
TMX,Timimoun Airport,مطار تيميمون,Timimoun,تيميمون,Algeria,الجزائر,DZ
TNA,Jinan Yaoqiang International Airport,مطار جينان الدولي,Jinan (Licheng),جينان,China,الصين,CN
TNC,Tin City Long Range Radar Station Airport,Tin City Long Range Radar Station Airport,Tin City,Tin City,United States,الولايات المتحدة,US
TND,Alberto Delgado Airport,Alberto Delgado Airport,Trinidad,ترينداد,Cuba,كوبا,CU
TNE,New Tanegashima Airport,New Tanegashima Airport,Tanegashima,Tanegashima,Japan,اليابان,JP
TNG,Tangier Ibn Battouta Airport,مطار طنجة ابن بطوطة,Tangier,طنجة,Morocco,المغرب,MA
TNH,Tonghua Sanyuanpu Airport,مطار تونغهوا,Tonghua,تونغهوا,China,الصين,CN
TNJ,Raja Haji Fisabilillah International Airport,Raja Haji Fisabilillah International Airport,Tanjung Pinang-Bintan Island,تانجونغ,Indonesia,إندونيسيا,ID
TNK,Tununak Airport,Tununak Airport,Tununak,تونوناك,United States,الولايات المتحدة,US
TNN,Tainan International Airport / Tainan Air Base,مطار تاينان,Tainan (Rende),تاينان,Taiwan,تايوان,TW
TNR,Ivato International Airport,مطار إيفاتو الدولي,Antananarivo,أنتانانريفو,Madagascar,مدغشقر,MG
TOD,Tioman Airport,Tioman Airport,Tioman Island,مادة دافعة,Malaysia,ماليزيا,MY
TOE,Tozeur Nefta International Airport,مطار توزر نفطة الدولي,Tozeur,نفطة,Tunisia,تونس,TN
TOF,Tomsk Kamov Airport,مطار تومسك,Tomsk,تومسك,Russia,روسيا,RU
TOG,Togiak Airport,Togiak Airport,Togiak Village,توغياك,United States,الولايات المتحدة,US
TOL,Eugene F. Kranz Toledo Express Airport,Eugene F. Kranz Toledo Express Airport,Toledo,توليدو,United States,الولايات المتحدة,US
TOM,Tombouktou Airport,مطار تمبكتو,Timbuktu,تمبكتو,Mali,مالي,ML
TOS,Tromsø Airport,Tromsø Airport,Tromsø,ترومسو,Norway,النرويج,NO
TOU,Touho Airport,Touho Airport,Touho,Touho,New Caledonia,كاليدونيا الجديدة,NC
TOW,Toledo - Luiz Dalcanale Filho Municipal Airport,Toledo - Luiz Dalcanale Filho Municipal Airport,Toledo,توليدو,Brazil,البرازيل,BR
TOY,Toyama Kitokito Airport,Toyama Kitokito Airport,Toyama,توياما، توياما,Japan,اليابان,JP
TPA,Tampa International Airport,مطار تامبا الدولي,Tampa,تامبا,United States,الولايات المتحدة,US
TPE,Taiwan Taoyuan International Airport,مطار تايوان تاويوان الدولي,Taipei,تايبيه,Taiwan,تايوان,TW
TPI,Tapini Airport,Tapini Airport,Tapini,Tapini,Papua New Guinea,بابوا غينيا الجديدة,PG
TPJ,Taplejung Airport,Taplejung Airport,Taplejung,Taplejung,Nepal,نيبال,NP
TPP,Cadete FAP Guillermo Del Castillo Paredes Airport,Cadete FAP Guillermo Del Castillo Paredes Airport,Tarapoto,تارابوتو,Peru,بيرو,PE
TPQ,Amado Nervo National Airport,Amado Nervo National Airport,Tepic,تبيك,Mexico,المكسيك,MX
TPS,Vincenzo Florio Airport Trapani-Birgi,مطار تراباني-بيرغي,Trapani (TP),طرابنش,Italy,إيطاليا,IT
TQO,Felipe Carrillo Puerto International Airport Tulum,Felipe Carrillo Puerto International Airport Tulum,Tulum,Tulum,Mexico,المكسيك,MX
TRA,Tarama Airport,Tarama Airport,Tarama,تاراما,Japan,اليابان,JP
TRC,Francisco Sarabia Tinoco International Airport,Francisco Sarabia Tinoco International Airport,Torreón,توريون,Mexico,المكسيك,MX
TRD,"Trondheim Airport, Værnes",مطار تروندهايم، فارنيس,Trondheim,تروندلاغ,Norway,النرويج,NO
TRE,Tiree Airport,Tiree Airport,"Balemartine, Argyll and Bute","Balemartine, Argyll and Bute",United Kingdom,المملكة المتحدة,GB
TRF,"Sandefjord Airport, Torp",مطار ساندفيورد، تورب,Sandefjord(Torp),ساندفيورد,Norway,النرويج,NO
TRG,Tauranga Airport,Tauranga Airport,Tauranga,تاورانجا,New Zealand,نيوزيلندا,NZ
TRI,Tri-Cities Regional TN/VA Airport,Tri-Cities Regional TN/VA Airport,Blountville,Blountville,United States,الولايات المتحدة,US
TRK,Juwata International Airport / Suharnoko Harbani AFB,مطار جوواتا,Tarakan,تاراكان,Indonesia,إندونيسيا,ID
TRN,Turin Airport,مطار تورينو,Turin,تورينو,Italy,إيطاليا,IT
TRR,China Bay Airport,China Bay Airport,Trincomalee,ترينكومالي,Sri Lanka,سريلانكا,LK
TRS,Trieste Airport,Trieste Airport,Ronchi dei Legionari/Trieste,ترييستي,Italy,إيطاليا,IT
TRT,Toraja Airport,Toraja Airport,Toraja,Toraja,Indonesia,إندونيسيا,ID
TRU,Capitán FAP Carlos Martínez de Pinillos International Airport,Capitán FAP Carlos Martínez de Pinillos International Airport,Trujillo,تروخيلو,Peru,بيرو,PE
TRV,Thiruvananthapuram International Airport,مطار تيروفانانثابورام الدولي,Thiruvananthapuram,تيروفانانثابورام,India,الهند,IN
TRW,Bonriki International Airport,مطار بونريكي الدولي,South Tarawa,تاراوا,Kiribati,كيريباتي,KI
TRZ,Tiruchirappalli International Airport,مطار تيروتشيرابالي الدولي,Tiruchirappalli,تيريوشيراببالي,India,الهند,IN
TSA,Taipei Songshan International Airport,مطار تايبيه سونغشان,Taipei (Songshan),تايبيه,Taiwan,تايوان,TW
TSF,Treviso Airport,مطار تريفيزو,Treviso (TV),البندقية,Italy,إيطاليا,IT
TSJ,Tsushima Airport,Tsushima Airport,Tsushima,تسوشيما,Japan,اليابان,JP
TSM,Taos Regional Airport,Taos Regional Airport,Taos,تاوس,United States,الولايات المتحدة,US
TSN,Tianjin Binhai International Airport,مطار تيانجين الدولي,Tianjin,تيانجين,China,الصين,CN
TSR,Timișoara Traian Vuia International Airport,مطار ترايان فويا الدولي,Timişoara,مقاطعة تيميش,Romania,رومانيا,RO
TST,Trang Airport,Trang Airport,Trang,ترانغ,Thailand,تايلاند,TH
TSV,Townsville Airport / RAAF Base Townsville,Townsville Airport / RAAF Base Townsville,Townsville,تاونسفيل,Australia,أستراليا,AU
TTA,Tan Tan Airport,مطار طانطان الشاطئ الأبيض,Tan Tan,طانطان,Morocco,المغرب,MA
TTE,Sultan Babullah Airport,Sultan Babullah Airport,Ternate,جزيرة تيرنات,Indonesia,إندونيسيا,ID
TTJ,Tottori Sand Dunes Conan Airport,Tottori Sand Dunes Conan Airport,Tottori,توتوري,Japan,اليابان,JP
TTN,Trenton Mercer Airport,Trenton Mercer Airport,Ewing Township,ترنتون,United States,الولايات المتحدة,US
TTS,Tsaratanana Airport,Tsaratanana Airport,Tsaratanana,Tsaratanana,Madagascar,مدغشقر,MG
TTT,Taitung Airport,Taitung Airport,Taitung City,Taitung City,Taiwan,تايوان,TW
TTU,Sania Ramel Airport,مطار تطوان سانية الرمل,Tétouan,تطوان,Morocco,المغرب,MA
TUA,Lieutenant Colonel Luis A. Mantilla International Airport,Lieutenant Colonel Luis A. Mantilla International Airport,Tulcán,Tulcán,Ecuador,الإكوادور,EC
TUB,Tubuai Airport,Tubuai Airport,Tubuai Airport,توبواي,French Polynesia,بولينيزيا الفرنسية,PF
TUC,Teniente Benjamín Matienzo International Airport,Teniente Benjamín Matienzo International Airport,San Miguel de Tucumán,سان ميغيل دي توكومان,Argentina,الأرجنتين,AR
TUF,Tours Val de Loire Airport,مطار تورس,"Tours, Indre-et-Loire",تور,France,فرنسا,FR
TUG,Tuguegarao Airport,مطار توغويغاراو,Tuguegarao City,تيغيغيوراو,Philippines,الفلبين,PH
TUI,Turaif Domestic Airport,مطار طريف,Turaif,طريف,Saudi Arabia,السعودية,SA
TUK,Turbat International Airport,مطار تربت الدولي,Turbat,تُربت,Pakistan,باكستان,PK
TUL,Tulsa International Airport,Tulsa International Airport,Tulsa,تلسا,United States,الولايات المتحدة,US
TUN,Tunis–Carthage International Airport,مطار تونس قرطاج الدولي,Tunis,تونس,Tunisia,تونس,TN
TUO,Taupo Airport,Taupo Airport,Taupo,تاوبو,New Zealand,نيوزيلندا,NZ
TUP,Tupelo Regional Airport,Tupelo Regional Airport,Tupelo,توبيلو,United States,الولايات المتحدة,US
TUR,Tucuruí Airport,Tucuruí Airport,Tucuruí,توكوروي,Brazil,البرازيل,BR
TUS,Tucson International Airport,مطار توسان الدولي,Tucson,توسان,United States,الولايات المتحدة,US
TUU,Tabuk Airport,مطار تبوك,Tabuk,تبوك,Saudi Arabia,السعودية,SA
TVC,Cherry Capital Airport,Cherry Capital Airport,Traverse City,ترافيرس سيتي,United States,الولايات المتحدة,US
TVF,Thief River Falls Regional Airport,Thief River Falls Regional Airport,Thief River Falls,ثيف ريفر فولز,United States,الولايات المتحدة,US
TVS,Tangshan Sannühe Airport,مطار تانغشان سانوهي,Tangshan (Fengrun),تانغشان,China,الصين,CN
TVT,Tashkent-Khumo International Airport,Tashkent-Khumo International Airport,Tashkent,Tashkent,Uzbekistan,أوزبكستان,UZ
TVU,Matei Airport,مطار ماتي,Matei,Matei,Fiji,فيجي,FJ
TVY,Dawei Airport,Dawei Airport,Dawei,داوي، ميانمار,Myanmar (Burma),ميانمار (بورما),MM
TWA,Twin Hills Airport,Twin Hills Airport,Twin Hills,Twin Hills,United States,الولايات المتحدة,US
TWC,Tumxuk Tangwangcheng Airport,مطار تومتشوك تانغوانغتشنغ,Tumxuk,تومتشوك,China,الصين,CN
TWF,Joslin Field Magic Valley Regional Airport,Joslin Field Magic Valley Regional Airport,Twin Falls,توين فولز,United States,الولايات المتحدة,US
TWT,Sanga Sanga Airport,Sanga Sanga Airport,Bongao,تاوي تاوي,Philippines,الفلبين,PH
TWU,Tawau Airport,مطار تاواو,Tawau,تاواو,Malaysia,ماليزيا,MY
TXE,Rembele Airport,Rembele Airport,Takengon,تاكنغون,Indonesia,إندونيسيا,ID
TXK,Texarkana Regional Airport (Webb Field),Texarkana Regional Airport (Webb Field),Texarkana,Texarkana,United States,الولايات المتحدة,US
TXN,Huangshan Tunxi International Airport,مطار هوانغشان تونشي الدولي,Huangshan,هوانغشان,China,الصين,CN
TYF,Torsby Airport,Torsby Airport,Torsby,تورسبي,Sweden,السويد,SE
TYL,Captain Victor Montes Arias International Airport,Captain Victor Montes Arias International Airport,Talara,تالارا,Peru,بيرو,PE
TYN,Taiyuan Wusu International Airport,مطار تاييوان وسو الدولي,Taiyuan,تاي يوان,China,الصين,CN
TYR,Tyler Pounds Regional Airport,Tyler Pounds Regional Airport,Tyler,تايلر,United States,الولايات المتحدة,US
TYS,McGhee Tyson Airport,McGhee Tyson Airport,Knoxville/Maryville,نوكسفيل,United States,الولايات المتحدة,US
TZA,Sir Barry Bowen Municipal Airport,Sir Barry Bowen Municipal Airport,Belize City,مدينة بليز,Belize,بليز,BZ
TZL,Tuzla International Airport,مطار توزلا الدولي,Tuzla,توزلا,Bosnia and Herzegovina,البوسنة والهرسك,BA
TZN,Congo Town Airport,Congo Town Airport,Andros,Andros,Bahamas,جزر البهاما,BS
TZX,Trabzon Airport,مطار طرابزون,Trabzon,طرابزون,Türkiye,تركيا,TR
UAH,Ua Huka Airport,Ua Huka Airport,Ua Huka,Ua Huka,French Polynesia,بولينيزيا الفرنسية,PF
UAI,"Commander in Chief of FALINTIL, Kay Rala Xanana Gusmão, International Airport","Commander in Chief of FALINTIL, Kay Rala Xanana Gusmão, International Airport",Suai,سواي,Timor-Leste,تيمور - ليشتي,TL
UAP,Ua Pou Airport,Ua Pou Airport,Ua Pou,Ua Pou,French Polynesia,بولينيزيا الفرنسية,PF
UAQ,Domingo Faustino Sarmiento Airport,Domingo Faustino Sarmiento Airport,San Juan,سان خوان، الأرجنتين,Argentina,الأرجنتين,AR
UAR,Bouarfa Airport,مطار بوعرفة,Bouarfa,بوعرفة,Morocco,المغرب,MA
UBA,Mário de Almeida Franco Airport,Mário de Almeida Franco Airport,Uberaba,أوبيرابا,Brazil,البرازيل,BR
UBB,Mabuiag Island Airport,Mabuiag Island Airport,Mabuiag Island,Mabuiag Island,Australia,أستراليا,AU
UBJ,Yamaguchi Ube Airport,Yamaguchi Ube Airport,Ube,ياماغوتشي,Japan,اليابان,JP
UBN,Ulaanbaatar Chinggis Khaan International Airport,مطار جنكيز خان الدولي الجديد,Ulaanbaatar (Sergelen),Ulaanbaatar (Sergelen),Mongolia,منغوليا,MN
UBP,Ubon Ratchathani Airport,Ubon Ratchathani Airport,Ubon Ratchathani,Ubon Ratchathani,Thailand,تايلاند,TH
UCB,Ulanqab Jining Airport,مطار ولانغاب,Ulanqab,اولانتشاب,China,الصين,CN
UCT,Ukhta Airport,Ukhta Airport,Ukhta,أوختا,Russia,روسيا,RU
UDI,Ten. Cel. Aviador César Bombonato Airport,Ten. Cel. Aviador César Bombonato Airport,Uberlândia,أوبيرلانديا,Brazil,البرازيل,BR
UDR,Maharana Pratap Airport,Maharana Pratap Airport,Udaipur,أديبور,India,الهند,IN
UEL,Quelimane Airport,مطار كيليماني,Quelimane,كيليماني,Mozambique,موزمبيق,MZ
UEO,Kumejima Airport,Kumejima Airport,Kumejima,كوميجيما,Japan,اليابان,JP
UET,Quetta International Airport,مطار كويته الدولي,Quetta,كويتة,Pakistan,باكستان,PK
UFA,Ufa International Airport,مطار أوفا الدولي,Ufa,أوفا,Russia,روسيا,RU
UGA,Bulgan Airport,Bulgan Airport,Bulgan,Bulgan,Mongolia,منغوليا,MN
UGC,Urgench International Airport,Urgench International Airport,Urgench,جرجانية,Uzbekistan,أوزبكستان,UZ
UGU,Bilorai Airport,Bilorai Airport,Bilogai,Bilogai,Indonesia,إندونيسيا,ID
UIB,El Caraño Airport,El Caraño Airport,Quibdó,كيبدو,Colombia,كولومبيا,CO
UIH,Phu Cat Airport,Phu Cat Airport,Quy Nohn,كوي نهون,Vietnam,فيتنام,VN
UII,Utila Airport,Utila Airport,Utila Island,أوتيلا,Honduras,هندوراس,HN
UIN,Quincy Regional Airport Baldwin Field,Quincy Regional Airport Baldwin Field,Quincy,كوينسي,United States,الولايات المتحدة,US
UIO,Mariscal Sucre International Airport,مطار ماريسكال سوكري الدولي,Quito,كيتو,Ecuador,الإكوادور,EC
UIT,Jaluit Airport,Jaluit Airport,Jabor Jaluit Atoll,Jabor Jaluit Atoll,Marshall Islands,جزر مارشال,MH
UJE,Ujae Atoll Airport,Ujae Atoll Airport,Ujae Atoll,Ujae Atoll,Marshall Islands,جزر مارشال,MH
UKB,Kobe Airport,Kobe Airport,Kobe,كوبه,Japan,اليابان,JP
UKE,Utkela Airport,Utkela Airport,Bhawanipatna,Bhawanipatna,India,الهند,IN
UKG,Ust-Kuyga Airport,Ust-Kuyga Airport,Ust-Kuyga,Ust-Kuyga,Russia,روسيا,RU
UKK,Oskemen International Airport,Oskemen International Airport,Ust-Kamenogorsk (Oskemen),أوسكمان,Kazakhstan,كازاخستان,KZ
UKX,Ust-Kut Airport,Ust-Kut Airport,Ust-Kut,أوست-كوت,Russia,روسيا,RU
ULG,Ölgii Mongolei International Airport,Ölgii Mongolei International Airport,Ölgii,أولجي,Mongolia,منغوليا,MN
ULH,Prince Abdul Majeed bin Abdulaziz Airport,مطار الأمير عبدالمجيد بن عبدالعزيز,AlUla,العلا,Saudi Arabia,السعودية,SA
ULK,Lensk Airport,Lensk Airport,Lensk,لينسك,Russia,روسيا,RU
ULO,Ulaangom Airport,Ulaangom Airport,Ulaangom,Ulaangom,Mongolia,منغوليا,MN
ULP,Quilpie Airport,Quilpie Airport,Quilpie Airport,كويلبي,Australia,أستراليا,AU
ULU,Gulu Airport,Gulu Airport,Gulu,غولو,Uganda,أوغندا,UG
ULV,Ulyanovsk Baratayevka Airport,Ulyanovsk Baratayevka Airport,Ulyanovsk,أوليانوفسك,Russia,روسيا,RU
ULY,Ulyanovsk Vostochny Airport,Ulyanovsk Vostochny Airport,Cherdakly,أوليانوفسك,Russia,روسيا,RU
ULZ,Donoi Airport,Donoi Airport,Uliastai,Uliastai,Mongolia,منغوليا,MN
UME,Umeå Airport,Umeå Airport,Umeå,أوميو,Sweden,السويد,SE
UMS,Ust-Maya Airport,Ust-Maya Airport,Ust-Maya,ضاحية أوست مايا,Russia,روسيا,RU
UMU,Orlando de Carvalho Airport,Orlando de Carvalho Airport,Umuarama,أومواراما,Brazil,البرازيل,BR
UNA,Una-Comandatuba Airport,Una-Comandatuba Airport,Una,Una,Brazil,البرازيل,BR
UNG,Kiunga Airport,Kiunga Airport,Kiunga,Kiunga,Papua New Guinea,بابوا غينيا الجديدة,PG
UNI,Union Island International Airport,Union Island International Airport,Union Island,Union Island,St. Vincent & Grenadines,سانت فنسنت وجزر غرينادين,VC
UNK,Unalakleet Airport,Unalakleet Airport,Unalakleet,أونالاكليت,United States,الولايات المتحدة,US
UNN,Ranong Airport,Ranong Airport,Ranong,Ranong,Thailand,تايلاند,TH
UOL,Buol - Pogogul Airport,Buol - Pogogul Airport,Buol,Buol,Indonesia,إندونيسيا,ID
UPG,Sultan Hasanuddin International Airport,مطار السلطان حسن الدين الدولي,Makassar,ماكاسار,Indonesia,إندونيسيا,ID
UPN,Uruapan - Licenciado y General Ignacio Lopez Rayon International Airport,Uruapan - Licenciado y General Ignacio Lopez Rayon International Airport,Uruapan,أوروابان,Mexico,المكسيك,MX
URA,Manshuk Mametova International Airport,Manshuk Mametova International Airport,Uralsk,أورال، كازاخستان,Kazakhstan,كازاخستان,KZ
URC,Ürümqi Tianshan International Airport,مطار أورومتشي ديوبو الدولي,Ürümqi,أورومتشي,China,الصين,CN
URE,Kuressaare Airport,Kuressaare Airport,Kuressaare,كوريساري,Estonia,إستونيا,EE
URG,Rubem Berta Airport,Rubem Berta Airport,Uruguaiana,مالدونادو,Brazil,البرازيل,BR
URJ,Uray Airport,Uray Airport,Uray,أوراي,Russia,روسيا,RU
URT,Surat Thani Airport,Surat Thani Airport,Surat Thani,Surat Thani,Thailand,تايلاند,TH
URY,Gurayat Domestic Airport,مطار القريات,Gurayat,القريات,Saudi Arabia,السعودية,SA
USA,Concord-Padgett Regional Airport,Concord-Padgett Regional Airport,Concord,كونكورد,United States,الولايات المتحدة,US
USH,Ushuaia - Malvinas Argentinas International Airport,Ushuaia - Malvinas Argentinas International Airport,Ushuaia,أوشوايا,Argentina,الأرجنتين,AR
USJ,Usharal Airport,Usharal Airport,Usharal,Usharal,Kazakhstan,كازاخستان,KZ
USK,Usinsk Airport,Usinsk Airport,Usinsk,أوسينسك,Russia,روسيا,RU
USM,Samui Airport,مطار كوه ساموي,Koh Samui,كوه ساموي,Thailand,تايلاند,TH
USN,Ulsan Airport,Ulsan Airport,Ulsan,أولسان,South Korea,كوريا الجنوبية,KR
USR,Ust-Nera Airport,Ust-Nera Airport,Ust-Nera,بلدية أوستنيرا,Russia,روسيا,RU
UST,Northeast Florida Regional Airport,Northeast Florida Regional Airport,St Augustine,St Augustine,United States,الولايات المتحدة,US
USU,Francisco B. Reyes (Busuanga) Airport,مطار فرانسيسكو بي رييس,Coron,Coron,Philippines,الفلبين,PH
UTH,Udon Thani International Airport,مطار ودون ثاني,Udon Thani,محافظة ودون تاني,Thailand,تايلاند,TH
UTK,Utirik Airport,Utirik Airport,Utirik Island,Utirik Island,Marshall Islands,جزر مارشال,MH
UTN,Upington Airport,Upington Airport,Upington,آبنغتون,South Africa,جنوب أفريقيا,ZA
UTO,Indian Mountain LRRS Airport,Indian Mountain LRRS Airport,Utopia Creek,Utopia Creek,United States,الولايات المتحدة,US
UTP,U-Tapao–Rayong–Pattaya International Airport,مطار يو تاباو الدولي,Rayong,محافظة تشونبوري,Thailand,تايلاند,TH
UTT,K. D. Matanzima Airport,K. D. Matanzima Airport,Mthatha,مثاتا,South Africa,جنوب أفريقيا,ZA
UUA,Bugulma Airport,Bugulma Airport,Bugulma,بوغولما,Russia,روسيا,RU
UUD,Baikal International Airport,Baikal International Airport,Ulan Ude,أولان-أودي,Russia,روسيا,RU
UUS,Yuzhno-Sakhalinsk International Airport,مطار يوجنو-ساخالينسك,Yuzhno-Sakhalinsk,يوجنو-ساخالينسك,Russia,روسيا,RU
UVE,Ouvéa Airport,Ouvéa Airport,Ouvéa,Ouvéa,New Caledonia,كاليدونيا الجديدة,NC
UVF,Hewanorra International Airport,Hewanorra International Airport,Vieux Fort,فيو فورت,St. Lucia,سانت لوسيا,LC
UVI,José Cleto Airport,José Cleto Airport,União da Vitória,اتحاد النصر,Brazil,البرازيل,BR
UYL,Nyala Airport,مطار نيالا,Nyala,نيالا,Sudan,السودان,SD
UYN,Yulin Yuyang Airport,مطار يولين شيشا,Yulin,يولين,China,الصين,CN
UYU,Joya Andina International Airport,Joya Andina International Airport,Quijarro,أويوني,Bolivia,بوليفيا,BO
UZR,Urzhar Airport,Urzhar Airport,Urzhar,Urzhar,Kazakhstan,كازاخستان,KZ
VAA,Vaasa Airport,مطار فآسا,Vaasa,فآسا,Finland,فنلندا,FI
VAI,Vanimo Airport,Vanimo Airport,Vanimo,Vanimo,Papua New Guinea,بابوا غينيا الجديدة,PG
VAK,Chevak Airport,Chevak Airport,Chevak,Chevak,United States,الولايات المتحدة,US
VAL,Valença Airport,Valença Airport,Valença,Valença,Brazil,البرازيل,BR
VAM,Villa International Airport Maamigili,مطار ماميجيلي,Maamigili,Maamigili,Maldives,المالديف,MV
VAN,Van Ferit Melen Airport,Van Ferit Melen Airport,Van,وان,Türkiye,تركيا,TR
VAO,Suavanao Airport,Suavanao Airport,Suavanao,Suavanao,Solomon Islands,جزر سليمان,SB
VAQ,Vanavara Airport,Vanavara Airport,Vanavara,Vanavara,Russia,روسيا,RU
VAR,Varna Airport,مطار فارنا,Varna,فارنا,Bulgaria,بلغاريا,BG
VAS,Sivas Nuri Demirağ Airport,Sivas Nuri Demirağ Airport,Sivas,سيواس,Türkiye,تركيا,TR
VAV,Vava'u International Airport,Vava'u International Airport,Vava'u Island,Vava'u Island,Tonga,تونغا,TO
VAW,"Vardø Airport, Svartnes","Vardø Airport, Svartnes",Vardø,Vardø,Norway,النرويج,NO
VBS,Brescia Gabriele d'Annunzio Airport,Brescia Gabriele d'Annunzio Airport,Montichiari (BS),بريشا,Italy,إيطاليا,IT
VBV,Vanua Balavu Airport,مطار فانوابالافو,Vanua Balavu,Vanua Balavu,Fiji,فيجي,FJ
VBY,Visby Airport,Visby Airport,Visby,فيسبي,Sweden,السويد,SE
VCA,Can Tho International Airport,مطار كن تاه الدولي,Can Tho,كن تاه,Vietnam,فيتنام,VN
VCE,Venice Marco Polo Airport,مطار البندقية ماركو بولو,Venice,البندقية,Italy,إيطاليا,IT
VCL,Chu Lai Airport,Chu Lai Airport,Tam Nghĩa,كوانج نجاي,Vietnam,فيتنام,VN
VCP,Viracopos International Airport,Viracopos International Airport,Campinas,كامبيناس,Brazil,البرازيل,BR
VCS,Con Dao Airport,Con Dao Airport,Con Dao,جزر كون داو,Vietnam,فيتنام,VN
VCT,Victoria Regional Airport,Victoria Regional Airport,Victoria,فكتوريا,United States,الولايات المتحدة,US
VDC,Glauber de Andrade Rocha Airport,Glauber de Andrade Rocha Airport,Vitória da Conquista,فيتوريا دا كونكيستا,Brazil,البرازيل,BR
VDE,El Hierro Airport,El Hierro Airport,El Hierro Island,إل هييرو,Spain,إسبانيا,ES
VDH,Dong Hoi Airport,مطار دونج هوا,Dong Hoi,دونج هوي,Vietnam,فيتنام,VN
VDM,Gobernador Castello Airport,Gobernador Castello Airport,Viedma / Carmen de Patagones,فييدما,Argentina,الأرجنتين,AR
VDO,Van Don International Airport,Van Don International Airport,Van Don,Van Don,Vietnam,فيتنام,VN
VDS,Vadsø Airport,Vadsø Airport,Vadsø,فادسو,Norway,النرويج,NO
VDZ,Valdez Pioneer Field,Valdez Pioneer Field,Valdez,فالديز,United States,الولايات المتحدة,US
VEE,Venetie Airport,Venetie Airport,Venetie,Venetie,United States,الولايات المتحدة,US
VEL,Vernal Regional Airport,Vernal Regional Airport,Vernal,فيرنال,United States,الولايات المتحدة,US
VEO,Severo-Yeniseysk Airport,Severo-Yeniseysk Airport,Severo-Yeniseysk,Severo-Yeniseysk,Russia,روسيا,RU
VER,General Heriberto Jara International Airport,General Heriberto Jara International Airport,Veracruz,فيراكروز,Mexico,المكسيك,MX
VFA,Victoria Falls International Airport,مطار شلالات فكتوريا,Victoria Falls,شلالات فكتوريا,Zimbabwe,زيمبابوي,ZW
VGA,Vijayawada International Airport,مطار فيجاياوادا,Vijayawada,فيجاياوادا,India,الهند,IN
VGO,Vigo Airport,مطار فيغو-بينادور,Vigo,فيغو,Spain,إسبانيا,ES
VHM,Vilhelmina South Lapland Airport,Vilhelmina South Lapland Airport,Vilhelmina,Vilhelmina,Sweden,السويد,SE
VHV,Verkhnevilyuisk Airport,Verkhnevilyuisk Airport,Verkhnevilyuisk,فيرخنيفيليويسك,Russia,روسيا,RU
VIE,Vienna International Airport,مطار فيينا الدولي,Vienna,فيينا,Austria,النمسا,AT
VIG,Juan Pablo Pérez Alfonso Airport,Juan Pablo Pérez Alfonso Airport,El Vigía,El Vigía,Venezuela,فنزويلا,VE
VII,Vinh Airport,مطار فينه الدولي,Vinh,كام رنه,Vietnam,فيتنام,VN
VIJ,Virgin Gorda Airport,Virgin Gorda Airport,Spanish Town,Spanish Town,British Virgin Islands,جزر فيرجن البريطانية,VG
VIL,Dakhla Airport,مطار الداخلة,Dakhla,الداخلة,Western Sahara,الصحراء الغربية,EH
VIT,Vitoria Airport,مطار فيتوريا,Alava,فيتوريا-غاستيز,Spain,إسبانيا,ES
VIX,Eurico de Aguiar Salles International Airport,Eurico de Aguiar Salles International Airport,Vitória,فيتوريا، البرازيل,Brazil,البرازيل,BR
VJB,Xai-Xai Chongoene Airport,مطار خاي خاي تشونجوني,Xai-Xai,Xai-Xai,Mozambique,موزمبيق,MZ
VKG,Rach Gia Airport,Rach Gia Airport,Rach Gia,Rach Gia,Vietnam,فيتنام,VN
VKO,Vnukovo International Airport,مطار فنوكوفو الدولي,Moscow,موسكو,Russia,روسيا,RU
VKT,Vorkuta Airport,Vorkuta Airport,Vorkuta,فوركوتا,Russia,روسيا,RU
VLC,Valencia Airport,مطار فالنسيا,Valencia,فالنسيا,Spain,إسبانيا,ES
VLD,Valdosta Regional Airport,Valdosta Regional Airport,Valdosta,فالدوستا,United States,الولايات المتحدة,US
VLI,Bauerfield International Airport,Bauerfield International Airport,Port Vila,بورت فيلا,Vanuatu,فانواتو,VU
VLL,Valladolid Airport,مطار بلد الوليد,Valladolid,بلد الوليد,Spain,إسبانيا,ES
VLN,Arturo Michelena International Airport,Arturo Michelena International Airport,Valencia,بلنسية,Venezuela,فنزويلا,VE
VLS,Valesdir Airport,Valesdir Airport,Epi Island,Epi Island,Vanuatu,فانواتو,VU
VLV,Dr. Antonio Nicolás Briceño Airport,Dr. Antonio Nicolás Briceño Airport,Valera,Valera,Venezuela,فنزويلا,VE
VMU,Baimuru Airport,Baimuru Airport,Baimuru,Baimuru,Papua New Guinea,بابوا غينيا الجديدة,PG
VNO,Vilnius Airport,مطار فيلنيوس,Vilnius,فيلنيوس,Lithuania,ليتوانيا,LT
VNS,Lal Bahadur Shastri International Airport,مطار لال بهادور شاستري الدولي,Varanasi,فاراناسي,India,الهند,IN
VNX,Vilankulo Airport,مطار فيلانكولو,Vilanculo,Vilanculo,Mozambique,موزمبيق,MZ
VOG,Volgograd International Airport,مطار فولغوغراد الدولي,Volgograd,فولغوغراد,Russia,روسيا,RU
VOL,Nea Anchialos National Airport,Nea Anchialos National Airport,Nea Anchialos,فولوس,Greece,اليونان,GR
VOZ,Voronezh International Airport,مطار فارونيش,Voronezh,فارونيش,Russia,روسيا,RU
VPE,Ngjiva Pereira Airport,Ngjiva Pereira Airport,Ngiva,اوندجيفا,Angola,أنغولا,AO
VPN,Vopnafjörður Airport,Vopnafjörður Airport,Vopnafjörður,Vopnafjörður,Iceland,آيسلندا,IS
VPS,Destin-Fort Walton Beach Airport,Destin-Fort Walton Beach Airport,Valparaiso,فورت والتون بيتش,United States,الولايات المتحدة,US
VPY,Chimoio Airport,مطار شيمويو,Chimoio,شيمويو,Mozambique,موزمبيق,MZ
VQS,Antonio Rivera Rodriguez Airport,Antonio Rivera Rodriguez Airport,Vieques,فيكيس,Puerto Rico,بورتوريكو,PR
VRA,Juan Gualberto Gomez International Airport,Juan Gualberto Gomez International Airport,Matanzas,فاراديرو,Cuba,كوبا,CU
VRB,Vero Beach Regional Airport,Vero Beach Regional Airport,Vero Beach,فيرو بيتش,United States,الولايات المتحدة,US
VRC,Virac Airport,Virac Airport,Virac,Virac,Philippines,الفلبين,PH
VRL,Vila Real Airport,Vila Real Airport,Vila Real,Vila Real,Portugal,البرتغال,PT
VRN,Verona Villafranca Valerio Catullo Airport,Verona Villafranca Valerio Catullo Airport,Caselle (VR),فيرونا,Italy,إيطاليا,IT
VSA,Carlos Rovirosa Pérez International Airport,Carlos Rovirosa Pérez International Airport,Villahermosa,فيلاهيرموسا,Mexico,المكسيك,MX
VSE,Aerodromo Goncalves Lobato (Viseu Airport),Aerodromo Goncalves Lobato (Viseu Airport),Viseu,بازو,Portugal,البرتغال,PT
VST,Stockholm Västerås Airport,Stockholm Västerås Airport,Stockholm / Västerås,ستوكهولم,Sweden,السويد,SE
VSV,Shravasti Airport,Shravasti Airport,Shravasti,Shravasti,India,الهند,IN
VTE,Wattay International Airport,مطار واتاي الدولي,Vientiane,فيينتيان,Laos,لاوس,LA
VTU,Hermanos Ameijeiras Airport,Hermanos Ameijeiras Airport,Las Tunas,لاس توناس,Cuba,كوبا,CU
VTZ,Alluri Sitarama Raju International Airport (Vizag),Alluri Sitarama Raju International Airport (Vizag),Visakhapatnam,فيساخاباتنام,India,الهند,IN
VUP,Alfonso López Pumarejo Airport,Alfonso López Pumarejo Airport,Valledupar,فاليدوبار,Colombia,كولومبيا,CO
VUS,Velikiy Ustyug Airport,Velikiy Ustyug Airport,Velikiy Ustyug,فيليكي أوستيوغ,Russia,روسيا,RU
VVC,Vanguardia Airport,Vanguardia Airport,Villavicencio,فيلافيسنسيو,Colombia,كولومبيا,CO
VVI,Viru Viru International Airport,Viru Viru International Airport,Santa Cruz,سانتا كروز دي لا سييرا,Bolivia,بوليفيا,BO
VVO,Vladivostok International Airport,مطار فلاديفوستوك الدولي,Artyom,فلاديفوستوك,Russia,روسيا,RU
VVZ,Illizi Takhamalt Airport,مطار تخاملت إيليزي,Illizi,إليزي,Algeria,الجزائر,DZ
VXC,Lichinga Airport,مطار ليتشينجا,Lichinga,محافظة نياسا,Mozambique,موزمبيق,MZ
VXE,Cesaria Evora International Airport,Cesaria Evora International Airport,São Pedro,ساو فيسنتي,Cape Verde,الرأس الأخضر,CV
VXO,Växjö Kronoberg Airport,Växjö Kronoberg Airport,Växjö,فاكسيو,Sweden,السويد,SE
VYI,Vilyuisk Airport,Vilyuisk Airport,Vilyuisk,فيليويسك,Russia,روسيا,RU
WAA,Wales Airport,Wales Airport,Wales,ويلز,United States,الولايات المتحدة,US
WAE,Wadi Al-Dawasir Airport,مطار وادي الدواسر,Wadi Al-Dawasir,وادي الدواسر,Saudi Arabia,السعودية,SA
WAG,Wanganui Airport,Wanganui Airport,Wanganui,وانجانوي,New Zealand,نيوزيلندا,NZ
WAW,Warsaw Chopin Airport,مطار وارسو شوبان,Warsaw,وارسو,Poland,بولندا,PL
WBB,Stebbins Airport,Stebbins Airport,Stebbins,ستيبينس,United States,الولايات المتحدة,US
WBM,Wapenamanda Airport,Wapenamanda Airport,Wapenamanda,Wapenamanda,Papua New Guinea,بابوا غينيا الجديدة,PG
WBQ,Beaver Airport,Beaver Airport,Beaver,Beaver,United States,الولايات المتحدة,US
WDH,Hosea Kutako International Airport,مطار ويندهوك الدولي,Windhoek,ويندهوك,Namibia,ناميبيا,NA
WDN,Waldron Airstrip,Waldron Airstrip,Eastsound,Eastsound,United States,الولايات المتحدة,US
WDS,Shiyan Wudangshan Airport,مطار شيهيان ودانغشان,Shiyan (Maojian),شيان,China,الصين,CN
WEF,Weifang Nanyuan Airport,مطار يفانغ نانيوان,Weifang (Kuiwen),يفانغ,China,الصين,CN
WEH,Weihai Dashuibo Airport,مطار يهاي داسهويبو,Weihai,ويهاي,China,الصين,CN
WEI,Weipa Airport,Weipa Airport,Weipa,ويبا,Australia,أستراليا,AU
WGA,Wagga Wagga Airport,Wagga Wagga Airport,Forest Hill,واغا واغا,Australia,أستراليا,AU
WGE,Walgett Airport,Walgett Airport,Walgett Airport,Walgett Airport,Australia,أستراليا,AU
WGN,Shaoyang Wugang Airport,مطار شياويانغ واغانغ,Shaoyang (Wugang),شاويانغ,China,الصين,CN
WGP,Umbu Mehang Kunda Airport,Umbu Mehang Kunda Airport,Waingapu-Sumba Island,وينغابو,Indonesia,إندونيسيا,ID
WHA,Wuhu Xuanzhou Airport,Wuhu Xuanzhou Airport,Wuhu,ووهو,China,الصين,CN
WHK,Whakatāne Airport,Whakatāne Airport,Whakatāne,واكتاني,New Zealand,نيوزيلندا,NZ
WIC,Wick John O'Groats Airport,Wick John O'Groats Airport,Wick,ويك,United Kingdom,المملكة المتحدة,GB
WIL,Nairobi Wilson Airport,Nairobi Wilson Airport,Nairobi,نيروبي,Kenya,كينيا,KE
WIN,Winton Airport,Winton Airport,Winton Airport,وينتون,Australia,أستراليا,AU
WJR,Wajir Airport,مطار وجير,Wajir,وجير (مدينة ),Kenya,كينيا,KE
WJU,Wonju Airport / Hoengseong Air Base (K-38/K-46),Wonju Airport / Hoengseong Air Base (K-38/K-46),Wonju,وونجو,South Korea,كوريا الجنوبية,KR
WKA,Wanaka Airport,Wanaka Airport,Wanaka,Wanaka,New Zealand,نيوزيلندا,NZ
WKJ,Wakkanai Airport,Wakkanai Airport,Wakkanai,واكاناي,Japan,اليابان,JP
WKK,Aleknagik / New Airport,Aleknagik / New Airport,Aleknagik,أليكناغيك,United States,الولايات المتحدة,US
WLG,Wellington International Airport,مطار ويلينغتون الدولي,Wellington,ويلينغتون,New Zealand,نيوزيلندا,NZ
WLH,Walaha Airport,Walaha Airport,Walaha,Walaha,Vanuatu,فانواتو,VU
WLK,Selawik Airport,Selawik Airport,Selawik,سيلاويك,United States,الولايات المتحدة,US
WLS,Hihifo Airport,Hihifo Airport,Wallis Island,Wallis Island,Wallis & Futuna,جزر والس وفوتونا,WF
WMI,Warsaw Modlin Airport,مطار وارسو مودلين,Nowy Dwór Mazowiecki,وارسو,Poland,بولندا,PL
WMN,Maroantsetra Airport,Maroantsetra Airport,Maroantsetra,ماروانتسيترا,Madagascar,مدغشقر,MG
WMO,White Mountain Airport,White Mountain Airport,White Mountain,وايت مونتين,United States,الولايات المتحدة,US
WMT,Zunyi Maotai Airport,مطار زوني ماوتاي,Zunyi,رينهواي,China,الصين,CN
WMX,Wamena Airport,Wamena Airport,Wamena,Wamena,Indonesia,إندونيسيا,ID
WNA,Napakiak Airport,Napakiak Airport,Napakiak,ناباكياك,United States,الولايات المتحدة,US
WNH,Wenshan Puzhehei Airport,مطار ونشان يانشان,Wenshan,مدينة ونشان,China,الصين,CN
WNI,Matahora Airport,Matahora Airport,Wangi-wangi Island,Wangi-wangi Island,Indonesia,إندونيسيا,ID
WNN,Wunnumin Lake Airport,Wunnumin Lake Airport,Wunnumin Lake,Wunnumin Lake,Canada,كندا,CA
WNP,Naga Airport,Naga Airport,Naga,ناغا,Philippines,الفلبين,PH
WNR,Windorah Airport,Windorah Airport,Windorah,ويندورا,Australia,أستراليا,AU
WNS,Shaheed Benazirabad Airport,Shaheed Benazirabad Airport,Nawabashah,نواب شاه,Pakistan,باكستان,PK
WNZ,Wenzhou Longwan International Airport,مطار ونزهو يونجقيانج الدولي,Wenzhou (Longwan),ونجو,China,الصين,CN
WOS,Wonsan Kalma Airport,Wonsan Kalma Airport,Wonsan,وونسان,North Korea,كوريا الشمالية,KP
WRE,Whangarei Airport,Whangarei Airport,Whangarei,وانجاري,New Zealand,نيوزيلندا,NZ
WRG,Wrangell Airport,Wrangell Airport,Wrangell,رانغل,United States,الولايات المتحدة,US
WRO,Copernicus Wrocław Airport,مطار فروتسواف,Wrocław,فروتسواف,Poland,بولندا,PL
WRY,Westray Airport,Westray Airport,"Westray, Orkney Islands","Westray, Orkney Islands",United Kingdom,المملكة المتحدة,GB
WSK,Chongqing Wushan Airport,مطار وشهان شهينوفينغ,Wushan,Wushan,China,الصين,CN
WSN,South Naknek Number 2 Airport,South Naknek Number 2 Airport,South Naknek,South Naknek,United States,الولايات المتحدة,US
WST,Westerly State Airport,Westerly State Airport,Westerly,ويسترلي,United States,الولايات المتحدة,US
WSZ,Westport Airport,Westport Airport,Westport,Westport,New Zealand,نيوزيلندا,NZ
WTA,Tambohorano Airport,Tambohorano Airport,Tambohorano,Tambohorano,Madagascar,مدغشقر,MG
WTB,Toowoomba Wellcamp Airport,Toowoomba Wellcamp Airport,Toowoomba,توومبا,Australia,أستراليا,AU
WTE,Wotje Airport,Wotje Airport,Wotje,Wotje,Marshall Islands,جزر مارشال,MH
WTK,Noatak Airport,Noatak Airport,Noatak,Noatak,United States,الولايات المتحدة,US
WTL,Tuntutuliak Airport,Tuntutuliak Airport,Tuntutuliak,Tuntutuliak,United States,الولايات المتحدة,US
WTO,Wotho Island Airport,Wotho Island Airport,Wotho Island,Wotho Island,Marshall Islands,جزر مارشال,MH
WUA,Wuhai Airport,مطار وهاي,Wuhai,وهاي,China,الصين,CN
WUH,Wuhan Tianhe International Airport,مطار ووهان تيانهي الدولي,Wuhan (Huangpi),ووهان,China,الصين,CN
WUN,Wiluna Airport,Wiluna Airport,Wiluna Airport,Wiluna Airport,Australia,أستراليا,AU
WUS,Nanping Wuyishan Airport,مطار يشان,Wuyishan,وايشان,China,الصين,CN
WUT,Xinzhou Wutaishan Airport,مطار شينتشو وتايشهان,Xinzhou,شينتشو,China,الصين,CN
WUU,Wau Airport,مطار واو,Wau,Wau,South Sudan,جنوب السودان,SS
WUX,Sunan Shuofang International Airport,مطار سنن شوفانغ الدولي,Wuxi,سوجو,China,الصين,CN
WUZ,Wuzhou Xijiang Airport,Wuzhou Xijiang Airport,Tangbu,واتشو,China,الصين,CN
WVB,Walvis Bay International Airport,Walvis Bay International Airport,Walvis Bay(Rooikop),ولفس بي,Namibia,ناميبيا,NA
WWK,Wewak International Airport,Wewak International Airport,Wewak,Wewak,Papua New Guinea,بابوا غينيا الجديدة,PG
WWT,Mertarvik Airport,Mertarvik Airport,Mertarvik,نيوتوك,United States,الولايات المتحدة,US
WXN,Wanzhou Wuqiao Airport,مطار وانتشو وتشياو,Wanzhou,Wanzhou,China,الصين,CN
WYA,Whyalla Airport,Whyalla Airport,Whyalla,وايللا,Australia,أستراليا,AU
WYS,Yellowstone Airport,Yellowstone Airport,West Yellowstone,ويست يلوستون,United States,الولايات المتحدة,US
XAI,Xinyang Minggang Airport,مطار تشيانغ مينغانغ,Xinyang,شينيانج,China,الصين,CN
XAP,Serafin Enoss Bertaso Airport,Serafin Enoss Bertaso Airport,Chapecó,تشابيكو,Brazil,البرازيل,BR
XBE,Bearskin Lake Airport,Bearskin Lake Airport,Bearskin Lake,Bearskin Lake,Canada,كندا,CA
XBJ,Birjand International Airport,Birjand International Airport,Birjand,بیرجند,Iran,إيران,IR
XCH,Christmas Island International Airport,Christmas Island International Airport,Flying Fish Cove,جزيرة عيد الميلاد,Christmas Island,جزيرة كريسماس,CX
XCR,Chalons Vatry airport,مطار باريس فاتري,Chalons en Champagne,باريس,France,فرنسا,FR
XFN,Xiangyang Liuji Airport,مطار شانغينغ ليوجي,Xiangyang (Xiangzhou),شيانغيانغ,China,الصين,CN
XGR,Kangiqsualujjuaq (Georges River) Airport,Kangiqsualujjuaq (Georges River) Airport,Kangiqsualujjuaq,كانجيكسوالوجواك,Canada,كندا,CA
XIC,Xichang Qingshan Airport,مطار شيتشانغ تشينغشان,Liangshan (Xichang),شيتشانغ,China,الصين,CN
XIL,Xilinhot Airport,مطار شيلينهوت,Xilinhot,شيلينهوت,China,الصين,CN
XIY,Xi'an Xianyang International Airport,مطار شيان شيانيانغ الدولي,Xi'an,شيان,China,الصين,CN
XKH,Xieng Khouang Airport,Xieng Khouang Airport,Xieng Khouang,Xieng Khouang,Laos,لاوس,LA
XKS,Kasabonika Airport,Kasabonika Airport,Kasabonika,Kasabonika,Canada,كندا,CA
XLB,Lac Brochet Airport,Lac Brochet Airport,Lac Brochet,Lac Brochet,Canada,كندا,CA
XMH,Manihi Airport,Manihi Airport,Manihi Airport,Manihi Airport,French Polynesia,بولينيزيا الفرنسية,PF
XMN,Xiamen Gaoqi International Airport,مطار شيامن قاوتشي الدولي,Xiamen,شيامن,China,الصين,CN
XMS,Coronel E Carvajal Airport,Coronel E Carvajal Airport,Macas,ماكاس,Ecuador,الإكوادور,EC
XMY,Yam Island Airport,Yam Island Airport,Yam Island,Yam Island,Australia,أستراليا,AU
XNA,Northwest Arkansas National Airport,Northwest Arkansas National Airport,Fayetteville/Springdale/Rogers,فايتفيل,United States,الولايات المتحدة,US
XNN,Xining Caojiabao International Airport,مطار شينينغ الدولي,Haidong (Huzhu Tu Autonomous County),شينينغ,China,الصين,CN
XPK,Pukatawagan Airport,Pukatawagan Airport,Pukatawagan,Pukatawagan,Canada,كندا,CA
XPL,Palmerola International Airport,مطار كوماياغوا الدولي,Palmerola,Palmerola,Honduras,هندوراس,HN
XQP,Quepos Managua Airport,Quepos Managua Airport,Quepos,كيبوس,Costa Rica,كوستاريكا,CR
XQU,Qualicum Beach Airport,Qualicum Beach Airport,Qualicum Beach,Qualicum Beach,Canada,كندا,CA
XRY,Jerez Airport,مطار خيريز,Jerez de la Frontera,شريش,Spain,إسبانيا,ES
XSC,South Caicos Airport,South Caicos Airport,South Caicos,South Caicos,Turks & Caicos Islands,جزر توركس وكايكوس,TC
XSI,South Indian Lake Airport,South Indian Lake Airport,South Indian Lake,South Indian Lake,Canada,كندا,CA
XSP,Seletar Airport,Seletar Airport,Seletar,سنغافورة,Singapore,سنغافورة,SG
XTG,Thargomindah Airport,Thargomindah Airport,Thargomindah,Thargomindah,Australia,أستراليا,AU
XTL,Tadoule Lake Airport,Tadoule Lake Airport,Tadoule Lake,Tadoule Lake,Canada,كندا,CA
XUZ,Xuzhou Guanyin International Airport,مطار سوزهو جوانين,Xuzhou,شوزهو,China,الصين,CN
XWA,Williston Basin International Airport,Williston Basin International Airport,Williston,ويليستون,United States,الولايات المتحدة,US
XYA,Yandina Airport,Yandina Airport,Yandina,Yandina,Solomon Islands,جزر سليمان,SB
YAA,Anahim Lake Airport,Anahim Lake Airport,Anahim Lake,Anahim Lake,Canada,كندا,CA
YAB,Arctic Bay Airport,Arctic Bay Airport,Arctic Bay,Arctic Bay,Canada,كندا,CA
YAC,Cat Lake Airport,Cat Lake Airport,Cat Lake,Cat Lake,Canada,كندا,CA
YAG,Fort Frances Municipal Airport,Fort Frances Municipal Airport,Fort Frances,Fort Frances,Canada,كندا,CA
YAK,Yakutat Airport,Yakutat Airport,Yakutat,ياكوتات,United States,الولايات المتحدة,US
YAL,Alert Bay Airport,Alert Bay Airport,Alert Bay,Alert Bay,Canada,كندا,CA
YAM,Sault Ste Marie Airport,Sault Ste Marie Airport,Sault Ste Marie,سولت سانت ماري,Canada,كندا,CA
YAP,Yap International Airport,Yap International Airport,Yap Island,Yap Island,Micronesia,ميكرونيزيا,FM
YAS,Yasawa Island Airport,مطار جزيرة ياساوا,Yasawa Island,Yasawa Island,Fiji,فيجي,FJ
YAT,Attawapiskat Airport,Attawapiskat Airport,Attawapiskat,Attawapiskat,Canada,كندا,CA
YAX,Wapekeka Airport,Wapekeka Airport,Angling Lake,Angling Lake,Canada,كندا,CA
YAY,St. Anthony Airport,St. Anthony Airport,St. Anthony,سانت أنطوني,Canada,كندا,CA
YAZ,Tofino / Long Beach Airport,Tofino / Long Beach Airport,Tofino,Tofino,Canada,كندا,CA
YBB,Kugaaruk Airport,Kugaaruk Airport,Kugaaruk,كوجاروك,Canada,كندا,CA
YBC,Baie-Comeau Airport,Baie-Comeau Airport,Baie-Comeau,بوينتي ليبل,Canada,كندا,CA
YBE,Uranium City Airport,مطار مدينة اليورانيوم,Uranium City,Uranium City,Canada,كندا,CA
YBG,Saguenay-Bagotville Airport,Saguenay-Bagotville Airport,Saguenay,ساغينيه,Canada,كندا,CA
YBI,Black Tickle Airport,Black Tickle Airport,Black Tickle,Black Tickle,Canada,كندا,CA
YBK,Baker Lake Airport,Baker Lake Airport,Baker Lake,بيكر لايك,Canada,كندا,CA
YBL,Campbell River Airport,Campbell River Airport,Campbell River,Campbell River,Canada,كندا,CA
YBP,Yibin Wuliangye Airport,مطار يبين واليانجي,Yibin (Cuiping),ييبن,China,الصين,CN
YBR,Brandon Municipal Airport,Brandon Municipal Airport,Brandon,براندون,Canada,كندا,CA
YBT,Brochet Airport,Brochet Airport,Brochet,Brochet,Canada,كندا,CA
YBV,Berens River Airport,Berens River Airport,Berens River,Berens River,Canada,كندا,CA
YBX,Lourdes-de-Blanc-Sablon Airport,Lourdes-de-Blanc-Sablon Airport,Blanc-Sablon,بلون سابلون,Canada,كندا,CA
YBY,Bonnyville Airport,Bonnyville Airport,Bonnyville,Bonnyville,Canada,كندا,CA
YCB,Cambridge Bay Airport,Cambridge Bay Airport,Cambridge Bay,خليج كامبردج,Canada,كندا,CA
YCD,Nanaimo Airport,Nanaimo Airport,Nanaimo,نانيامو,Canada,كندا,CA
YCG,Castlegar/West Kootenay Regional Airport,Castlegar/West Kootenay Regional Airport,Castlegar,Castlegar,Canada,كندا,CA
YCK,Tommy Kochon Airport,Tommy Kochon Airport,Colville Lake,Colville Lake,Canada,كندا,CA
YCM,Niagara District Airport,Niagara District Airport,Niagara-on-the-Lake,Niagara-on-the-Lake,Canada,كندا,CA
YCO,Kugluktuk Airport,Kugluktuk Airport,Kugluktuk,كوغلوكتوك,Canada,كندا,CA
YCR,Cross Lake (Charlie Sinclair Memorial) Airport,Cross Lake (Charlie Sinclair Memorial) Airport,Cross Lake,Cross Lake,Canada,كندا,CA
YCS,Chesterfield Inlet Airport,Chesterfield Inlet Airport,Chesterfield Inlet,تشيسترفيلد إنليت,Canada,كندا,CA
YCU,Yuncheng Yanhu International Airport,مطار يونتشنغ قوانقونغ,Yuncheng (Yanhu),يونتشنغ,China,الصين,CN
YCY,Clyde River Airport,Clyde River Airport,Clyde River,Clyde River,Canada,كندا,CA
YDA,Dawson City Airport,Dawson City Airport,Dawson City,داوسون,Canada,كندا,CA
YDF,Deer Lake Airport,Deer Lake Airport,Deer Lake,Deer Lake,Canada,كندا,CA
YDL,Dease Lake Airport,Dease Lake Airport,Dease Lake,Dease Lake,Canada,كندا,CA
YDN,Dauphin Barker Airport,Dauphin Barker Airport,Dauphin,Dauphin,Canada,كندا,CA
YDP,Nain Airport,Nain Airport,Nain,Nain,Canada,كندا,CA
YDV,Bloodvein River Airport,Bloodvein River Airport,Bloodvein River,Bloodvein River,Canada,كندا,CA
YEG,Edmonton International Airport,Edmonton International Airport,Edmonton,إدمونتون,Canada,كندا,CA
YEI,Bursa Yenişehir Airport,Bursa Yenişehir Airport,Yenişehir,يني شهر,Türkiye,تركيا,TR
YEK,Arviat Airport,Arviat Airport,Arviat,Arviat,Canada,كندا,CA
YER,Fort Severn Airport,Fort Severn Airport,Fort Severn,Fort Severn,Canada,كندا,CA
YEV,Inuvik Mike Zubko Airport,Inuvik Mike Zubko Airport,Inuvik,إنوفيك,Canada,كندا,CA
YFA,Fort Albany Airport,Fort Albany Airport,Fort Albany,Fort Albany,Canada,كندا,CA
YFB,Iqaluit Airport,Iqaluit Airport,Iqaluit,إيكالويت,Canada,كندا,CA
YFC,Fredericton International Airport,Fredericton International Airport,Fredericton,فريدريكتون,Canada,كندا,CA
YFH,Fort Hope Airport,Fort Hope Airport,Fort Hope,Fort Hope,Canada,كندا,CA
YFJ,Wekweètì Airport,Wekweètì Airport,Wekweètì,Wekweètì,Canada,كندا,CA
YFO,Flin Flon Airport,Flin Flon Airport,Flin Flon,Flin Flon,Canada,كندا,CA
YFS,Fort Simpson Airport,Fort Simpson Airport,Fort Simpson,Fort Simpson,Canada,كندا,CA
YFX,St. Lewis (Fox Harbour) Airport,St. Lewis (Fox Harbour) Airport,St. Lewis,St. Lewis,Canada,كندا,CA
YGH,Fort Good Hope Airport,Fort Good Hope Airport,Fort Good Hope,Fort Good Hope,Canada,كندا,CA
YGJ,Yonago Kitaro Airport / JASDF Miho Air Base,Yonago Kitaro Airport / JASDF Miho Air Base,Yonago,يوناغو,Japan,اليابان,JP
YGL,La Grande Rivière Airport,La Grande Rivière Airport,La Grande Rivière,راديسون,Canada,كندا,CA
YGO,Gods Lake Narrows Airport,Gods Lake Narrows Airport,Gods Lake Narrows,Gods Lake Narrows,Canada,كندا,CA
YGP,Michel-Pouliot Gaspé Airport,Michel-Pouliot Gaspé Airport,Gaspé,غاسبيه,Canada,كندا,CA
YGR,Îles-de-la-Madeleine Airport,Îles-de-la-Madeleine Airport,Les Îles-de-la-Madeleine,ليججول دو لامادلين,Canada,كندا,CA
YGT,Igloolik Airport,Igloolik Airport,Igloolik,Igloolik,Canada,كندا,CA
YGV,Havre-Saint-Pierre Airport,Havre-Saint-Pierre Airport,Havre-Saint-Pierre,هافر سان بيير,Canada,كندا,CA
YGW,Kuujjuarapik Airport,Kuujjuarapik Airport,Kuujjuarapik,كوجوارابيك,Canada,كندا,CA
YGX,Gillam Airport,Gillam Airport,Gillam,غيليام,Canada,كندا,CA
YGZ,Grise Fiord Airport,Grise Fiord Airport,Grise Fiord,Grise Fiord,Canada,كندا,CA
YHA,Port Hope Simpson Airport,Port Hope Simpson Airport,Port Hope Simpson,ميناء هوب سيمبسون,Canada,كندا,CA
YHG,Charlottetown Airport,Charlottetown Airport,Charlottetown,Charlottetown,Canada,كندا,CA
YHI,Ulukhaktok Holman Airport,Ulukhaktok Holman Airport,Ulukhaktok,Ulukhaktok,Canada,كندا,CA
YHK,Gjoa Haven Airport,Gjoa Haven Airport,Gjoa Haven,غجوا هافن,Canada,كندا,CA
YHM,John C. Munro Hamilton International Airport,John C. Munro Hamilton International Airport,Hamilton,هاميلتون,Canada,كندا,CA
YHO,Hopedale Airport,Hopedale Airport,Hopedale,Hopedale,Canada,كندا,CA
YHP,Poplar Hill Airport,Poplar Hill Airport,Poplar Hill,Poplar Hill,Canada,كندا,CA
YHR,Chevery Airport,Chevery Airport,Chevery,Chevery,Canada,كندا,CA
YHU,Montréal / Saint-Hubert Metropolitan Airport,Montréal / Saint-Hubert Metropolitan Airport,Montréal,لونغوي,Canada,كندا,CA
YHY,Hay River / Merlyn Carter Airport,Hay River / Merlyn Carter Airport,Hay River,نهر هاي,Canada,كندا,CA
YHZ,Halifax / Stanfield International Airport,مطار هاليفاكس الدولي,Halifax,هاليفاكس,Canada,كندا,CA
YIA,Yogyakarta International Airport,مطار يوجياكارتا الدولي,Yogyakarta,Yogyakarta,Indonesia,إندونيسيا,ID
YIC,Yichun Mingyueshan Airport,مطار يشهون مينغيويشان,Yichun,ييتشون,China,الصين,CN
YIE,Arxan Yi'ershi Airport,مطار أركسان يبرشي,Arxan,أركسان,China,الصين,CN
YIF,St Augustin Airport,St Augustin Airport,St-Augustin,St-Augustin,Canada,كندا,CA
YIH,Yichang Sanxia Airport,مطار ييتشانغ سانشيا,Yichang (Xiaoting),ييتشانغ,China,الصين,CN
YIK,Ivujivik Airport,Ivujivik Airport,Ivujivik,إيفوجيفيك,Canada,كندا,CA
YIN,Ili Yining International Airport,مطار ينينغ,Ili (Yining / Ghulja),ينينغ,China,الصين,CN
YIO,Pond Inlet Airport,Pond Inlet Airport,Pond Inlet,Pond Inlet,Canada,كندا,CA
YIV,Island Lake Airport,Island Lake Airport,Island Lake,Island Lake,Canada,كندا,CA
YIW,Yiwu Airport,مطار ييوو,Yiwu/Jinhua,ييوو,China,الصين,CN
YKA,Kamloops John Moose Fulton Field Regional Airport,Kamloops John Moose Fulton Field Regional Airport,Kamloops,كاملوبس، كولومبيا البريطانية,Canada,كندا,CA
YKF,Region of Waterloo International Airport,Region of Waterloo International Airport,Breslau,Breslau,Canada,كندا,CA
YKG,Kangirsuk Airport,Kangirsuk Airport,Kangirsuk,Kangirsuk,Canada,كندا,CA
YKH,Yingkou Lanqi Airport,Yingkou Lanqi Airport,Yingkou (Laobian),ينغكو,China,الصين,CN
YKL,Schefferville Airport,Schefferville Airport,Schefferville,شيفيرفيل,Canada,كندا,CA
YKM,Yakima Air Terminal McAllister Field,Yakima Air Terminal McAllister Field,Yakima,ياكيما,United States,الولايات المتحدة,US
YKO,Hakkari Yüksekova Airport,Hakkari Yüksekova Airport,Hakkari,حكاري,Türkiye,تركيا,TR
YKQ,Waskaganish Airport,Waskaganish Airport,Waskaganish,Waskaganish,Canada,كندا,CA
YKS,Platon Oyunsky Yakutsk International Airport,مطار بلاتون أويونسكي,Yakutsk,ياكوتسك,Russia,روسيا,RU
YKU,Chisasibi Airport,Chisasibi Airport,Chisasibi,Chisasibi,Canada,كندا,CA
YLC,Kimmirut Airport,Kimmirut Airport,Kimmirut,Kimmirut,Canada,كندا,CA
YLE,Whatì Airport,Whatì Airport,Whatì,Whatì,Canada,كندا,CA
YLH,Lansdowne House Airport,Lansdowne House Airport,Lansdowne House,Lansdowne House,Canada,كندا,CA
YLK,Barrie-Lake Simcoe Regional Airport,Barrie-Lake Simcoe Regional Airport,Barrie,باري,Canada,كندا,CA
YLL,Lloydminster Airport,Lloydminster Airport,Lloydminster,لويدمنستر,Canada,كندا,CA
YLW,Kelowna International Airport,Kelowna International Airport,Kelowna,كيلونا,Canada,كندا,CA
YLX,Yulin Fumian Airport,Yulin Fumian Airport,Yulin,Yulin,China,الصين,CN
YMH,Mary's Harbour Airport,Mary's Harbour Airport,Mary's Harbour,Mary's Harbour,Canada,كندا,CA
YMM,Fort McMurray International Airport,Fort McMurray International Airport,Fort McMurray,منطقة وودبفالو,Canada,كندا,CA
YMN,Makkovik Airport,Makkovik Airport,Makkovik,Makkovik,Canada,كندا,CA
YMO,Moosonee Airport,Moosonee Airport,Moosonee,موسوني,Canada,كندا,CA
YMP,Port McNeill Airport,Port McNeill Airport,Port McNeill,Port McNeill,Canada,كندا,CA
YMS,Moises Benzaquen Rengifo Airport,Moises Benzaquen Rengifo Airport,Yurimaguas,Yurimaguas,Peru,بيرو,PE
YMT,Chapais Airport,Chapais Airport,Chibougamau,شيبوغامو,Canada,كندا,CA
YMX,Montreal Mirabel International Airport,Montreal Mirabel International Airport,Montréal,مونتريال,Canada,كندا,CA
YNA,Natashquan Airport,Natashquan Airport,Natashquan,Natashquan,Canada,كندا,CA
YNB,Yanbu Airport,مطار ينبع,Yanbu,ينبع,Saudi Arabia,السعودية,SA
YNC,Wemindji Airport,Wemindji Airport,Wemindji,شيبوغامو,Canada,كندا,CA
YND,Ottawa / Gatineau Airport,Ottawa / Gatineau Airport,Gatineau,غاتينو,Canada,كندا,CA
YNE,Norway House Airport,Norway House Airport,Norway House,Norway House,Canada,كندا,CA
YNJ,Yanji Chaoyangchuan Airport,مطار يانجي تشاويانغتشوان,Yanji,يانجي,China,الصين,CN
YNL,Points North Landing Airport,Points North Landing Airport,Points North Landing,Points North Landing,Canada,كندا,CA
YNO,North Spirit Lake Airport,North Spirit Lake Airport,North Spirit Lake,North Spirit Lake,Canada,كندا,CA
YNP,Natuashish Airport,Natuashish Airport,Natuashish,Natuashish,Canada,كندا,CA
YNS,Nemiscau Airport,Nemiscau Airport,Nemiscau,Nemiscau,Canada,كندا,CA
YNT,Yantai Penglai International Airport,مطار يانتاي بينجلاي الدولي,Yantai,يانتاى,China,الصين,CN
YNY,Yangyang International Airport,Yangyang International Airport,Gonghang-ro,محافظة يانغيانغ,South Korea,كوريا الجنوبية,KR
YNZ,Yancheng Nanyang International Airport,مطار نانيانغ يانتشنغ,Yancheng (Tinghu),يانتشنغ,China,الصين,CN
YOC,Old Crow Airport,Old Crow Airport,Old Crow,Old Crow,Canada,كندا,CA
YOG,Ogoki Post Airport,Ogoki Post Airport,Ogoki Post,Ogoki Post,Canada,كندا,CA
YOH,Oxford House Airport,Oxford House Airport,Oxford House,Oxford House,Canada,كندا,CA
YOJ,High Level Airport,High Level Airport,High Level,High Level,Canada,كندا,CA
YOL,Yola Airport,مطار يولا,Yola,يولا,Nigeria,نيجيريا,NG
YON,Yongphulla Airport,Yongphulla Airport,Yongphulla,Yongphulla,Bhutan,بوتان,BT
YOW,Ottawa Macdonald-Cartier International Airport,Ottawa Macdonald-Cartier International Airport,Ottawa,أوتاوا,Canada,كندا,CA
YPA,Prince Albert Glass Field,Prince Albert Glass Field,Prince Albert,Prince Albert,Canada,كندا,CA
YPC,Paulatuk (Nora Aliqatchialuk Ruben) Airport,Paulatuk (Nora Aliqatchialuk Ruben) Airport,Paulatuk,Paulatuk,Canada,كندا,CA
YPE,Peace River Airport,Peace River Airport,Peace River,Peace River,Canada,كندا,CA
YPH,Inukjuak Airport,Inukjuak Airport,Inukjuak,Inukjuak,Canada,كندا,CA
YPJ,Aupaluk Airport,Aupaluk Airport,Aupaluk,Aupaluk,Canada,كندا,CA
YPL,Pickle Lake Airport,Pickle Lake Airport,Pickle Lake,Pickle Lake,Canada,كندا,CA
YPM,Pikangikum Airport,Pikangikum Airport,Pikangikum,Pikangikum,Canada,كندا,CA
YPN,Port-Menier Airport,Port-Menier Airport,Port-Menier,Port-Menier,Canada,كندا,CA
YPO,Peawanuck Airport,Peawanuck Airport,Peawanuck,Peawanuck,Canada,كندا,CA
YPQ,Peterborough Regional Airport,Peterborough Regional Airport,Peterborough,بيتيربوروغ,Canada,كندا,CA
YPR,Prince Rupert Airport,مطار الأمير روبرت,Prince Rupert,برينس روبيرت، كولومبيا البريطانية,Canada,كندا,CA
YPW,Powell River Airport,Powell River Airport,Powell River,Powell River,Canada,كندا,CA
YPX,Puvirnituq Airport,Puvirnituq Airport,Puvirnituq,Puvirnituq,Canada,كندا,CA
YPY,Fort Chipewyan Airport,Fort Chipewyan Airport,Fort Chipewyan,Fort Chipewyan,Canada,كندا,CA
YPZ,Burns Lake Airport,Burns Lake Airport,Burns Lake,Burns Lake,Canada,كندا,CA
YQA,Muskoka Airport,Muskoka Airport,Gravenhurst,Gravenhurst,Canada,كندا,CA
YQB,Quebec Jean Lesage International Airport,Quebec Jean Lesage International Airport,Quebec,مدينة كبك,Canada,كندا,CA
YQC,Quaqtaq Airport,Quaqtaq Airport,Quaqtaq,كاقاتاك,Canada,كندا,CA
YQD,The Pas Airport,The Pas Airport,The Pas,The Pas,Canada,كندا,CA
YQG,Windsor International Airport,Windsor International Airport,Windsor,وندسور,Canada,كندا,CA
YQH,Watson Lake Airport,Watson Lake Airport,Watson Lake,Watson Lake,Canada,كندا,CA
YQK,Kenora Airport,Kenora Airport,Kenora,كينورا,Canada,كندا,CA
YQL,Lethbridge County Airport,Lethbridge County Airport,Lethbridge,ليثبريدج,Canada,كندا,CA
YQM,Greater Moncton Roméo LeBlanc International Airport,Greater Moncton Roméo LeBlanc International Airport,Moncton,مونكتون,Canada,كندا,CA
YQN,Nakina Airport,Nakina Airport,Nakina,Nakina,Canada,كندا,CA
YQQ,Comox Valley International Airport / CFB Comox,Comox Valley International Airport / CFB Comox,Comox,Comox,Canada,كندا,CA
YQR,Regina International Airport,مطار ريجاينا الدولي,Regina,ريجاينا,Canada,كندا,CA
YQT,Thunder Bay International Airport,Thunder Bay International Airport,Thunder Bay,ثاندر باي,Canada,كندا,CA
YQU,Grande Prairie Airport,Grande Prairie Airport,Grande Prairie,Grande Prairie,Canada,كندا,CA
YQX,Gander International Airport,Gander International Airport,Gander,غاندر,Canada,كندا,CA
YQY,Sydney / J.A. Douglas McCurdy Airport,Sydney / J.A. Douglas McCurdy Airport,Sydney,سيدني,Canada,كندا,CA
YQZ,Quesnel Airport,Quesnel Airport,Quesnel,Quesnel,Canada,كندا,CA
YRA,Rae Lakes Airport,Rae Lakes Airport,Gamètì,Gamètì,Canada,كندا,CA
YRB,Resolute Bay Airport,Resolute Bay Airport,Resolute Bay,قرية ريزولوت,Canada,كندا,CA
YRF,Cartwright Airport,Cartwright Airport,Cartwright,Cartwright,Canada,كندا,CA
YRG,Rigolet Airport,Rigolet Airport,Rigolet,Rigolet,Canada,كندا,CA
YRJ,Roberval Airport,Roberval Airport,Roberval,روبيرفال,Canada,كندا,CA
YRL,Red Lake Airport,Red Lake Airport,Red Lake,البحيرة الحمراء,Canada,كندا,CA
YRO,Ottawa / Rockcliffe Airport,Ottawa / Rockcliffe Airport,Ottawa,Ottawa,Canada,كندا,CA
YRS,Red Sucker Lake Airport,Red Sucker Lake Airport,Red Sucker Lake,Red Sucker Lake,Canada,كندا,CA
YRT,Rankin Inlet Airport,Rankin Inlet Airport,Rankin Inlet,رانكين إنلات,Canada,كندا,CA
YSB,Sudbury Airport,Sudbury Airport,Sudbury,غريتر سودبوري,Canada,كندا,CA
YSF,Stony Rapids Airport,Stony Rapids Airport,Stony Rapids,Stony Rapids,Canada,كندا,CA
YSG,Lutselk'e Airport,Lutselk'e Airport,Lutselk'e,Lutselk'e,Canada,كندا,CA
YSJ,Saint John Airport,مطار سانت جون,Saint John,سانت جون، كندا,Canada,كندا,CA
YSK,Sanikiluaq Airport,Sanikiluaq Airport,Sanikiluaq,Sanikiluaq,Canada,كندا,CA
YSM,Fort Smith Airport,Fort Smith Airport,Fort Smith,Fort Smith,Canada,كندا,CA
YSO,Postville Airport,Postville Airport,Postville,Postville,Canada,كندا,CA
YSQ,Songyuan Chaganhu Airport,Songyuan Chaganhu Airport,Qian Gorlos Mongol Autonomous County,سونغيوان,China,الصين,CN
YST,St. Theresa Point Airport,St. Theresa Point Airport,St. Theresa Point,St. Theresa Point,Canada,كندا,CA
YSY,Sachs Harbour (David Nasogaluak Jr. Saaryuaq) Airport,Sachs Harbour (David Nasogaluak Jr. Saaryuaq) Airport,Sachs Harbour,ميناء ساكس,Canada,كندا,CA
YTE,Cape Dorset Airport,Cape Dorset Airport,Kinngait,Kinngait,Canada,كندا,CA
YTH,Thompson Airport,Thompson Airport,Thompson,تومبسون,Canada,كندا,CA
YTL,Big Trout Lake Airport,Big Trout Lake Airport,Big Trout Lake,Big Trout Lake,Canada,كندا,CA
YTQ,Tasiujaq Airport,Tasiujaq Airport,Tasiujaq,Tasiujaq,Canada,كندا,CA
YTS,Timmins/Victor M. Power,Timmins/Victor M. Power,Timmins,تيمينز,Canada,كندا,CA
YTW,Yutian Wanfang Airport,Yutian Wanfang Airport,Hotan (Yutian),Hotan (Yutian),China,الصين,CN
YTY,Yangzhou Taizhou Airport,مطار يانغزهو تايزهو,Yangzhou,تايتشو,China,الصين,CN
YTZ,Billy Bishop Toronto City Airport,Billy Bishop Toronto City Airport,Toronto,تورونتو,Canada,كندا,CA
YUD,Umiujaq Airport,Umiujaq Airport,Umiujaq,Umiujaq,Canada,كندا,CA
YUL,Montréal–Trudeau International Airport,مطار مونتريال ترودو الدولي,Montréal,مونتريال,Canada,كندا,CA
YUM,Yuma International Airport / Marine Corps Air Station Yuma,Yuma International Airport / Marine Corps Air Station Yuma,Yuma,سان لويس,United States,الولايات المتحدة,US
YUS,Yushu Batang Airport,مطار يوشهو باتانغ,Yushu (Batang),يوشو,China,الصين,CN
YUT,Naujaat Airport,Naujaat Airport,Repulse Bay,نوجات,Canada,كندا,CA
YUX,Hall Beach Airport,Hall Beach Airport,Sanirajak,Sanirajak,Canada,كندا,CA
YUY,Rouyn Noranda Airport,Rouyn Noranda Airport,Rouyn-Noranda,رووان نوراندا,Canada,كندا,CA
YVB,Bonaventure Airport,Bonaventure Airport,Bonaventure,بونأفنتور,Canada,كندا,CA
YVC,La Ronge Airport,La Ronge Airport,La Ronge,La Ronge,Canada,كندا,CA
YVM,Qikiqtarjuaq Airport,Qikiqtarjuaq Airport,Qikiqtarjuaq,كيكيكتارجواك,Canada,كندا,CA
YVO,Val-d'Or Airport,Val-d'Or Airport,Val-d'Or,فال دور,Canada,كندا,CA
YVP,Kuujjuaq Airport,Kuujjuaq Airport,Kuujjuaq,كوجواك,Canada,كندا,CA
YVQ,Norman Wells Airport,Norman Wells Airport,Norman Wells,Norman Wells,Canada,كندا,CA
YVR,Vancouver International Airport,مطار فانكوفر الدولي,Vancouver,فانكوفر,Canada,كندا,CA
YVV,Wiarton Airport,Wiarton Airport,Wiarton,Wiarton,Canada,كندا,CA
YVZ,Deer Lake Airport,Deer Lake Airport,Deer Lake,Deer Lake,Canada,كندا,CA
YWB,Kangiqsujuaq (Wakeham Bay) Airport,Kangiqsujuaq (Wakeham Bay) Airport,Kangiqsujuaq,كانجيكسوجواك,Canada,كندا,CA
YWG,Winnipeg / James Armstrong Richardson International Airport,Winnipeg / James Armstrong Richardson International Airport,Winnipeg,وينيبيغ,Canada,كندا,CA
YWJ,Déline Airport,Déline Airport,Déline,Déline,Canada,كندا,CA
YWK,Wabush Airport,Wabush Airport,Wabush,Wabush,Canada,كندا,CA
YWL,Williams Lake Airport,Williams Lake Airport,Williams Lake,Williams Lake,Canada,كندا,CA
YWM,Williams Harbour Airport,Williams Harbour Airport,Williams Harbour,Williams Harbour,Canada,كندا,CA
YWP,Webequie Airport,Webequie Airport,Webequie,Webequie,Canada,كندا,CA
YXC,Cranbrook/Canadian Rockies International Airport,Cranbrook/Canadian Rockies International Airport,Cranbrook,Cranbrook,Canada,كندا,CA
YXE,Saskatoon John G. Diefenbaker International Airport,Saskatoon John G. Diefenbaker International Airport,Saskatoon,ساسكاتون,Canada,كندا,CA
YXH,Medicine Hat Regional Airport,Medicine Hat Regional Airport,Medicine Hat,مدسين هات,Canada,كندا,CA
YXJ,Fort St John / North Peace Regional Airport,Fort St John / North Peace Regional Airport,Fort Saint John,فورت سانت جون، كولومبيا البريطانية,Canada,كندا,CA
YXL,Sioux Lookout Airport,Sioux Lookout Airport,Sioux Lookout,Sioux Lookout,Canada,كندا,CA
YXN,Whale Cove Airport,Whale Cove Airport,Whale Cove,ويل كوف,Canada,كندا,CA
YXP,Pangnirtung Airport,Pangnirtung Airport,Pangnirtung,Pangnirtung,Canada,كندا,CA
YXS,Prince George (International) Airport,مطار برنس جورج,Prince George,برينس جورج، كولومبيا البريطانية,Canada,كندا,CA
YXT,Northwest Regional Airport Terrace-Kitimat,Northwest Regional Airport Terrace-Kitimat,Terrace,تيراس، كولومبيا البريطانية,Canada,كندا,CA
YXU,London International Airport,مطار لندن الدولي,London,لندن,Canada,كندا,CA
YXX,Abbotsford International Airport,مطار أبوتسفورد الدولي,Abbotsford,أبوتسفورد، كولومبيا البريطانية,Canada,كندا,CA
YXY,Whitehorse / Erik Nielsen International Airport,Whitehorse / Erik Nielsen International Airport,Whitehorse,وايت هورس,Canada,كندا,CA
YYA,Yueyang Sanhe Airport,مطار يويانغ,Yueyang (Yueyanglou),يوييانغ,China,الصين,CN
YYB,North Bay Jack Garland Airport,North Bay Jack Garland Airport,North Bay,نورث بي,Canada,كندا,CA
YYC,Calgary International Airport,مطار كالغاري الدولي,Calgary,كالغاري,Canada,كندا,CA
YYD,Smithers Airport,Smithers Airport,Smithers,Smithers,Canada,كندا,CA
YYE,Fort Nelson Airport,Fort Nelson Airport,Fort Nelson,Fort Nelson,Canada,كندا,CA
YYF,Penticton Airport,Penticton Airport,Penticton,أوكاناغان-سيميلكامين دي، كولومبيا البريطانية,Canada,كندا,CA
YYG,Charlottetown Airport,مطار شارلوت تاون,Charlottetown,شارلوت تاون,Canada,كندا,CA
YYH,Taloyoak Airport,Taloyoak Airport,Taloyoak,Taloyoak,Canada,كندا,CA
YYJ,Victoria International Airport,Victoria International Airport,Victoria,فكتوريا، كولومبيا البريطانية,Canada,كندا,CA
YYL,Lynn Lake Airport,Lynn Lake Airport,Lynn Lake,Lynn Lake,Canada,كندا,CA
YYQ,Churchill Airport,Churchill Airport,Churchill,تشرشل,Canada,كندا,CA
YYR,Goose Bay Airport,Goose Bay Airport,Goose Bay,Goose Bay,Canada,كندا,CA
YYT,St. John's International Airport,St. John's International Airport,St. John's,سانت جونز,Canada,كندا,CA
YYY,Mont Joli Airport,Mont Joli Airport,Mont-Joli,مونت جولي,Canada,كندا,CA
YYZ,Toronto Pearson International Airport,مطار تورونتو بيرسون الدولي,Toronto,تورونتو,Canada,كندا,CA
YZF,Yellowknife International Airport,Yellowknife International Airport,Yellowknife,يلونايف,Canada,كندا,CA
YZG,Salluit Airport,Salluit Airport,Salluit,سالاويت,Canada,كندا,CA
YZP,Sandspit Airport,Sandspit Airport,Sandspit,Sandspit,Canada,كندا,CA
YZS,Coral Harbour Airport,Coral Harbour Airport,Coral Harbour,كورال هاربور,Canada,كندا,CA
YZT,Port Hardy Airport,Port Hardy Airport,Port Hardy,Port Hardy,Canada,كندا,CA
YZU,Whitecourt Airport,Whitecourt Airport,Whitecourt,Whitecourt,Canada,كندا,CA
YZV,Sept-Îles Airport,Sept-Îles Airport,Sept-Îles,سات إيل,Canada,كندا,CA
YZY,Zhangye Ganzhou Airport,مطار تشانغيه قانتشو,Zhangye (Ganzhou),زهانغي,China,الصين,CN
YZZ,Trail Regional Airport,Trail Regional Airport,Trail,Trail,Canada,كندا,CA
ZAD,Zadar Airport,مطار زادار,Zadar,زادار,Croatia,كرواتيا,HR
ZAG,Franjo Tuđman Airport,مطار فرانيو تودمان,Zagreb,زغرب,Croatia,كرواتيا,HR
ZAH,Zahedan International Airport,مطار زاهدان الدولي,Zahedan,زاهدان,Iran,إيران,IR
ZAL,Pichoy Airport,Pichoy Airport,Valdivia,فالديفيا,Chile,تشيلي,CL
ZAM,Zamboanga International Airport,مطار زامبوانجا الدولي,Zamboanga,مدينة زامبوانجا,Philippines,الفلبين,PH
ZAT,Zhaotong Zhaoyang Airport,مطار زاهوتونغ,Zhaotong,تشاوتونغ,China,الصين,CN
ZAZ,Zaragoza Airport,مطار سرقسطة,Zaragoza,سرقسطة,Spain,إسبانيا,ES
ZBF,Bathurst Airport,Bathurst Airport,South Tetagouche,باثرست,Canada,كندا,CA
ZBR,Chabahar Konarak International Airport,Chabahar Konarak International Airport,Konarak,جابهار,Iran,إيران,IR
ZCL,General Leobardo C. Ruiz International Airport,General Leobardo C. Ruiz International Airport,Zacatecas,زاكاتيكاس,Mexico,المكسيك,MX
ZCO,La Araucanía International Airport,La Araucanía International Airport,Temuco,تيموكو,Chile,تشيلي,CL
ZDY,Delma Airport,مطار جزيرة دلما,Delma Island,جزيرة دلما,United Arab Emirates,الإمارات,AE
ZEL,Bella Bella (Campbell Island) Airport,Bella Bella (Campbell Island) Airport,Bella Bella,بيلا بيلا,Canada,كندا,CA
ZEM,Eastmain River Airport,Eastmain River Airport,Eastmain River,Eastmain River,Canada,كندا,CA
ZFD,Fond-du-Lac Airport,Fond-du-Lac Airport,Fond-du-Lac,Fond-du-Lac,Canada,كندا,CA
ZFL,Zhaosu Tianma Airport,Zhaosu Tianma Airport,Zhaosu,Zhaosu,China,الصين,CN
ZFM,Fort Mcpherson Airport,Fort Mcpherson Airport,Fort Mcpherson,Fort Mcpherson,Canada,كندا,CA
ZFN,Tulita Airport,Tulita Airport,Tulita,Tulita,Canada,كندا,CA
ZGI,Gods River Airport,Gods River Airport,Gods River,Gods River,Canada,كندا,CA
ZGS,La Romaine Airport,La Romaine Airport,Le Golfe-du-Saint-Laurent,لا رومانيه,Canada,كندا,CA
ZHA,Zhanjiang Wuchuan International Airport,مطار تشانجيانغ,Zhanjiang,زانجيانغ,China,الصين,CN
ZHY,Zhongwei Shapotou Airport,مطار تشونغوي شابوتو,Zhongwei (Shapotou),تشونغ وى,China,الصين,CN
ZIA,Zhukovsky International Airport,مطار جوكوفسكي الدولي,Moscow,موسكو,Russia,روسيا,RU
ZIG,Ziguinchor Airport,مطار زيغينشور,Ziguinchor,زيغنشور,Senegal,السنغال,SN
ZIH,Ixtapa-Zihuatanejo International Airport,Ixtapa-Zihuatanejo International Airport,Ixtapa,Ixtapa,Mexico,المكسيك,MX
ZIX,Zhigansk Airport,Zhigansk Airport,Zhigansk,جيغانسك,Russia,روسيا,RU
ZKE,Kashechewan Airport,Kashechewan Airport,Kashechewan,Kashechewan,Canada,كندا,CA
ZKP,Zyryanka Airport,Zyryanka Airport,Zyryanka,زيريانكا,Russia,روسيا,RU
ZLO,Playa de Oro International Airport,Playa de Oro International Airport,Manzanillo,مانزانيلو,Mexico,المكسيك,MX
ZLT,La Tabatière Airport,La Tabatière Airport,La Tabatière,غروميكاتينا,Canada,كندا,CA
ZMT,Masset Airport,Masset Airport,Masset,Masset,Canada,كندا,CA
ZND,Zinder Airport,مطار زندر,Zinder,زندر,Niger,النيجر,NE
ZNE,Newman Airport,Newman Airport,Newman,Newman,Australia,أستراليا,AU
ZNZ,Abeid Amani Karume International Airport,مطار عبيد أماني كرومي الدولي,Zanzibar,زنجبار,Tanzania,تنزانيا,TZ
ZOS,Cañal Bajo Carlos Hott Siebert Airport,Cañal Bajo Carlos Hott Siebert Airport,Osorno,أوسورنو,Chile,تشيلي,CL
ZPB,Sachigo Lake Airport,Sachigo Lake Airport,Sachigo Lake,Sachigo Lake,Canada,كندا,CA
ZPC,Pucón Airport,Pucón Airport,Pucon,بوكون,Chile,تشيلي,CL
ZQN,Queenstown Airport,مطار كوينزتاون,Queenstown,كوينزتاون,New Zealand,نيوزيلندا,NZ
ZQZ,Zhangjiakou Ningyuan Airport,مطار تشانغجياكو نينغيوان,Zhangjiakou,تشانغجياكو,China,الصين,CN
ZRH,Zurich Airport,مطار زيورخ,Zurich,زيورخ,Switzerland,سويسرا,CH
ZRJ,Round Lake (Weagamow Lake) Airport,Round Lake (Weagamow Lake) Airport,Round Lake,Round Lake,Canada,كندا,CA
ZSA,San Salvador International Airport,San Salvador International Airport,San Salvador,جزيرة سان سلفادور,Bahamas,جزر البهاما,BS
ZSE,Saint-Pierre Pierrefonds Airport,Saint-Pierre Pierrefonds Airport,Saint-Pierre,سان بيير,Réunion,روينيون,RE
ZSJ,Sandy Lake Airport,Sandy Lake Airport,Sandy Lake,Sandy Lake,Canada,كندا,CA
ZTB,Tête-à-la-Baleine Airport,Tête-à-la-Baleine Airport,Tête-à-la-Baleine,Tête-à-la-Baleine,Canada,كندا,CA
ZTH,Zakynthos International Airport Dionysios Solomos,مطار زاكينثوس الدولي,Zakynthos,زاكينثوس,Greece,اليونان,GR
ZTM,Shamattawa Airport,Shamattawa Airport,Shamattawa,شاماتاوا,Canada,كندا,CA
ZUH,Zhuhai Jinwan Airport,مطار تشوهاى جينوان,Zhuhai (Jinwan),زوهاي,China,الصين,CN
ZUM,Churchill Falls Airport,Churchill Falls Airport,Churchill Falls,Churchill Falls,Canada,كندا,CA
ZWL,Wollaston Lake Airport,Wollaston Lake Airport,Wollaston Lake,Wollaston Lake,Canada,كندا,CA
ZYI,Zunyi Xinzhou Airport,مطار زوني شينزهو,Zunyi,زونيي,China,الصين,CN
ZYL,Osmany International Airport,مطار عثماني الدولي,Sylhet,سلهت,Bangladesh,بنغلاديش,BD
